lig1,lig2,Label,Label1,Label2,dir_1,dir_2,pre
ligand_0.pkl,ligand_0.pkl,0.0,0.0,0.0,d:\PBCNet2.0\case\proQ\pickles\ligand_0.pkl,d:\PBCNet2.0\case\proQ\pickles\ligand_0.pkl,-0.07973191887140274
ligand_0.pkl,ligand_1.pkl,0.0,0.0,0.0,d:\PBCNet2.0\case\proQ\pickles\ligand_0.pkl,d:\PBCNet2.0\case\proQ\pickles\ligand_1.pkl,0.867108166217804
ligand_0.pkl,ligand_10.pkl,0.0,0.0,0.0,d:\PBCNet2.0\case\proQ\pickles\ligand_0.pkl,d:\PBCNet2.0\case\proQ\pickles\ligand_10.pkl,0.9030007123947144
ligand_0.pkl,ligand_100.pkl,0.0,0.0,0.0,d:\PBCNet2.0\case\proQ\pickles\ligand_0.pkl,d:\PBCNet2.0\case\proQ\pickles\ligand_100.pkl,0.91717529296875
ligand_0.pkl,ligand_1000.pkl,0.0,0.0,0.0,d:\PBCNet2.0\case\proQ\pickles\ligand_0.pkl,d:\PBCNet2.0\case\proQ\pickles\ligand_1000.pkl,0.8848512172698975
ligand_0.pkl,ligand_1001.pkl,0.0,0.0,0.0,d:\PBCNet2.0\case\proQ\pickles\ligand_0.pkl,d:\PBCNet2.0\case\proQ\pickles\ligand_1001.pkl,0.9678772687911987
ligand_0.pkl,ligand_1002.pkl,0.0,0.0,0.0,d:\PBCNet2.0\case\proQ\pickles\ligand_0.pkl,d:\PBCNet2.0\case\proQ\pickles\ligand_1002.pkl,0.8975528478622437
ligand_0.pkl,ligand_1003.pkl,0.0,0.0,0.0,d:\PBCNet2.0\case\proQ\pickles\ligand_0.pkl,d:\PBCNet2.0\case\proQ\pickles\ligand_1003.pkl,1.0078601837158203
ligand_0.pkl,ligand_1004.pkl,0.0,0.0,0.0,d:\PBCNet2.0\case\proQ\pickles\ligand_0.pkl,d:\PBCNet2.0\case\proQ\pickles\ligand_1004.pkl,0.951626181602478
ligand_0.pkl,ligand_1005.pkl,0.0,0.0,0.0,d:\PBCNet2.0\case\proQ\pickles\ligand_0.pkl,d:\PBCNet2.0\case\proQ\pickles\ligand_1005.pkl,0.9124183654785156
ligand_0.pkl,ligand_1006.pkl,0.0,0.0,0.0,d:\PBCNet2.0\case\proQ\pickles\ligand_0.pkl,d:\PBCNet2.0\case\proQ\pickles\ligand_1006.pkl,0.9885755777359009
ligand_0.pkl,ligand_1007.pkl,0.0,0.0,0.0,d:\PBCNet2.0\case\proQ\pickles\ligand_0.pkl,d:\PBCNet2.0\case\proQ\pickles\ligand_1007.pkl,1.01119863986969
ligand_0.pkl,ligand_1008.pkl,0.0,0.0,0.0,d:\PBCNet2.0\case\proQ\pickles\ligand_0.pkl,d:\PBCNet2.0\case\proQ\pickles\ligand_1008.pkl,0.9988011121749878
ligand_0.pkl,ligand_1009.pkl,0.0,0.0,0.0,d:\PBCNet2.0\case\proQ\pickles\ligand_0.pkl,d:\PBCNet2.0\case\proQ\pickles\ligand_1009.pkl,1.0079059600830078
ligand_0.pkl,ligand_101.pkl,0.0,0.0,0.0,d:\PBCNet2.0\case\proQ\pickles\ligand_0.pkl,d:\PBCNet2.0\case\proQ\pickles\ligand_101.pkl,0.9419358968734741
ligand_0.pkl,ligand_1010.pkl,0.0,0.0,0.0,d:\PBCNet2.0\case\proQ\pickles\ligand_0.pkl,d:\PBCNet2.0\case\proQ\pickles\ligand_1010.pkl,0.8552923202514648
ligand_0.pkl,ligand_1011.pkl,0.0,0.0,0.0,d:\PBCNet2.0\case\proQ\pickles\ligand_0.pkl,d:\PBCNet2.0\case\proQ\pickles\ligand_1011.pkl,0.9023336172103882
ligand_0.pkl,ligand_1012.pkl,0.0,0.0,0.0,d:\PBCNet2.0\case\proQ\pickles\ligand_0.pkl,d:\PBCNet2.0\case\proQ\pickles\ligand_1012.pkl,0.9602421522140503
ligand_0.pkl,ligand_1013.pkl,0.0,0.0,0.0,d:\PBCNet2.0\case\proQ\pickles\ligand_0.pkl,d:\PBCNet2.0\case\proQ\pickles\ligand_1013.pkl,0.8381774425506592
ligand_0.pkl,ligand_1014.pkl,0.0,0.0,0.0,d:\PBCNet2.0\case\proQ\pickles\ligand_0.pkl,d:\PBCNet2.0\case\proQ\pickles\ligand_1014.pkl,1.0131447315216064
ligand_0.pkl,ligand_1015.pkl,0.0,0.0,0.0,d:\PBCNet2.0\case\proQ\pickles\ligand_0.pkl,d:\PBCNet2.0\case\proQ\pickles\ligand_1015.pkl,0.9154113531112671
ligand_0.pkl,ligand_1016.pkl,0.0,0.0,0.0,d:\PBCNet2.0\case\proQ\pickles\ligand_0.pkl,d:\PBCNet2.0\case\proQ\pickles\ligand_1016.pkl,1.0389564037322998
ligand_0.pkl,ligand_1017.pkl,0.0,0.0,0.0,d:\PBCNet2.0\case\proQ\pickles\ligand_0.pkl,d:\PBCNet2.0\case\proQ\pickles\ligand_1017.pkl,0.9116700887680054
ligand_0.pkl,ligand_1018.pkl,0.0,0.0,0.0,d:\PBCNet2.0\case\proQ\pickles\ligand_0.pkl,d:\PBCNet2.0\case\proQ\pickles\ligand_1018.pkl,1.0089154243469238
ligand_0.pkl,ligand_1019.pkl,0.0,0.0,0.0,d:\PBCNet2.0\case\proQ\pickles\ligand_0.pkl,d:\PBCNet2.0\case\proQ\pickles\ligand_1019.pkl,0.889190673828125
ligand_0.pkl,ligand_102.pkl,0.0,0.0,0.0,d:\PBCNet2.0\case\proQ\pickles\ligand_0.pkl,d:\PBCNet2.0\case\proQ\pickles\ligand_102.pkl,0.9549785852432251
ligand_0.pkl,ligand_1020.pkl,0.0,0.0,0.0,d:\PBCNet2.0\case\proQ\pickles\ligand_0.pkl,d:\PBCNet2.0\case\proQ\pickles\ligand_1020.pkl,0.8995027542114258
ligand_0.pkl,ligand_1021.pkl,0.0,0.0,0.0,d:\PBCNet2.0\case\proQ\pickles\ligand_0.pkl,d:\PBCNet2.0\case\proQ\pickles\ligand_1021.pkl,0.9387375116348267
ligand_0.pkl,ligand_1022.pkl,0.0,0.0,0.0,d:\PBCNet2.0\case\proQ\pickles\ligand_0.pkl,d:\PBCNet2.0\case\proQ\pickles\ligand_1022.pkl,0.8118827939033508
ligand_0.pkl,ligand_1023.pkl,0.0,0.0,0.0,d:\PBCNet2.0\case\proQ\pickles\ligand_0.pkl,d:\PBCNet2.0\case\proQ\pickles\ligand_1023.pkl,0.9510376453399658
ligand_0.pkl,ligand_1024.pkl,0.0,0.0,0.0,d:\PBCNet2.0\case\proQ\pickles\ligand_0.pkl,d:\PBCNet2.0\case\proQ\pickles\ligand_1024.pkl,1.0491684675216675
ligand_0.pkl,ligand_1025.pkl,0.0,0.0,0.0,d:\PBCNet2.0\case\proQ\pickles\ligand_0.pkl,d:\PBCNet2.0\case\proQ\pickles\ligand_1025.pkl,0.920524001121521
ligand_0.pkl,ligand_1026.pkl,0.0,0.0,0.0,d:\PBCNet2.0\case\proQ\pickles\ligand_0.pkl,d:\PBCNet2.0\case\proQ\pickles\ligand_1026.pkl,0.9508357048034668
ligand_0.pkl,ligand_1027.pkl,0.0,0.0,0.0,d:\PBCNet2.0\case\proQ\pickles\ligand_0.pkl,d:\PBCNet2.0\case\proQ\pickles\ligand_1027.pkl,0.9045575857162476
ligand_0.pkl,ligand_1028.pkl,0.0,0.0,0.0,d:\PBCNet2.0\case\proQ\pickles\ligand_0.pkl,d:\PBCNet2.0\case\proQ\pickles\ligand_1028.pkl,0.8840541839599609
ligand_0.pkl,ligand_1029.pkl,0.0,0.0,0.0,d:\PBCNet2.0\case\proQ\pickles\ligand_0.pkl,d:\PBCNet2.0\case\proQ\pickles\ligand_1029.pkl,0.8679170608520508
ligand_0.pkl,ligand_103.pkl,0.0,0.0,0.0,d:\PBCNet2.0\case\proQ\pickles\ligand_0.pkl,d:\PBCNet2.0\case\proQ\pickles\ligand_103.pkl,0.899955153465271
ligand_0.pkl,ligand_1030.pkl,0.0,0.0,0.0,d:\PBCNet2.0\case\proQ\pickles\ligand_0.pkl,d:\PBCNet2.0\case\proQ\pickles\ligand_1030.pkl,0.9237502813339233
ligand_0.pkl,ligand_1031.pkl,0.0,0.0,0.0,d:\PBCNet2.0\case\proQ\pickles\ligand_0.pkl,d:\PBCNet2.0\case\proQ\pickles\ligand_1031.pkl,0.844456672668457
ligand_0.pkl,ligand_1032.pkl,0.0,0.0,0.0,d:\PBCNet2.0\case\proQ\pickles\ligand_0.pkl,d:\PBCNet2.0\case\proQ\pickles\ligand_1032.pkl,1.0010241270065308
ligand_0.pkl,ligand_1033.pkl,0.0,0.0,0.0,d:\PBCNet2.0\case\proQ\pickles\ligand_0.pkl,d:\PBCNet2.0\case\proQ\pickles\ligand_1033.pkl,0.8245500326156616
ligand_0.pkl,ligand_1034.pkl,0.0,0.0,0.0,d:\PBCNet2.0\case\proQ\pickles\ligand_0.pkl,d:\PBCNet2.0\case\proQ\pickles\ligand_1034.pkl,0.9956086874008179
ligand_0.pkl,ligand_1035.pkl,0.0,0.0,0.0,d:\PBCNet2.0\case\proQ\pickles\ligand_0.pkl,d:\PBCNet2.0\case\proQ\pickles\ligand_1035.pkl,0.9300676584243774
ligand_0.pkl,ligand_1036.pkl,0.0,0.0,0.0,d:\PBCNet2.0\case\proQ\pickles\ligand_0.pkl,d:\PBCNet2.0\case\proQ\pickles\ligand_1036.pkl,0.991108775138855
ligand_0.pkl,ligand_1037.pkl,0.0,0.0,0.0,d:\PBCNet2.0\case\proQ\pickles\ligand_0.pkl,d:\PBCNet2.0\case\proQ\pickles\ligand_1037.pkl,0.8803949356079102
ligand_0.pkl,ligand_1038.pkl,0.0,0.0,0.0,d:\PBCNet2.0\case\proQ\pickles\ligand_0.pkl,d:\PBCNet2.0\case\proQ\pickles\ligand_1038.pkl,0.8483282923698425
ligand_0.pkl,ligand_1039.pkl,0.0,0.0,0.0,d:\PBCNet2.0\case\proQ\pickles\ligand_0.pkl,d:\PBCNet2.0\case\proQ\pickles\ligand_1039.pkl,0.9690309762954712
ligand_0.pkl,ligand_104.pkl,0.0,0.0,0.0,d:\PBCNet2.0\case\proQ\pickles\ligand_0.pkl,d:\PBCNet2.0\case\proQ\pickles\ligand_104.pkl,0.880271852016449
ligand_0.pkl,ligand_1040.pkl,0.0,0.0,0.0,d:\PBCNet2.0\case\proQ\pickles\ligand_0.pkl,d:\PBCNet2.0\case\proQ\pickles\ligand_1040.pkl,0.9236429929733276
ligand_0.pkl,ligand_1041.pkl,0.0,0.0,0.0,d:\PBCNet2.0\case\proQ\pickles\ligand_0.pkl,d:\PBCNet2.0\case\proQ\pickles\ligand_1041.pkl,0.8054219484329224
ligand_0.pkl,ligand_1042.pkl,0.0,0.0,0.0,d:\PBCNet2.0\case\proQ\pickles\ligand_0.pkl,d:\PBCNet2.0\case\proQ\pickles\ligand_1042.pkl,0.958631157875061
ligand_0.pkl,ligand_1043.pkl,0.0,0.0,0.0,d:\PBCNet2.0\case\proQ\pickles\ligand_0.pkl,d:\PBCNet2.0\case\proQ\pickles\ligand_1043.pkl,0.9789422750473022
ligand_0.pkl,ligand_1044.pkl,0.0,0.0,0.0,d:\PBCNet2.0\case\proQ\pickles\ligand_0.pkl,d:\PBCNet2.0\case\proQ\pickles\ligand_1044.pkl,0.9818140268325806
ligand_0.pkl,ligand_1045.pkl,0.0,0.0,0.0,d:\PBCNet2.0\case\proQ\pickles\ligand_0.pkl,d:\PBCNet2.0\case\proQ\pickles\ligand_1045.pkl,0.9202374219894409
ligand_0.pkl,ligand_1046.pkl,0.0,0.0,0.0,d:\PBCNet2.0\case\proQ\pickles\ligand_0.pkl,d:\PBCNet2.0\case\proQ\pickles\ligand_1046.pkl,0.9371775388717651
ligand_0.pkl,ligand_1047.pkl,0.0,0.0,0.0,d:\PBCNet2.0\case\proQ\pickles\ligand_0.pkl,d:\PBCNet2.0\case\proQ\pickles\ligand_1047.pkl,0.8607127666473389
ligand_0.pkl,ligand_1048.pkl,0.0,0.0,0.0,d:\PBCNet2.0\case\proQ\pickles\ligand_0.pkl,d:\PBCNet2.0\case\proQ\pickles\ligand_1048.pkl,0.940333366394043
ligand_0.pkl,ligand_1049.pkl,0.0,0.0,0.0,d:\PBCNet2.0\case\proQ\pickles\ligand_0.pkl,d:\PBCNet2.0\case\proQ\pickles\ligand_1049.pkl,0.9089864492416382
ligand_0.pkl,ligand_105.pkl,0.0,0.0,0.0,d:\PBCNet2.0\case\proQ\pickles\ligand_0.pkl,d:\PBCNet2.0\case\proQ\pickles\ligand_105.pkl,0.860148012638092
ligand_0.pkl,ligand_1050.pkl,0.0,0.0,0.0,d:\PBCNet2.0\case\proQ\pickles\ligand_0.pkl,d:\PBCNet2.0\case\proQ\pickles\ligand_1050.pkl,0.9354997873306274
ligand_0.pkl,ligand_1051.pkl,0.0,0.0,0.0,d:\PBCNet2.0\case\proQ\pickles\ligand_0.pkl,d:\PBCNet2.0\case\proQ\pickles\ligand_1051.pkl,0.8091946840286255
ligand_0.pkl,ligand_1052.pkl,0.0,0.0,0.0,d:\PBCNet2.0\case\proQ\pickles\ligand_0.pkl,d:\PBCNet2.0\case\proQ\pickles\ligand_1052.pkl,0.90723717212677
ligand_0.pkl,ligand_1053.pkl,0.0,0.0,0.0,d:\PBCNet2.0\case\proQ\pickles\ligand_0.pkl,d:\PBCNet2.0\case\proQ\pickles\ligand_1053.pkl,1.0075093507766724
ligand_0.pkl,ligand_1054.pkl,0.0,0.0,0.0,d:\PBCNet2.0\case\proQ\pickles\ligand_0.pkl,d:\PBCNet2.0\case\proQ\pickles\ligand_1054.pkl,0.980514407157898
ligand_0.pkl,ligand_1055.pkl,0.0,0.0,0.0,d:\PBCNet2.0\case\proQ\pickles\ligand_0.pkl,d:\PBCNet2.0\case\proQ\pickles\ligand_1055.pkl,0.9546955823898315
ligand_0.pkl,ligand_1056.pkl,0.0,0.0,0.0,d:\PBCNet2.0\case\proQ\pickles\ligand_0.pkl,d:\PBCNet2.0\case\proQ\pickles\ligand_1056.pkl,0.8234899044036865
ligand_0.pkl,ligand_1057.pkl,0.0,0.0,0.0,d:\PBCNet2.0\case\proQ\pickles\ligand_0.pkl,d:\PBCNet2.0\case\proQ\pickles\ligand_1057.pkl,0.8863412737846375
ligand_0.pkl,ligand_1058.pkl,0.0,0.0,0.0,d:\PBCNet2.0\case\proQ\pickles\ligand_0.pkl,d:\PBCNet2.0\case\proQ\pickles\ligand_1058.pkl,0.7660393714904785
ligand_0.pkl,ligand_1059.pkl,0.0,0.0,0.0,d:\PBCNet2.0\case\proQ\pickles\ligand_0.pkl,d:\PBCNet2.0\case\proQ\pickles\ligand_1059.pkl,0.9618583917617798
ligand_0.pkl,ligand_106.pkl,0.0,0.0,0.0,d:\PBCNet2.0\case\proQ\pickles\ligand_0.pkl,d:\PBCNet2.0\case\proQ\pickles\ligand_106.pkl,0.80251544713974
ligand_0.pkl,ligand_1060.pkl,0.0,0.0,0.0,d:\PBCNet2.0\case\proQ\pickles\ligand_0.pkl,d:\PBCNet2.0\case\proQ\pickles\ligand_1060.pkl,0.9038528203964233
ligand_0.pkl,ligand_1061.pkl,0.0,0.0,0.0,d:\PBCNet2.0\case\proQ\pickles\ligand_0.pkl,d:\PBCNet2.0\case\proQ\pickles\ligand_1061.pkl,1.1467686891555786
ligand_0.pkl,ligand_1062.pkl,0.0,0.0,0.0,d:\PBCNet2.0\case\proQ\pickles\ligand_0.pkl,d:\PBCNet2.0\case\proQ\pickles\ligand_1062.pkl,0.882109522819519
ligand_0.pkl,ligand_1063.pkl,0.0,0.0,0.0,d:\PBCNet2.0\case\proQ\pickles\ligand_0.pkl,d:\PBCNet2.0\case\proQ\pickles\ligand_1063.pkl,0.779102623462677
ligand_0.pkl,ligand_1064.pkl,0.0,0.0,0.0,d:\PBCNet2.0\case\proQ\pickles\ligand_0.pkl,d:\PBCNet2.0\case\proQ\pickles\ligand_1064.pkl,0.7477853894233704
ligand_0.pkl,ligand_1065.pkl,0.0,0.0,0.0,d:\PBCNet2.0\case\proQ\pickles\ligand_0.pkl,d:\PBCNet2.0\case\proQ\pickles\ligand_1065.pkl,0.9026157855987549
ligand_0.pkl,ligand_1066.pkl,0.0,0.0,0.0,d:\PBCNet2.0\case\proQ\pickles\ligand_0.pkl,d:\PBCNet2.0\case\proQ\pickles\ligand_1066.pkl,0.8466321229934692
ligand_0.pkl,ligand_1067.pkl,0.0,0.0,0.0,d:\PBCNet2.0\case\proQ\pickles\ligand_0.pkl,d:\PBCNet2.0\case\proQ\pickles\ligand_1067.pkl,0.7081806063652039
ligand_0.pkl,ligand_1068.pkl,0.0,0.0,0.0,d:\PBCNet2.0\case\proQ\pickles\ligand_0.pkl,d:\PBCNet2.0\case\proQ\pickles\ligand_1068.pkl,0.9242740869522095
ligand_0.pkl,ligand_1069.pkl,0.0,0.0,0.0,d:\PBCNet2.0\case\proQ\pickles\ligand_0.pkl,d:\PBCNet2.0\case\proQ\pickles\ligand_1069.pkl,0.9521541595458984
ligand_0.pkl,ligand_107.pkl,0.0,0.0,0.0,d:\PBCNet2.0\case\proQ\pickles\ligand_0.pkl,d:\PBCNet2.0\case\proQ\pickles\ligand_107.pkl,0.8255673050880432
ligand_0.pkl,ligand_1070.pkl,0.0,0.0,0.0,d:\PBCNet2.0\case\proQ\pickles\ligand_0.pkl,d:\PBCNet2.0\case\proQ\pickles\ligand_1070.pkl,0.9016081094741821
ligand_0.pkl,ligand_1071.pkl,0.0,0.0,0.0,d:\PBCNet2.0\case\proQ\pickles\ligand_0.pkl,d:\PBCNet2.0\case\proQ\pickles\ligand_1071.pkl,0.9579600095748901
ligand_0.pkl,ligand_1072.pkl,0.0,0.0,0.0,d:\PBCNet2.0\case\proQ\pickles\ligand_0.pkl,d:\PBCNet2.0\case\proQ\pickles\ligand_1072.pkl,0.8670825958251953
ligand_0.pkl,ligand_1073.pkl,0.0,0.0,0.0,d:\PBCNet2.0\case\proQ\pickles\ligand_0.pkl,d:\PBCNet2.0\case\proQ\pickles\ligand_1073.pkl,0.9258197546005249
ligand_0.pkl,ligand_1074.pkl,0.0,0.0,0.0,d:\PBCNet2.0\case\proQ\pickles\ligand_0.pkl,d:\PBCNet2.0\case\proQ\pickles\ligand_1074.pkl,0.9591423273086548
ligand_0.pkl,ligand_1075.pkl,0.0,0.0,0.0,d:\PBCNet2.0\case\proQ\pickles\ligand_0.pkl,d:\PBCNet2.0\case\proQ\pickles\ligand_1075.pkl,0.9100590944290161
ligand_0.pkl,ligand_1076.pkl,0.0,0.0,0.0,d:\PBCNet2.0\case\proQ\pickles\ligand_0.pkl,d:\PBCNet2.0\case\proQ\pickles\ligand_1076.pkl,0.9656400680541992
ligand_0.pkl,ligand_1077.pkl,0.0,0.0,0.0,d:\PBCNet2.0\case\proQ\pickles\ligand_0.pkl,d:\PBCNet2.0\case\proQ\pickles\ligand_1077.pkl,0.8841907978057861
ligand_0.pkl,ligand_1078.pkl,0.0,0.0,0.0,d:\PBCNet2.0\case\proQ\pickles\ligand_0.pkl,d:\PBCNet2.0\case\proQ\pickles\ligand_1078.pkl,0.8781238198280334
ligand_0.pkl,ligand_1079.pkl,0.0,0.0,0.0,d:\PBCNet2.0\case\proQ\pickles\ligand_0.pkl,d:\PBCNet2.0\case\proQ\pickles\ligand_1079.pkl,0.838874876499176
ligand_0.pkl,ligand_108.pkl,0.0,0.0,0.0,d:\PBCNet2.0\case\proQ\pickles\ligand_0.pkl,d:\PBCNet2.0\case\proQ\pickles\ligand_108.pkl,1.0058529376983643
ligand_0.pkl,ligand_1080.pkl,0.0,0.0,0.0,d:\PBCNet2.0\case\proQ\pickles\ligand_0.pkl,d:\PBCNet2.0\case\proQ\pickles\ligand_1080.pkl,0.9711850881576538
ligand_0.pkl,ligand_1081.pkl,0.0,0.0,0.0,d:\PBCNet2.0\case\proQ\pickles\ligand_0.pkl,d:\PBCNet2.0\case\proQ\pickles\ligand_1081.pkl,0.8679400682449341
ligand_0.pkl,ligand_1082.pkl,0.0,0.0,0.0,d:\PBCNet2.0\case\proQ\pickles\ligand_0.pkl,d:\PBCNet2.0\case\proQ\pickles\ligand_1082.pkl,0.9325824975967407
ligand_0.pkl,ligand_1083.pkl,0.0,0.0,0.0,d:\PBCNet2.0\case\proQ\pickles\ligand_0.pkl,d:\PBCNet2.0\case\proQ\pickles\ligand_1083.pkl,0.8203116655349731
ligand_0.pkl,ligand_1084.pkl,0.0,0.0,0.0,d:\PBCNet2.0\case\proQ\pickles\ligand_0.pkl,d:\PBCNet2.0\case\proQ\pickles\ligand_1084.pkl,1.0007797479629517
ligand_0.pkl,ligand_1085.pkl,0.0,0.0,0.0,d:\PBCNet2.0\case\proQ\pickles\ligand_0.pkl,d:\PBCNet2.0\case\proQ\pickles\ligand_1085.pkl,0.9998797178268433
ligand_0.pkl,ligand_1086.pkl,0.0,0.0,0.0,d:\PBCNet2.0\case\proQ\pickles\ligand_0.pkl,d:\PBCNet2.0\case\proQ\pickles\ligand_1086.pkl,0.9253275394439697
ligand_0.pkl,ligand_1087.pkl,0.0,0.0,0.0,d:\PBCNet2.0\case\proQ\pickles\ligand_0.pkl,d:\PBCNet2.0\case\proQ\pickles\ligand_1087.pkl,0.8958358764648438
ligand_0.pkl,ligand_1088.pkl,0.0,0.0,0.0,d:\PBCNet2.0\case\proQ\pickles\ligand_0.pkl,d:\PBCNet2.0\case\proQ\pickles\ligand_1088.pkl,0.9139245748519897
ligand_0.pkl,ligand_1089.pkl,0.0,0.0,0.0,d:\PBCNet2.0\case\proQ\pickles\ligand_0.pkl,d:\PBCNet2.0\case\proQ\pickles\ligand_1089.pkl,0.9147189855575562
ligand_0.pkl,ligand_109.pkl,0.0,0.0,0.0,d:\PBCNet2.0\case\proQ\pickles\ligand_0.pkl,d:\PBCNet2.0\case\proQ\pickles\ligand_109.pkl,1.0279712677001953
ligand_0.pkl,ligand_1090.pkl,0.0,0.0,0.0,d:\PBCNet2.0\case\proQ\pickles\ligand_0.pkl,d:\PBCNet2.0\case\proQ\pickles\ligand_1090.pkl,0.9399827718734741
ligand_0.pkl,ligand_1091.pkl,0.0,0.0,0.0,d:\PBCNet2.0\case\proQ\pickles\ligand_0.pkl,d:\PBCNet2.0\case\proQ\pickles\ligand_1091.pkl,0.9656534194946289
ligand_0.pkl,ligand_1092.pkl,0.0,0.0,0.0,d:\PBCNet2.0\case\proQ\pickles\ligand_0.pkl,d:\PBCNet2.0\case\proQ\pickles\ligand_1092.pkl,0.9351109266281128
ligand_0.pkl,ligand_1093.pkl,0.0,0.0,0.0,d:\PBCNet2.0\case\proQ\pickles\ligand_0.pkl,d:\PBCNet2.0\case\proQ\pickles\ligand_1093.pkl,0.9886412620544434
ligand_0.pkl,ligand_1094.pkl,0.0,0.0,0.0,d:\PBCNet2.0\case\proQ\pickles\ligand_0.pkl,d:\PBCNet2.0\case\proQ\pickles\ligand_1094.pkl,0.9865576028823853
ligand_0.pkl,ligand_1095.pkl,0.0,0.0,0.0,d:\PBCNet2.0\case\proQ\pickles\ligand_0.pkl,d:\PBCNet2.0\case\proQ\pickles\ligand_1095.pkl,0.8978058099746704
ligand_0.pkl,ligand_1096.pkl,0.0,0.0,0.0,d:\PBCNet2.0\case\proQ\pickles\ligand_0.pkl,d:\PBCNet2.0\case\proQ\pickles\ligand_1096.pkl,0.8810288906097412
ligand_0.pkl,ligand_1097.pkl,0.0,0.0,0.0,d:\PBCNet2.0\case\proQ\pickles\ligand_0.pkl,d:\PBCNet2.0\case\proQ\pickles\ligand_1097.pkl,0.9634064435958862
ligand_0.pkl,ligand_1098.pkl,0.0,0.0,0.0,d:\PBCNet2.0\case\proQ\pickles\ligand_0.pkl,d:\PBCNet2.0\case\proQ\pickles\ligand_1098.pkl,1.0009020566940308
ligand_0.pkl,ligand_1099.pkl,0.0,0.0,0.0,d:\PBCNet2.0\case\proQ\pickles\ligand_0.pkl,d:\PBCNet2.0\case\proQ\pickles\ligand_1099.pkl,0.9914355278015137
ligand_0.pkl,ligand_11.pkl,0.0,0.0,0.0,d:\PBCNet2.0\case\proQ\pickles\ligand_0.pkl,d:\PBCNet2.0\case\proQ\pickles\ligand_11.pkl,0.9458354711532593
ligand_0.pkl,ligand_110.pkl,0.0,0.0,0.0,d:\PBCNet2.0\case\proQ\pickles\ligand_0.pkl,d:\PBCNet2.0\case\proQ\pickles\ligand_110.pkl,0.9126050472259521
ligand_0.pkl,ligand_1100.pkl,0.0,0.0,0.0,d:\PBCNet2.0\case\proQ\pickles\ligand_0.pkl,d:\PBCNet2.0\case\proQ\pickles\ligand_1100.pkl,0.90320885181427
ligand_0.pkl,ligand_1101.pkl,0.0,0.0,0.0,d:\PBCNet2.0\case\proQ\pickles\ligand_0.pkl,d:\PBCNet2.0\case\proQ\pickles\ligand_1101.pkl,0.8814319968223572
ligand_0.pkl,ligand_1102.pkl,0.0,0.0,0.0,d:\PBCNet2.0\case\proQ\pickles\ligand_0.pkl,d:\PBCNet2.0\case\proQ\pickles\ligand_1102.pkl,0.8081115484237671
ligand_0.pkl,ligand_1103.pkl,0.0,0.0,0.0,d:\PBCNet2.0\case\proQ\pickles\ligand_0.pkl,d:\PBCNet2.0\case\proQ\pickles\ligand_1103.pkl,-1.0222606658935547
ligand_0.pkl,ligand_1104.pkl,0.0,0.0,0.0,d:\PBCNet2.0\case\proQ\pickles\ligand_0.pkl,d:\PBCNet2.0\case\proQ\pickles\ligand_1104.pkl,1.0007091760635376
ligand_0.pkl,ligand_1105.pkl,0.0,0.0,0.0,d:\PBCNet2.0\case\proQ\pickles\ligand_0.pkl,d:\PBCNet2.0\case\proQ\pickles\ligand_1105.pkl,0.6563957929611206
ligand_0.pkl,ligand_1106.pkl,0.0,0.0,0.0,d:\PBCNet2.0\case\proQ\pickles\ligand_0.pkl,d:\PBCNet2.0\case\proQ\pickles\ligand_1106.pkl,0.9694384336471558
ligand_0.pkl,ligand_1107.pkl,0.0,0.0,0.0,d:\PBCNet2.0\case\proQ\pickles\ligand_0.pkl,d:\PBCNet2.0\case\proQ\pickles\ligand_1107.pkl,-1.1620498895645142
ligand_0.pkl,ligand_1108.pkl,0.0,0.0,0.0,d:\PBCNet2.0\case\proQ\pickles\ligand_0.pkl,d:\PBCNet2.0\case\proQ\pickles\ligand_1108.pkl,0.8952335119247437
ligand_0.pkl,ligand_1109.pkl,0.0,0.0,0.0,d:\PBCNet2.0\case\proQ\pickles\ligand_0.pkl,d:\PBCNet2.0\case\proQ\pickles\ligand_1109.pkl,0.9202964305877686
ligand_0.pkl,ligand_111.pkl,0.0,0.0,0.0,d:\PBCNet2.0\case\proQ\pickles\ligand_0.pkl,d:\PBCNet2.0\case\proQ\pickles\ligand_111.pkl,0.9527846574783325
ligand_0.pkl,ligand_1110.pkl,0.0,0.0,0.0,d:\PBCNet2.0\case\proQ\pickles\ligand_0.pkl,d:\PBCNet2.0\case\proQ\pickles\ligand_1110.pkl,0.9745391607284546
ligand_0.pkl,ligand_1111.pkl,0.0,0.0,0.0,d:\PBCNet2.0\case\proQ\pickles\ligand_0.pkl,d:\PBCNet2.0\case\proQ\pickles\ligand_1111.pkl,0.9663759469985962
ligand_0.pkl,ligand_1112.pkl,0.0,0.0,0.0,d:\PBCNet2.0\case\proQ\pickles\ligand_0.pkl,d:\PBCNet2.0\case\proQ\pickles\ligand_1112.pkl,0.8894677758216858
ligand_0.pkl,ligand_1113.pkl,0.0,0.0,0.0,d:\PBCNet2.0\case\proQ\pickles\ligand_0.pkl,d:\PBCNet2.0\case\proQ\pickles\ligand_1113.pkl,0.8965903520584106
ligand_0.pkl,ligand_1114.pkl,0.0,0.0,0.0,d:\PBCNet2.0\case\proQ\pickles\ligand_0.pkl,d:\PBCNet2.0\case\proQ\pickles\ligand_1114.pkl,0.9148484468460083
ligand_0.pkl,ligand_1115.pkl,0.0,0.0,0.0,d:\PBCNet2.0\case\proQ\pickles\ligand_0.pkl,d:\PBCNet2.0\case\proQ\pickles\ligand_1115.pkl,0.817579984664917
ligand_0.pkl,ligand_1116.pkl,0.0,0.0,0.0,d:\PBCNet2.0\case\proQ\pickles\ligand_0.pkl,d:\PBCNet2.0\case\proQ\pickles\ligand_1116.pkl,0.9734922647476196
ligand_0.pkl,ligand_1117.pkl,0.0,0.0,0.0,d:\PBCNet2.0\case\proQ\pickles\ligand_0.pkl,d:\PBCNet2.0\case\proQ\pickles\ligand_1117.pkl,1.0465028285980225
ligand_0.pkl,ligand_1118.pkl,0.0,0.0,0.0,d:\PBCNet2.0\case\proQ\pickles\ligand_0.pkl,d:\PBCNet2.0\case\proQ\pickles\ligand_1118.pkl,0.9331101179122925
ligand_0.pkl,ligand_1119.pkl,0.0,0.0,0.0,d:\PBCNet2.0\case\proQ\pickles\ligand_0.pkl,d:\PBCNet2.0\case\proQ\pickles\ligand_1119.pkl,0.905896782875061
ligand_0.pkl,ligand_112.pkl,0.0,0.0,0.0,d:\PBCNet2.0\case\proQ\pickles\ligand_0.pkl,d:\PBCNet2.0\case\proQ\pickles\ligand_112.pkl,0.9267451763153076
ligand_0.pkl,ligand_1120.pkl,0.0,0.0,0.0,d:\PBCNet2.0\case\proQ\pickles\ligand_0.pkl,d:\PBCNet2.0\case\proQ\pickles\ligand_1120.pkl,0.8674659729003906
ligand_0.pkl,ligand_1121.pkl,0.0,0.0,0.0,d:\PBCNet2.0\case\proQ\pickles\ligand_0.pkl,d:\PBCNet2.0\case\proQ\pickles\ligand_1121.pkl,0.9279550313949585
ligand_0.pkl,ligand_1122.pkl,0.0,0.0,0.0,d:\PBCNet2.0\case\proQ\pickles\ligand_0.pkl,d:\PBCNet2.0\case\proQ\pickles\ligand_1122.pkl,0.9293774366378784
ligand_0.pkl,ligand_1123.pkl,0.0,0.0,0.0,d:\PBCNet2.0\case\proQ\pickles\ligand_0.pkl,d:\PBCNet2.0\case\proQ\pickles\ligand_1123.pkl,0.9844152927398682
ligand_0.pkl,ligand_1124.pkl,0.0,0.0,0.0,d:\PBCNet2.0\case\proQ\pickles\ligand_0.pkl,d:\PBCNet2.0\case\proQ\pickles\ligand_1124.pkl,0.8904552459716797
ligand_0.pkl,ligand_1125.pkl,0.0,0.0,0.0,d:\PBCNet2.0\case\proQ\pickles\ligand_0.pkl,d:\PBCNet2.0\case\proQ\pickles\ligand_1125.pkl,0.7136133313179016
ligand_0.pkl,ligand_1126.pkl,0.0,0.0,0.0,d:\PBCNet2.0\case\proQ\pickles\ligand_0.pkl,d:\PBCNet2.0\case\proQ\pickles\ligand_1126.pkl,0.8770722150802612
ligand_0.pkl,ligand_1127.pkl,0.0,0.0,0.0,d:\PBCNet2.0\case\proQ\pickles\ligand_0.pkl,d:\PBCNet2.0\case\proQ\pickles\ligand_1127.pkl,0.9194773435592651
ligand_0.pkl,ligand_1128.pkl,0.0,0.0,0.0,d:\PBCNet2.0\case\proQ\pickles\ligand_0.pkl,d:\PBCNet2.0\case\proQ\pickles\ligand_1128.pkl,0.878017246723175
ligand_0.pkl,ligand_1129.pkl,0.0,0.0,0.0,d:\PBCNet2.0\case\proQ\pickles\ligand_0.pkl,d:\PBCNet2.0\case\proQ\pickles\ligand_1129.pkl,0.8354282379150391
ligand_0.pkl,ligand_113.pkl,0.0,0.0,0.0,d:\PBCNet2.0\case\proQ\pickles\ligand_0.pkl,d:\PBCNet2.0\case\proQ\pickles\ligand_113.pkl,0.8923086524009705
ligand_0.pkl,ligand_1130.pkl,0.0,0.0,0.0,d:\PBCNet2.0\case\proQ\pickles\ligand_0.pkl,d:\PBCNet2.0\case\proQ\pickles\ligand_1130.pkl,1.0374752283096313
ligand_0.pkl,ligand_1131.pkl,0.0,0.0,0.0,d:\PBCNet2.0\case\proQ\pickles\ligand_0.pkl,d:\PBCNet2.0\case\proQ\pickles\ligand_1131.pkl,0.764230489730835
ligand_0.pkl,ligand_1132.pkl,0.0,0.0,0.0,d:\PBCNet2.0\case\proQ\pickles\ligand_0.pkl,d:\PBCNet2.0\case\proQ\pickles\ligand_1132.pkl,0.7201386094093323
ligand_0.pkl,ligand_1133.pkl,0.0,0.0,0.0,d:\PBCNet2.0\case\proQ\pickles\ligand_0.pkl,d:\PBCNet2.0\case\proQ\pickles\ligand_1133.pkl,0.6120443940162659
ligand_0.pkl,ligand_1134.pkl,0.0,0.0,0.0,d:\PBCNet2.0\case\proQ\pickles\ligand_0.pkl,d:\PBCNet2.0\case\proQ\pickles\ligand_1134.pkl,0.9127380847930908
ligand_0.pkl,ligand_1135.pkl,0.0,0.0,0.0,d:\PBCNet2.0\case\proQ\pickles\ligand_0.pkl,d:\PBCNet2.0\case\proQ\pickles\ligand_1135.pkl,0.9561192989349365
ligand_0.pkl,ligand_1136.pkl,0.0,0.0,0.0,d:\PBCNet2.0\case\proQ\pickles\ligand_0.pkl,d:\PBCNet2.0\case\proQ\pickles\ligand_1136.pkl,0.6980822086334229
ligand_0.pkl,ligand_1137.pkl,0.0,0.0,0.0,d:\PBCNet2.0\case\proQ\pickles\ligand_0.pkl,d:\PBCNet2.0\case\proQ\pickles\ligand_1137.pkl,0.8369719982147217
ligand_0.pkl,ligand_1138.pkl,0.0,0.0,0.0,d:\PBCNet2.0\case\proQ\pickles\ligand_0.pkl,d:\PBCNet2.0\case\proQ\pickles\ligand_1138.pkl,0.894699215888977
ligand_0.pkl,ligand_1139.pkl,0.0,0.0,0.0,d:\PBCNet2.0\case\proQ\pickles\ligand_0.pkl,d:\PBCNet2.0\case\proQ\pickles\ligand_1139.pkl,0.8953440189361572
ligand_0.pkl,ligand_114.pkl,0.0,0.0,0.0,d:\PBCNet2.0\case\proQ\pickles\ligand_0.pkl,d:\PBCNet2.0\case\proQ\pickles\ligand_114.pkl,0.871488094329834
ligand_0.pkl,ligand_1140.pkl,0.0,0.0,0.0,d:\PBCNet2.0\case\proQ\pickles\ligand_0.pkl,d:\PBCNet2.0\case\proQ\pickles\ligand_1140.pkl,0.934455156326294
ligand_0.pkl,ligand_1141.pkl,0.0,0.0,0.0,d:\PBCNet2.0\case\proQ\pickles\ligand_0.pkl,d:\PBCNet2.0\case\proQ\pickles\ligand_1141.pkl,0.9399127960205078
ligand_0.pkl,ligand_1142.pkl,0.0,0.0,0.0,d:\PBCNet2.0\case\proQ\pickles\ligand_0.pkl,d:\PBCNet2.0\case\proQ\pickles\ligand_1142.pkl,0.8837437629699707
ligand_0.pkl,ligand_1143.pkl,0.0,0.0,0.0,d:\PBCNet2.0\case\proQ\pickles\ligand_0.pkl,d:\PBCNet2.0\case\proQ\pickles\ligand_1143.pkl,0.9000165462493896
ligand_0.pkl,ligand_1144.pkl,0.0,0.0,0.0,d:\PBCNet2.0\case\proQ\pickles\ligand_0.pkl,d:\PBCNet2.0\case\proQ\pickles\ligand_1144.pkl,0.8662549257278442
ligand_0.pkl,ligand_1145.pkl,0.0,0.0,0.0,d:\PBCNet2.0\case\proQ\pickles\ligand_0.pkl,d:\PBCNet2.0\case\proQ\pickles\ligand_1145.pkl,0.9410786628723145
ligand_0.pkl,ligand_1146.pkl,0.0,0.0,0.0,d:\PBCNet2.0\case\proQ\pickles\ligand_0.pkl,d:\PBCNet2.0\case\proQ\pickles\ligand_1146.pkl,0.9028586149215698
ligand_0.pkl,ligand_1147.pkl,0.0,0.0,0.0,d:\PBCNet2.0\case\proQ\pickles\ligand_0.pkl,d:\PBCNet2.0\case\proQ\pickles\ligand_1147.pkl,0.936942458152771
ligand_0.pkl,ligand_1148.pkl,0.0,0.0,0.0,d:\PBCNet2.0\case\proQ\pickles\ligand_0.pkl,d:\PBCNet2.0\case\proQ\pickles\ligand_1148.pkl,0.46429646015167236
ligand_0.pkl,ligand_1149.pkl,0.0,0.0,0.0,d:\PBCNet2.0\case\proQ\pickles\ligand_0.pkl,d:\PBCNet2.0\case\proQ\pickles\ligand_1149.pkl,0.9422937631607056
ligand_0.pkl,ligand_115.pkl,0.0,0.0,0.0,d:\PBCNet2.0\case\proQ\pickles\ligand_0.pkl,d:\PBCNet2.0\case\proQ\pickles\ligand_115.pkl,0.8810362219810486
ligand_0.pkl,ligand_1150.pkl,0.0,0.0,0.0,d:\PBCNet2.0\case\proQ\pickles\ligand_0.pkl,d:\PBCNet2.0\case\proQ\pickles\ligand_1150.pkl,0.9483214616775513
ligand_0.pkl,ligand_1151.pkl,0.0,0.0,0.0,d:\PBCNet2.0\case\proQ\pickles\ligand_0.pkl,d:\PBCNet2.0\case\proQ\pickles\ligand_1151.pkl,0.9520014524459839
ligand_0.pkl,ligand_1152.pkl,0.0,0.0,0.0,d:\PBCNet2.0\case\proQ\pickles\ligand_0.pkl,d:\PBCNet2.0\case\proQ\pickles\ligand_1152.pkl,0.9517475366592407
ligand_0.pkl,ligand_1153.pkl,0.0,0.0,0.0,d:\PBCNet2.0\case\proQ\pickles\ligand_0.pkl,d:\PBCNet2.0\case\proQ\pickles\ligand_1153.pkl,0.8734253644943237
ligand_0.pkl,ligand_1154.pkl,0.0,0.0,0.0,d:\PBCNet2.0\case\proQ\pickles\ligand_0.pkl,d:\PBCNet2.0\case\proQ\pickles\ligand_1154.pkl,0.8632044196128845
ligand_0.pkl,ligand_1155.pkl,0.0,0.0,0.0,d:\PBCNet2.0\case\proQ\pickles\ligand_0.pkl,d:\PBCNet2.0\case\proQ\pickles\ligand_1155.pkl,1.1488758325576782
ligand_0.pkl,ligand_1156.pkl,0.0,0.0,0.0,d:\PBCNet2.0\case\proQ\pickles\ligand_0.pkl,d:\PBCNet2.0\case\proQ\pickles\ligand_1156.pkl,0.933928370475769
ligand_0.pkl,ligand_1157.pkl,0.0,0.0,0.0,d:\PBCNet2.0\case\proQ\pickles\ligand_0.pkl,d:\PBCNet2.0\case\proQ\pickles\ligand_1157.pkl,0.8971694707870483
ligand_0.pkl,ligand_1158.pkl,0.0,0.0,0.0,d:\PBCNet2.0\case\proQ\pickles\ligand_0.pkl,d:\PBCNet2.0\case\proQ\pickles\ligand_1158.pkl,1.017374038696289
ligand_0.pkl,ligand_1159.pkl,0.0,0.0,0.0,d:\PBCNet2.0\case\proQ\pickles\ligand_0.pkl,d:\PBCNet2.0\case\proQ\pickles\ligand_1159.pkl,0.9817177057266235
ligand_0.pkl,ligand_116.pkl,0.0,0.0,0.0,d:\PBCNet2.0\case\proQ\pickles\ligand_0.pkl,d:\PBCNet2.0\case\proQ\pickles\ligand_116.pkl,0.9205574989318848
ligand_0.pkl,ligand_1160.pkl,0.0,0.0,0.0,d:\PBCNet2.0\case\proQ\pickles\ligand_0.pkl,d:\PBCNet2.0\case\proQ\pickles\ligand_1160.pkl,0.7486129403114319
ligand_0.pkl,ligand_1161.pkl,0.0,0.0,0.0,d:\PBCNet2.0\case\proQ\pickles\ligand_0.pkl,d:\PBCNet2.0\case\proQ\pickles\ligand_1161.pkl,0.8757124543190002
ligand_0.pkl,ligand_1162.pkl,0.0,0.0,0.0,d:\PBCNet2.0\case\proQ\pickles\ligand_0.pkl,d:\PBCNet2.0\case\proQ\pickles\ligand_1162.pkl,0.9419105052947998
ligand_0.pkl,ligand_1163.pkl,0.0,0.0,0.0,d:\PBCNet2.0\case\proQ\pickles\ligand_0.pkl,d:\PBCNet2.0\case\proQ\pickles\ligand_1163.pkl,0.9188522100448608
ligand_0.pkl,ligand_1164.pkl,0.0,0.0,0.0,d:\PBCNet2.0\case\proQ\pickles\ligand_0.pkl,d:\PBCNet2.0\case\proQ\pickles\ligand_1164.pkl,0.991191029548645
ligand_0.pkl,ligand_1165.pkl,0.0,0.0,0.0,d:\PBCNet2.0\case\proQ\pickles\ligand_0.pkl,d:\PBCNet2.0\case\proQ\pickles\ligand_1165.pkl,0.9199107885360718
ligand_0.pkl,ligand_1166.pkl,0.0,0.0,0.0,d:\PBCNet2.0\case\proQ\pickles\ligand_0.pkl,d:\PBCNet2.0\case\proQ\pickles\ligand_1166.pkl,0.9512869119644165
ligand_0.pkl,ligand_1167.pkl,0.0,0.0,0.0,d:\PBCNet2.0\case\proQ\pickles\ligand_0.pkl,d:\PBCNet2.0\case\proQ\pickles\ligand_1167.pkl,0.9337233304977417
ligand_0.pkl,ligand_1168.pkl,0.0,0.0,0.0,d:\PBCNet2.0\case\proQ\pickles\ligand_0.pkl,d:\PBCNet2.0\case\proQ\pickles\ligand_1168.pkl,0.8842301964759827
ligand_0.pkl,ligand_1169.pkl,0.0,0.0,0.0,d:\PBCNet2.0\case\proQ\pickles\ligand_0.pkl,d:\PBCNet2.0\case\proQ\pickles\ligand_1169.pkl,0.9543651342391968
ligand_0.pkl,ligand_117.pkl,0.0,0.0,0.0,d:\PBCNet2.0\case\proQ\pickles\ligand_0.pkl,d:\PBCNet2.0\case\proQ\pickles\ligand_117.pkl,0.926977276802063
ligand_0.pkl,ligand_1170.pkl,0.0,0.0,0.0,d:\PBCNet2.0\case\proQ\pickles\ligand_0.pkl,d:\PBCNet2.0\case\proQ\pickles\ligand_1170.pkl,0.8663474321365356
ligand_0.pkl,ligand_1171.pkl,0.0,0.0,0.0,d:\PBCNet2.0\case\proQ\pickles\ligand_0.pkl,d:\PBCNet2.0\case\proQ\pickles\ligand_1171.pkl,0.8516753911972046
ligand_0.pkl,ligand_1172.pkl,0.0,0.0,0.0,d:\PBCNet2.0\case\proQ\pickles\ligand_0.pkl,d:\PBCNet2.0\case\proQ\pickles\ligand_1172.pkl,0.8435357809066772
ligand_0.pkl,ligand_1173.pkl,0.0,0.0,0.0,d:\PBCNet2.0\case\proQ\pickles\ligand_0.pkl,d:\PBCNet2.0\case\proQ\pickles\ligand_1173.pkl,0.8505139350891113
ligand_0.pkl,ligand_1174.pkl,0.0,0.0,0.0,d:\PBCNet2.0\case\proQ\pickles\ligand_0.pkl,d:\PBCNet2.0\case\proQ\pickles\ligand_1174.pkl,0.9015311002731323
ligand_0.pkl,ligand_1175.pkl,0.0,0.0,0.0,d:\PBCNet2.0\case\proQ\pickles\ligand_0.pkl,d:\PBCNet2.0\case\proQ\pickles\ligand_1175.pkl,0.9223899841308594
ligand_0.pkl,ligand_1176.pkl,0.0,0.0,0.0,d:\PBCNet2.0\case\proQ\pickles\ligand_0.pkl,d:\PBCNet2.0\case\proQ\pickles\ligand_1176.pkl,0.8967310190200806
ligand_0.pkl,ligand_1177.pkl,0.0,0.0,0.0,d:\PBCNet2.0\case\proQ\pickles\ligand_0.pkl,d:\PBCNet2.0\case\proQ\pickles\ligand_1177.pkl,0.900955080986023
ligand_0.pkl,ligand_1178.pkl,0.0,0.0,0.0,d:\PBCNet2.0\case\proQ\pickles\ligand_0.pkl,d:\PBCNet2.0\case\proQ\pickles\ligand_1178.pkl,0.9715744256973267
ligand_0.pkl,ligand_1179.pkl,0.0,0.0,0.0,d:\PBCNet2.0\case\proQ\pickles\ligand_0.pkl,d:\PBCNet2.0\case\proQ\pickles\ligand_1179.pkl,0.9495612382888794
ligand_0.pkl,ligand_118.pkl,0.0,0.0,0.0,d:\PBCNet2.0\case\proQ\pickles\ligand_0.pkl,d:\PBCNet2.0\case\proQ\pickles\ligand_118.pkl,0.9367084503173828
ligand_0.pkl,ligand_1180.pkl,0.0,0.0,0.0,d:\PBCNet2.0\case\proQ\pickles\ligand_0.pkl,d:\PBCNet2.0\case\proQ\pickles\ligand_1180.pkl,0.9065022468566895
ligand_0.pkl,ligand_1181.pkl,0.0,0.0,0.0,d:\PBCNet2.0\case\proQ\pickles\ligand_0.pkl,d:\PBCNet2.0\case\proQ\pickles\ligand_1181.pkl,0.8843894004821777
ligand_0.pkl,ligand_1182.pkl,0.0,0.0,0.0,d:\PBCNet2.0\case\proQ\pickles\ligand_0.pkl,d:\PBCNet2.0\case\proQ\pickles\ligand_1182.pkl,0.8804040551185608
ligand_0.pkl,ligand_1183.pkl,0.0,0.0,0.0,d:\PBCNet2.0\case\proQ\pickles\ligand_0.pkl,d:\PBCNet2.0\case\proQ\pickles\ligand_1183.pkl,0.7257273197174072
ligand_0.pkl,ligand_1184.pkl,0.0,0.0,0.0,d:\PBCNet2.0\case\proQ\pickles\ligand_0.pkl,d:\PBCNet2.0\case\proQ\pickles\ligand_1184.pkl,0.9426666498184204
ligand_0.pkl,ligand_1185.pkl,0.0,0.0,0.0,d:\PBCNet2.0\case\proQ\pickles\ligand_0.pkl,d:\PBCNet2.0\case\proQ\pickles\ligand_1185.pkl,0.928362250328064
ligand_0.pkl,ligand_1186.pkl,0.0,0.0,0.0,d:\PBCNet2.0\case\proQ\pickles\ligand_0.pkl,d:\PBCNet2.0\case\proQ\pickles\ligand_1186.pkl,0.8575401306152344
ligand_0.pkl,ligand_1187.pkl,0.0,0.0,0.0,d:\PBCNet2.0\case\proQ\pickles\ligand_0.pkl,d:\PBCNet2.0\case\proQ\pickles\ligand_1187.pkl,0.8696256875991821
ligand_0.pkl,ligand_1188.pkl,0.0,0.0,0.0,d:\PBCNet2.0\case\proQ\pickles\ligand_0.pkl,d:\PBCNet2.0\case\proQ\pickles\ligand_1188.pkl,0.9449640512466431
ligand_0.pkl,ligand_1189.pkl,0.0,0.0,0.0,d:\PBCNet2.0\case\proQ\pickles\ligand_0.pkl,d:\PBCNet2.0\case\proQ\pickles\ligand_1189.pkl,0.9002259969711304
ligand_0.pkl,ligand_119.pkl,0.0,0.0,0.0,d:\PBCNet2.0\case\proQ\pickles\ligand_0.pkl,d:\PBCNet2.0\case\proQ\pickles\ligand_119.pkl,0.971206784248352
ligand_0.pkl,ligand_1190.pkl,0.0,0.0,0.0,d:\PBCNet2.0\case\proQ\pickles\ligand_0.pkl,d:\PBCNet2.0\case\proQ\pickles\ligand_1190.pkl,0.869714081287384
ligand_0.pkl,ligand_1191.pkl,0.0,0.0,0.0,d:\PBCNet2.0\case\proQ\pickles\ligand_0.pkl,d:\PBCNet2.0\case\proQ\pickles\ligand_1191.pkl,0.8261783123016357
ligand_0.pkl,ligand_1192.pkl,0.0,0.0,0.0,d:\PBCNet2.0\case\proQ\pickles\ligand_0.pkl,d:\PBCNet2.0\case\proQ\pickles\ligand_1192.pkl,0.8576583862304688
ligand_0.pkl,ligand_1193.pkl,0.0,0.0,0.0,d:\PBCNet2.0\case\proQ\pickles\ligand_0.pkl,d:\PBCNet2.0\case\proQ\pickles\ligand_1193.pkl,0.9849005937576294
ligand_0.pkl,ligand_1194.pkl,0.0,0.0,0.0,d:\PBCNet2.0\case\proQ\pickles\ligand_0.pkl,d:\PBCNet2.0\case\proQ\pickles\ligand_1194.pkl,1.0226589441299438
ligand_0.pkl,ligand_1195.pkl,0.0,0.0,0.0,d:\PBCNet2.0\case\proQ\pickles\ligand_0.pkl,d:\PBCNet2.0\case\proQ\pickles\ligand_1195.pkl,0.8309613466262817
ligand_0.pkl,ligand_1196.pkl,0.0,0.0,0.0,d:\PBCNet2.0\case\proQ\pickles\ligand_0.pkl,d:\PBCNet2.0\case\proQ\pickles\ligand_1196.pkl,0.9065427780151367
ligand_0.pkl,ligand_1197.pkl,0.0,0.0,0.0,d:\PBCNet2.0\case\proQ\pickles\ligand_0.pkl,d:\PBCNet2.0\case\proQ\pickles\ligand_1197.pkl,0.9340121746063232
ligand_0.pkl,ligand_1198.pkl,0.0,0.0,0.0,d:\PBCNet2.0\case\proQ\pickles\ligand_0.pkl,d:\PBCNet2.0\case\proQ\pickles\ligand_1198.pkl,0.9375464916229248
ligand_0.pkl,ligand_1199.pkl,0.0,0.0,0.0,d:\PBCNet2.0\case\proQ\pickles\ligand_0.pkl,d:\PBCNet2.0\case\proQ\pickles\ligand_1199.pkl,0.9089077711105347
ligand_0.pkl,ligand_12.pkl,0.0,0.0,0.0,d:\PBCNet2.0\case\proQ\pickles\ligand_0.pkl,d:\PBCNet2.0\case\proQ\pickles\ligand_12.pkl,0.9669321775436401
ligand_0.pkl,ligand_120.pkl,0.0,0.0,0.0,d:\PBCNet2.0\case\proQ\pickles\ligand_0.pkl,d:\PBCNet2.0\case\proQ\pickles\ligand_120.pkl,0.9178789854049683
ligand_0.pkl,ligand_1200.pkl,0.0,0.0,0.0,d:\PBCNet2.0\case\proQ\pickles\ligand_0.pkl,d:\PBCNet2.0\case\proQ\pickles\ligand_1200.pkl,0.9239047765731812
ligand_0.pkl,ligand_1201.pkl,0.0,0.0,0.0,d:\PBCNet2.0\case\proQ\pickles\ligand_0.pkl,d:\PBCNet2.0\case\proQ\pickles\ligand_1201.pkl,0.8753570318222046
ligand_0.pkl,ligand_1202.pkl,0.0,0.0,0.0,d:\PBCNet2.0\case\proQ\pickles\ligand_0.pkl,d:\PBCNet2.0\case\proQ\pickles\ligand_1202.pkl,0.8033633232116699
ligand_0.pkl,ligand_1203.pkl,0.0,0.0,0.0,d:\PBCNet2.0\case\proQ\pickles\ligand_0.pkl,d:\PBCNet2.0\case\proQ\pickles\ligand_1203.pkl,0.952856183052063
ligand_0.pkl,ligand_1204.pkl,0.0,0.0,0.0,d:\PBCNet2.0\case\proQ\pickles\ligand_0.pkl,d:\PBCNet2.0\case\proQ\pickles\ligand_1204.pkl,0.9565824270248413
ligand_0.pkl,ligand_1205.pkl,0.0,0.0,0.0,d:\PBCNet2.0\case\proQ\pickles\ligand_0.pkl,d:\PBCNet2.0\case\proQ\pickles\ligand_1205.pkl,1.0319008827209473
ligand_0.pkl,ligand_1206.pkl,0.0,0.0,0.0,d:\PBCNet2.0\case\proQ\pickles\ligand_0.pkl,d:\PBCNet2.0\case\proQ\pickles\ligand_1206.pkl,0.8888584971427917
ligand_0.pkl,ligand_1207.pkl,0.0,0.0,0.0,d:\PBCNet2.0\case\proQ\pickles\ligand_0.pkl,d:\PBCNet2.0\case\proQ\pickles\ligand_1207.pkl,0.8792357444763184
ligand_0.pkl,ligand_1208.pkl,0.0,0.0,0.0,d:\PBCNet2.0\case\proQ\pickles\ligand_0.pkl,d:\PBCNet2.0\case\proQ\pickles\ligand_1208.pkl,0.917475700378418
ligand_0.pkl,ligand_1209.pkl,0.0,0.0,0.0,d:\PBCNet2.0\case\proQ\pickles\ligand_0.pkl,d:\PBCNet2.0\case\proQ\pickles\ligand_1209.pkl,0.9059877395629883
ligand_0.pkl,ligand_121.pkl,0.0,0.0,0.0,d:\PBCNet2.0\case\proQ\pickles\ligand_0.pkl,d:\PBCNet2.0\case\proQ\pickles\ligand_121.pkl,0.874028205871582
ligand_0.pkl,ligand_1210.pkl,0.0,0.0,0.0,d:\PBCNet2.0\case\proQ\pickles\ligand_0.pkl,d:\PBCNet2.0\case\proQ\pickles\ligand_1210.pkl,0.8991550207138062
ligand_0.pkl,ligand_1211.pkl,0.0,0.0,0.0,d:\PBCNet2.0\case\proQ\pickles\ligand_0.pkl,d:\PBCNet2.0\case\proQ\pickles\ligand_1211.pkl,0.910603404045105
ligand_0.pkl,ligand_1212.pkl,0.0,0.0,0.0,d:\PBCNet2.0\case\proQ\pickles\ligand_0.pkl,d:\PBCNet2.0\case\proQ\pickles\ligand_1212.pkl,0.819269597530365
ligand_0.pkl,ligand_1213.pkl,0.0,0.0,0.0,d:\PBCNet2.0\case\proQ\pickles\ligand_0.pkl,d:\PBCNet2.0\case\proQ\pickles\ligand_1213.pkl,0.8376359343528748
ligand_0.pkl,ligand_1214.pkl,0.0,0.0,0.0,d:\PBCNet2.0\case\proQ\pickles\ligand_0.pkl,d:\PBCNet2.0\case\proQ\pickles\ligand_1214.pkl,0.8785199522972107
ligand_0.pkl,ligand_1215.pkl,0.0,0.0,0.0,d:\PBCNet2.0\case\proQ\pickles\ligand_0.pkl,d:\PBCNet2.0\case\proQ\pickles\ligand_1215.pkl,0.9013646841049194
ligand_0.pkl,ligand_1216.pkl,0.0,0.0,0.0,d:\PBCNet2.0\case\proQ\pickles\ligand_0.pkl,d:\PBCNet2.0\case\proQ\pickles\ligand_1216.pkl,0.8989454507827759
ligand_0.pkl,ligand_1217.pkl,0.0,0.0,0.0,d:\PBCNet2.0\case\proQ\pickles\ligand_0.pkl,d:\PBCNet2.0\case\proQ\pickles\ligand_1217.pkl,0.8916694521903992
ligand_0.pkl,ligand_1218.pkl,0.0,0.0,0.0,d:\PBCNet2.0\case\proQ\pickles\ligand_0.pkl,d:\PBCNet2.0\case\proQ\pickles\ligand_1218.pkl,0.8310990333557129
ligand_0.pkl,ligand_1219.pkl,0.0,0.0,0.0,d:\PBCNet2.0\case\proQ\pickles\ligand_0.pkl,d:\PBCNet2.0\case\proQ\pickles\ligand_1219.pkl,0.9390445947647095
ligand_0.pkl,ligand_122.pkl,0.0,0.0,0.0,d:\PBCNet2.0\case\proQ\pickles\ligand_0.pkl,d:\PBCNet2.0\case\proQ\pickles\ligand_122.pkl,0.945564866065979
ligand_0.pkl,ligand_1220.pkl,0.0,0.0,0.0,d:\PBCNet2.0\case\proQ\pickles\ligand_0.pkl,d:\PBCNet2.0\case\proQ\pickles\ligand_1220.pkl,0.9304803609848022
ligand_0.pkl,ligand_1221.pkl,0.0,0.0,0.0,d:\PBCNet2.0\case\proQ\pickles\ligand_0.pkl,d:\PBCNet2.0\case\proQ\pickles\ligand_1221.pkl,0.9042066335678101
ligand_0.pkl,ligand_1222.pkl,0.0,0.0,0.0,d:\PBCNet2.0\case\proQ\pickles\ligand_0.pkl,d:\PBCNet2.0\case\proQ\pickles\ligand_1222.pkl,0.9781032800674438
ligand_0.pkl,ligand_1223.pkl,0.0,0.0,0.0,d:\PBCNet2.0\case\proQ\pickles\ligand_0.pkl,d:\PBCNet2.0\case\proQ\pickles\ligand_1223.pkl,0.9404469728469849
ligand_0.pkl,ligand_1224.pkl,0.0,0.0,0.0,d:\PBCNet2.0\case\proQ\pickles\ligand_0.pkl,d:\PBCNet2.0\case\proQ\pickles\ligand_1224.pkl,0.8649507761001587
ligand_0.pkl,ligand_1225.pkl,0.0,0.0,0.0,d:\PBCNet2.0\case\proQ\pickles\ligand_0.pkl,d:\PBCNet2.0\case\proQ\pickles\ligand_1225.pkl,0.9273945093154907
ligand_0.pkl,ligand_1226.pkl,0.0,0.0,0.0,d:\PBCNet2.0\case\proQ\pickles\ligand_0.pkl,d:\PBCNet2.0\case\proQ\pickles\ligand_1226.pkl,0.7952306866645813
ligand_0.pkl,ligand_1227.pkl,0.0,0.0,0.0,d:\PBCNet2.0\case\proQ\pickles\ligand_0.pkl,d:\PBCNet2.0\case\proQ\pickles\ligand_1227.pkl,0.8980362415313721
ligand_0.pkl,ligand_1228.pkl,0.0,0.0,0.0,d:\PBCNet2.0\case\proQ\pickles\ligand_0.pkl,d:\PBCNet2.0\case\proQ\pickles\ligand_1228.pkl,0.8431940078735352
ligand_0.pkl,ligand_1229.pkl,0.0,0.0,0.0,d:\PBCNet2.0\case\proQ\pickles\ligand_0.pkl,d:\PBCNet2.0\case\proQ\pickles\ligand_1229.pkl,0.8995308876037598
ligand_0.pkl,ligand_123.pkl,0.0,0.0,0.0,d:\PBCNet2.0\case\proQ\pickles\ligand_0.pkl,d:\PBCNet2.0\case\proQ\pickles\ligand_123.pkl,0.9417670965194702
ligand_0.pkl,ligand_1230.pkl,0.0,0.0,0.0,d:\PBCNet2.0\case\proQ\pickles\ligand_0.pkl,d:\PBCNet2.0\case\proQ\pickles\ligand_1230.pkl,0.902572751045227
ligand_0.pkl,ligand_1231.pkl,0.0,0.0,0.0,d:\PBCNet2.0\case\proQ\pickles\ligand_0.pkl,d:\PBCNet2.0\case\proQ\pickles\ligand_1231.pkl,0.9370368719100952
ligand_0.pkl,ligand_1232.pkl,0.0,0.0,0.0,d:\PBCNet2.0\case\proQ\pickles\ligand_0.pkl,d:\PBCNet2.0\case\proQ\pickles\ligand_1232.pkl,0.8506432771682739
ligand_0.pkl,ligand_1233.pkl,0.0,0.0,0.0,d:\PBCNet2.0\case\proQ\pickles\ligand_0.pkl,d:\PBCNet2.0\case\proQ\pickles\ligand_1233.pkl,0.8800424337387085
ligand_0.pkl,ligand_1234.pkl,0.0,0.0,0.0,d:\PBCNet2.0\case\proQ\pickles\ligand_0.pkl,d:\PBCNet2.0\case\proQ\pickles\ligand_1234.pkl,0.7812027931213379
ligand_0.pkl,ligand_1235.pkl,0.0,0.0,0.0,d:\PBCNet2.0\case\proQ\pickles\ligand_0.pkl,d:\PBCNet2.0\case\proQ\pickles\ligand_1235.pkl,1.0492606163024902
ligand_0.pkl,ligand_1236.pkl,0.0,0.0,0.0,d:\PBCNet2.0\case\proQ\pickles\ligand_0.pkl,d:\PBCNet2.0\case\proQ\pickles\ligand_1236.pkl,0.9685609340667725
ligand_0.pkl,ligand_1237.pkl,0.0,0.0,0.0,d:\PBCNet2.0\case\proQ\pickles\ligand_0.pkl,d:\PBCNet2.0\case\proQ\pickles\ligand_1237.pkl,0.9438309669494629
ligand_0.pkl,ligand_1238.pkl,0.0,0.0,0.0,d:\PBCNet2.0\case\proQ\pickles\ligand_0.pkl,d:\PBCNet2.0\case\proQ\pickles\ligand_1238.pkl,0.9811781644821167
ligand_0.pkl,ligand_1239.pkl,0.0,0.0,0.0,d:\PBCNet2.0\case\proQ\pickles\ligand_0.pkl,d:\PBCNet2.0\case\proQ\pickles\ligand_1239.pkl,0.9667867422103882
ligand_0.pkl,ligand_124.pkl,0.0,0.0,0.0,d:\PBCNet2.0\case\proQ\pickles\ligand_0.pkl,d:\PBCNet2.0\case\proQ\pickles\ligand_124.pkl,0.8817452192306519
ligand_0.pkl,ligand_1240.pkl,0.0,0.0,0.0,d:\PBCNet2.0\case\proQ\pickles\ligand_0.pkl,d:\PBCNet2.0\case\proQ\pickles\ligand_1240.pkl,0.8995593786239624
ligand_0.pkl,ligand_1241.pkl,0.0,0.0,0.0,d:\PBCNet2.0\case\proQ\pickles\ligand_0.pkl,d:\PBCNet2.0\case\proQ\pickles\ligand_1241.pkl,0.8190873861312866
ligand_0.pkl,ligand_1242.pkl,0.0,0.0,0.0,d:\PBCNet2.0\case\proQ\pickles\ligand_0.pkl,d:\PBCNet2.0\case\proQ\pickles\ligand_1242.pkl,0.8335931301116943
ligand_0.pkl,ligand_1243.pkl,0.0,0.0,0.0,d:\PBCNet2.0\case\proQ\pickles\ligand_0.pkl,d:\PBCNet2.0\case\proQ\pickles\ligand_1243.pkl,0.8537482023239136
ligand_0.pkl,ligand_1244.pkl,0.0,0.0,0.0,d:\PBCNet2.0\case\proQ\pickles\ligand_0.pkl,d:\PBCNet2.0\case\proQ\pickles\ligand_1244.pkl,0.8435200452804565
ligand_0.pkl,ligand_1245.pkl,0.0,0.0,0.0,d:\PBCNet2.0\case\proQ\pickles\ligand_0.pkl,d:\PBCNet2.0\case\proQ\pickles\ligand_1245.pkl,0.8512486219406128
ligand_0.pkl,ligand_1246.pkl,0.0,0.0,0.0,d:\PBCNet2.0\case\proQ\pickles\ligand_0.pkl,d:\PBCNet2.0\case\proQ\pickles\ligand_1246.pkl,0.9052673578262329
ligand_0.pkl,ligand_1247.pkl,0.0,0.0,0.0,d:\PBCNet2.0\case\proQ\pickles\ligand_0.pkl,d:\PBCNet2.0\case\proQ\pickles\ligand_1247.pkl,0.8774712681770325
ligand_0.pkl,ligand_1248.pkl,0.0,0.0,0.0,d:\PBCNet2.0\case\proQ\pickles\ligand_0.pkl,d:\PBCNet2.0\case\proQ\pickles\ligand_1248.pkl,0.9350999593734741
ligand_0.pkl,ligand_1249.pkl,0.0,0.0,0.0,d:\PBCNet2.0\case\proQ\pickles\ligand_0.pkl,d:\PBCNet2.0\case\proQ\pickles\ligand_1249.pkl,0.9222532510757446
ligand_0.pkl,ligand_125.pkl,0.0,0.0,0.0,d:\PBCNet2.0\case\proQ\pickles\ligand_0.pkl,d:\PBCNet2.0\case\proQ\pickles\ligand_125.pkl,0.9957633018493652
ligand_0.pkl,ligand_1250.pkl,0.0,0.0,0.0,d:\PBCNet2.0\case\proQ\pickles\ligand_0.pkl,d:\PBCNet2.0\case\proQ\pickles\ligand_1250.pkl,0.8896535038948059
ligand_0.pkl,ligand_1251.pkl,0.0,0.0,0.0,d:\PBCNet2.0\case\proQ\pickles\ligand_0.pkl,d:\PBCNet2.0\case\proQ\pickles\ligand_1251.pkl,1.124422550201416
ligand_0.pkl,ligand_1252.pkl,0.0,0.0,0.0,d:\PBCNet2.0\case\proQ\pickles\ligand_0.pkl,d:\PBCNet2.0\case\proQ\pickles\ligand_1252.pkl,0.9281942844390869
ligand_0.pkl,ligand_1253.pkl,0.0,0.0,0.0,d:\PBCNet2.0\case\proQ\pickles\ligand_0.pkl,d:\PBCNet2.0\case\proQ\pickles\ligand_1253.pkl,0.9065731763839722
ligand_0.pkl,ligand_1254.pkl,0.0,0.0,0.0,d:\PBCNet2.0\case\proQ\pickles\ligand_0.pkl,d:\PBCNet2.0\case\proQ\pickles\ligand_1254.pkl,1.0188571214675903
ligand_0.pkl,ligand_1255.pkl,0.0,0.0,0.0,d:\PBCNet2.0\case\proQ\pickles\ligand_0.pkl,d:\PBCNet2.0\case\proQ\pickles\ligand_1255.pkl,0.8063511252403259
ligand_0.pkl,ligand_1256.pkl,0.0,0.0,0.0,d:\PBCNet2.0\case\proQ\pickles\ligand_0.pkl,d:\PBCNet2.0\case\proQ\pickles\ligand_1256.pkl,0.934801459312439
ligand_0.pkl,ligand_1257.pkl,0.0,0.0,0.0,d:\PBCNet2.0\case\proQ\pickles\ligand_0.pkl,d:\PBCNet2.0\case\proQ\pickles\ligand_1257.pkl,0.9644700288772583
ligand_0.pkl,ligand_1258.pkl,0.0,0.0,0.0,d:\PBCNet2.0\case\proQ\pickles\ligand_0.pkl,d:\PBCNet2.0\case\proQ\pickles\ligand_1258.pkl,0.8974994421005249
ligand_0.pkl,ligand_1259.pkl,0.0,0.0,0.0,d:\PBCNet2.0\case\proQ\pickles\ligand_0.pkl,d:\PBCNet2.0\case\proQ\pickles\ligand_1259.pkl,0.7348844408988953
ligand_0.pkl,ligand_126.pkl,0.0,0.0,0.0,d:\PBCNet2.0\case\proQ\pickles\ligand_0.pkl,d:\PBCNet2.0\case\proQ\pickles\ligand_126.pkl,0.9823046922683716
ligand_0.pkl,ligand_1260.pkl,0.0,0.0,0.0,d:\PBCNet2.0\case\proQ\pickles\ligand_0.pkl,d:\PBCNet2.0\case\proQ\pickles\ligand_1260.pkl,0.945121169090271
ligand_0.pkl,ligand_1261.pkl,0.0,0.0,0.0,d:\PBCNet2.0\case\proQ\pickles\ligand_0.pkl,d:\PBCNet2.0\case\proQ\pickles\ligand_1261.pkl,0.931291937828064
ligand_0.pkl,ligand_1262.pkl,0.0,0.0,0.0,d:\PBCNet2.0\case\proQ\pickles\ligand_0.pkl,d:\PBCNet2.0\case\proQ\pickles\ligand_1262.pkl,0.882438600063324
ligand_0.pkl,ligand_1263.pkl,0.0,0.0,0.0,d:\PBCNet2.0\case\proQ\pickles\ligand_0.pkl,d:\PBCNet2.0\case\proQ\pickles\ligand_1263.pkl,0.8999683856964111
ligand_0.pkl,ligand_1264.pkl,0.0,0.0,0.0,d:\PBCNet2.0\case\proQ\pickles\ligand_0.pkl,d:\PBCNet2.0\case\proQ\pickles\ligand_1264.pkl,0.9324649572372437
ligand_0.pkl,ligand_1265.pkl,0.0,0.0,0.0,d:\PBCNet2.0\case\proQ\pickles\ligand_0.pkl,d:\PBCNet2.0\case\proQ\pickles\ligand_1265.pkl,0.9914270639419556
ligand_0.pkl,ligand_1266.pkl,0.0,0.0,0.0,d:\PBCNet2.0\case\proQ\pickles\ligand_0.pkl,d:\PBCNet2.0\case\proQ\pickles\ligand_1266.pkl,1.070540189743042
ligand_0.pkl,ligand_1267.pkl,0.0,0.0,0.0,d:\PBCNet2.0\case\proQ\pickles\ligand_0.pkl,d:\PBCNet2.0\case\proQ\pickles\ligand_1267.pkl,0.922852635383606
ligand_0.pkl,ligand_1268.pkl,0.0,0.0,0.0,d:\PBCNet2.0\case\proQ\pickles\ligand_0.pkl,d:\PBCNet2.0\case\proQ\pickles\ligand_1268.pkl,0.9377566576004028
ligand_0.pkl,ligand_1269.pkl,0.0,0.0,0.0,d:\PBCNet2.0\case\proQ\pickles\ligand_0.pkl,d:\PBCNet2.0\case\proQ\pickles\ligand_1269.pkl,0.6997647285461426
ligand_0.pkl,ligand_127.pkl,0.0,0.0,0.0,d:\PBCNet2.0\case\proQ\pickles\ligand_0.pkl,d:\PBCNet2.0\case\proQ\pickles\ligand_127.pkl,0.9433194398880005
ligand_0.pkl,ligand_1270.pkl,0.0,0.0,0.0,d:\PBCNet2.0\case\proQ\pickles\ligand_0.pkl,d:\PBCNet2.0\case\proQ\pickles\ligand_1270.pkl,0.9159871339797974
ligand_0.pkl,ligand_1271.pkl,0.0,0.0,0.0,d:\PBCNet2.0\case\proQ\pickles\ligand_0.pkl,d:\PBCNet2.0\case\proQ\pickles\ligand_1271.pkl,0.9119046926498413
ligand_0.pkl,ligand_1272.pkl,0.0,0.0,0.0,d:\PBCNet2.0\case\proQ\pickles\ligand_0.pkl,d:\PBCNet2.0\case\proQ\pickles\ligand_1272.pkl,1.0042630434036255
ligand_0.pkl,ligand_1273.pkl,0.0,0.0,0.0,d:\PBCNet2.0\case\proQ\pickles\ligand_0.pkl,d:\PBCNet2.0\case\proQ\pickles\ligand_1273.pkl,0.8418470025062561
ligand_0.pkl,ligand_1274.pkl,0.0,0.0,0.0,d:\PBCNet2.0\case\proQ\pickles\ligand_0.pkl,d:\PBCNet2.0\case\proQ\pickles\ligand_1274.pkl,0.9483038187026978
ligand_0.pkl,ligand_1275.pkl,0.0,0.0,0.0,d:\PBCNet2.0\case\proQ\pickles\ligand_0.pkl,d:\PBCNet2.0\case\proQ\pickles\ligand_1275.pkl,0.9215792417526245
ligand_0.pkl,ligand_1276.pkl,0.0,0.0,0.0,d:\PBCNet2.0\case\proQ\pickles\ligand_0.pkl,d:\PBCNet2.0\case\proQ\pickles\ligand_1276.pkl,0.9890834093093872
ligand_0.pkl,ligand_1277.pkl,0.0,0.0,0.0,d:\PBCNet2.0\case\proQ\pickles\ligand_0.pkl,d:\PBCNet2.0\case\proQ\pickles\ligand_1277.pkl,0.7060143947601318
ligand_0.pkl,ligand_1278.pkl,0.0,0.0,0.0,d:\PBCNet2.0\case\proQ\pickles\ligand_0.pkl,d:\PBCNet2.0\case\proQ\pickles\ligand_1278.pkl,0.9201809167861938
ligand_0.pkl,ligand_1279.pkl,0.0,0.0,0.0,d:\PBCNet2.0\case\proQ\pickles\ligand_0.pkl,d:\PBCNet2.0\case\proQ\pickles\ligand_1279.pkl,0.8258752822875977
ligand_0.pkl,ligand_128.pkl,0.0,0.0,0.0,d:\PBCNet2.0\case\proQ\pickles\ligand_0.pkl,d:\PBCNet2.0\case\proQ\pickles\ligand_128.pkl,0.780052900314331
ligand_0.pkl,ligand_1280.pkl,0.0,0.0,0.0,d:\PBCNet2.0\case\proQ\pickles\ligand_0.pkl,d:\PBCNet2.0\case\proQ\pickles\ligand_1280.pkl,0.9897863864898682
ligand_0.pkl,ligand_1281.pkl,0.0,0.0,0.0,d:\PBCNet2.0\case\proQ\pickles\ligand_0.pkl,d:\PBCNet2.0\case\proQ\pickles\ligand_1281.pkl,1.0182942152023315
ligand_0.pkl,ligand_1282.pkl,0.0,0.0,0.0,d:\PBCNet2.0\case\proQ\pickles\ligand_0.pkl,d:\PBCNet2.0\case\proQ\pickles\ligand_1282.pkl,0.9557056427001953
ligand_0.pkl,ligand_1283.pkl,0.0,0.0,0.0,d:\PBCNet2.0\case\proQ\pickles\ligand_0.pkl,d:\PBCNet2.0\case\proQ\pickles\ligand_1283.pkl,0.9596911668777466
ligand_0.pkl,ligand_1284.pkl,0.0,0.0,0.0,d:\PBCNet2.0\case\proQ\pickles\ligand_0.pkl,d:\PBCNet2.0\case\proQ\pickles\ligand_1284.pkl,0.8620103001594543
ligand_0.pkl,ligand_1285.pkl,0.0,0.0,0.0,d:\PBCNet2.0\case\proQ\pickles\ligand_0.pkl,d:\PBCNet2.0\case\proQ\pickles\ligand_1285.pkl,0.9389182329177856
ligand_0.pkl,ligand_1286.pkl,0.0,0.0,0.0,d:\PBCNet2.0\case\proQ\pickles\ligand_0.pkl,d:\PBCNet2.0\case\proQ\pickles\ligand_1286.pkl,0.9020587205886841
ligand_0.pkl,ligand_1287.pkl,0.0,0.0,0.0,d:\PBCNet2.0\case\proQ\pickles\ligand_0.pkl,d:\PBCNet2.0\case\proQ\pickles\ligand_1287.pkl,0.9662126302719116
ligand_0.pkl,ligand_1288.pkl,0.0,0.0,0.0,d:\PBCNet2.0\case\proQ\pickles\ligand_0.pkl,d:\PBCNet2.0\case\proQ\pickles\ligand_1288.pkl,0.9375094175338745
ligand_0.pkl,ligand_1289.pkl,0.0,0.0,0.0,d:\PBCNet2.0\case\proQ\pickles\ligand_0.pkl,d:\PBCNet2.0\case\proQ\pickles\ligand_1289.pkl,0.934964656829834
ligand_0.pkl,ligand_129.pkl,0.0,0.0,0.0,d:\PBCNet2.0\case\proQ\pickles\ligand_0.pkl,d:\PBCNet2.0\case\proQ\pickles\ligand_129.pkl,0.9178661108016968
ligand_0.pkl,ligand_1290.pkl,0.0,0.0,0.0,d:\PBCNet2.0\case\proQ\pickles\ligand_0.pkl,d:\PBCNet2.0\case\proQ\pickles\ligand_1290.pkl,1.1896644830703735
ligand_0.pkl,ligand_1291.pkl,0.0,0.0,0.0,d:\PBCNet2.0\case\proQ\pickles\ligand_0.pkl,d:\PBCNet2.0\case\proQ\pickles\ligand_1291.pkl,0.9274839162826538
ligand_0.pkl,ligand_1292.pkl,0.0,0.0,0.0,d:\PBCNet2.0\case\proQ\pickles\ligand_0.pkl,d:\PBCNet2.0\case\proQ\pickles\ligand_1292.pkl,0.927894115447998
ligand_0.pkl,ligand_1293.pkl,0.0,0.0,0.0,d:\PBCNet2.0\case\proQ\pickles\ligand_0.pkl,d:\PBCNet2.0\case\proQ\pickles\ligand_1293.pkl,0.9357892274856567
ligand_0.pkl,ligand_1294.pkl,0.0,0.0,0.0,d:\PBCNet2.0\case\proQ\pickles\ligand_0.pkl,d:\PBCNet2.0\case\proQ\pickles\ligand_1294.pkl,0.967857837677002
ligand_0.pkl,ligand_1295.pkl,0.0,0.0,0.0,d:\PBCNet2.0\case\proQ\pickles\ligand_0.pkl,d:\PBCNet2.0\case\proQ\pickles\ligand_1295.pkl,0.9375320672988892
ligand_0.pkl,ligand_1296.pkl,0.0,0.0,0.0,d:\PBCNet2.0\case\proQ\pickles\ligand_0.pkl,d:\PBCNet2.0\case\proQ\pickles\ligand_1296.pkl,0.9067050218582153
ligand_0.pkl,ligand_1297.pkl,0.0,0.0,0.0,d:\PBCNet2.0\case\proQ\pickles\ligand_0.pkl,d:\PBCNet2.0\case\proQ\pickles\ligand_1297.pkl,0.9340921640396118
ligand_0.pkl,ligand_1298.pkl,0.0,0.0,0.0,d:\PBCNet2.0\case\proQ\pickles\ligand_0.pkl,d:\PBCNet2.0\case\proQ\pickles\ligand_1298.pkl,0.9602546691894531
ligand_0.pkl,ligand_1299.pkl,0.0,0.0,0.0,d:\PBCNet2.0\case\proQ\pickles\ligand_0.pkl,d:\PBCNet2.0\case\proQ\pickles\ligand_1299.pkl,0.851325511932373
ligand_0.pkl,ligand_13.pkl,0.0,0.0,0.0,d:\PBCNet2.0\case\proQ\pickles\ligand_0.pkl,d:\PBCNet2.0\case\proQ\pickles\ligand_13.pkl,0.8891696333885193
ligand_0.pkl,ligand_130.pkl,0.0,0.0,0.0,d:\PBCNet2.0\case\proQ\pickles\ligand_0.pkl,d:\PBCNet2.0\case\proQ\pickles\ligand_130.pkl,0.8823956847190857
ligand_0.pkl,ligand_1300.pkl,0.0,0.0,0.0,d:\PBCNet2.0\case\proQ\pickles\ligand_0.pkl,d:\PBCNet2.0\case\proQ\pickles\ligand_1300.pkl,0.8739071488380432
ligand_0.pkl,ligand_1301.pkl,0.0,0.0,0.0,d:\PBCNet2.0\case\proQ\pickles\ligand_0.pkl,d:\PBCNet2.0\case\proQ\pickles\ligand_1301.pkl,0.7365648746490479
ligand_0.pkl,ligand_1302.pkl,0.0,0.0,0.0,d:\PBCNet2.0\case\proQ\pickles\ligand_0.pkl,d:\PBCNet2.0\case\proQ\pickles\ligand_1302.pkl,1.0083390474319458
ligand_0.pkl,ligand_1303.pkl,0.0,0.0,0.0,d:\PBCNet2.0\case\proQ\pickles\ligand_0.pkl,d:\PBCNet2.0\case\proQ\pickles\ligand_1303.pkl,0.7912843227386475
ligand_0.pkl,ligand_1304.pkl,0.0,0.0,0.0,d:\PBCNet2.0\case\proQ\pickles\ligand_0.pkl,d:\PBCNet2.0\case\proQ\pickles\ligand_1304.pkl,0.8475217223167419
ligand_0.pkl,ligand_1305.pkl,0.0,0.0,0.0,d:\PBCNet2.0\case\proQ\pickles\ligand_0.pkl,d:\PBCNet2.0\case\proQ\pickles\ligand_1305.pkl,0.9504636526107788
ligand_0.pkl,ligand_1306.pkl,0.0,0.0,0.0,d:\PBCNet2.0\case\proQ\pickles\ligand_0.pkl,d:\PBCNet2.0\case\proQ\pickles\ligand_1306.pkl,0.7758597731590271
ligand_0.pkl,ligand_1307.pkl,0.0,0.0,0.0,d:\PBCNet2.0\case\proQ\pickles\ligand_0.pkl,d:\PBCNet2.0\case\proQ\pickles\ligand_1307.pkl,0.9355008602142334
ligand_0.pkl,ligand_1308.pkl,0.0,0.0,0.0,d:\PBCNet2.0\case\proQ\pickles\ligand_0.pkl,d:\PBCNet2.0\case\proQ\pickles\ligand_1308.pkl,0.9035879373550415
ligand_0.pkl,ligand_1309.pkl,0.0,0.0,0.0,d:\PBCNet2.0\case\proQ\pickles\ligand_0.pkl,d:\PBCNet2.0\case\proQ\pickles\ligand_1309.pkl,0.9308682680130005
ligand_0.pkl,ligand_131.pkl,0.0,0.0,0.0,d:\PBCNet2.0\case\proQ\pickles\ligand_0.pkl,d:\PBCNet2.0\case\proQ\pickles\ligand_131.pkl,0.8675193786621094
ligand_0.pkl,ligand_1310.pkl,0.0,0.0,0.0,d:\PBCNet2.0\case\proQ\pickles\ligand_0.pkl,d:\PBCNet2.0\case\proQ\pickles\ligand_1310.pkl,0.9495811462402344
ligand_0.pkl,ligand_1311.pkl,0.0,0.0,0.0,d:\PBCNet2.0\case\proQ\pickles\ligand_0.pkl,d:\PBCNet2.0\case\proQ\pickles\ligand_1311.pkl,0.8457416296005249
ligand_0.pkl,ligand_1312.pkl,0.0,0.0,0.0,d:\PBCNet2.0\case\proQ\pickles\ligand_0.pkl,d:\PBCNet2.0\case\proQ\pickles\ligand_1312.pkl,0.9496411085128784
ligand_0.pkl,ligand_1313.pkl,0.0,0.0,0.0,d:\PBCNet2.0\case\proQ\pickles\ligand_0.pkl,d:\PBCNet2.0\case\proQ\pickles\ligand_1313.pkl,0.8524677753448486
ligand_0.pkl,ligand_1314.pkl,0.0,0.0,0.0,d:\PBCNet2.0\case\proQ\pickles\ligand_0.pkl,d:\PBCNet2.0\case\proQ\pickles\ligand_1314.pkl,0.9592937231063843
ligand_0.pkl,ligand_1315.pkl,0.0,0.0,0.0,d:\PBCNet2.0\case\proQ\pickles\ligand_0.pkl,d:\PBCNet2.0\case\proQ\pickles\ligand_1315.pkl,0.9609979391098022
ligand_0.pkl,ligand_1316.pkl,0.0,0.0,0.0,d:\PBCNet2.0\case\proQ\pickles\ligand_0.pkl,d:\PBCNet2.0\case\proQ\pickles\ligand_1316.pkl,0.7978113889694214
ligand_0.pkl,ligand_1317.pkl,0.0,0.0,0.0,d:\PBCNet2.0\case\proQ\pickles\ligand_0.pkl,d:\PBCNet2.0\case\proQ\pickles\ligand_1317.pkl,0.9760891199111938
ligand_0.pkl,ligand_1318.pkl,0.0,0.0,0.0,d:\PBCNet2.0\case\proQ\pickles\ligand_0.pkl,d:\PBCNet2.0\case\proQ\pickles\ligand_1318.pkl,1.0559433698654175
ligand_0.pkl,ligand_1319.pkl,0.0,0.0,0.0,d:\PBCNet2.0\case\proQ\pickles\ligand_0.pkl,d:\PBCNet2.0\case\proQ\pickles\ligand_1319.pkl,0.9425328969955444
ligand_0.pkl,ligand_132.pkl,0.0,0.0,0.0,d:\PBCNet2.0\case\proQ\pickles\ligand_0.pkl,d:\PBCNet2.0\case\proQ\pickles\ligand_132.pkl,0.9940292835235596
ligand_0.pkl,ligand_1320.pkl,0.0,0.0,0.0,d:\PBCNet2.0\case\proQ\pickles\ligand_0.pkl,d:\PBCNet2.0\case\proQ\pickles\ligand_1320.pkl,0.8674455881118774
ligand_0.pkl,ligand_1321.pkl,0.0,0.0,0.0,d:\PBCNet2.0\case\proQ\pickles\ligand_0.pkl,d:\PBCNet2.0\case\proQ\pickles\ligand_1321.pkl,0.8544317483901978
ligand_0.pkl,ligand_1322.pkl,0.0,0.0,0.0,d:\PBCNet2.0\case\proQ\pickles\ligand_0.pkl,d:\PBCNet2.0\case\proQ\pickles\ligand_1322.pkl,1.0075632333755493
ligand_0.pkl,ligand_1323.pkl,0.0,0.0,0.0,d:\PBCNet2.0\case\proQ\pickles\ligand_0.pkl,d:\PBCNet2.0\case\proQ\pickles\ligand_1323.pkl,0.9609748125076294
ligand_0.pkl,ligand_1324.pkl,0.0,0.0,0.0,d:\PBCNet2.0\case\proQ\pickles\ligand_0.pkl,d:\PBCNet2.0\case\proQ\pickles\ligand_1324.pkl,0.9959901571273804
ligand_0.pkl,ligand_1325.pkl,0.0,0.0,0.0,d:\PBCNet2.0\case\proQ\pickles\ligand_0.pkl,d:\PBCNet2.0\case\proQ\pickles\ligand_1325.pkl,0.9726443290710449
ligand_0.pkl,ligand_1326.pkl,0.0,0.0,0.0,d:\PBCNet2.0\case\proQ\pickles\ligand_0.pkl,d:\PBCNet2.0\case\proQ\pickles\ligand_1326.pkl,0.8792248964309692
ligand_0.pkl,ligand_1327.pkl,0.0,0.0,0.0,d:\PBCNet2.0\case\proQ\pickles\ligand_0.pkl,d:\PBCNet2.0\case\proQ\pickles\ligand_1327.pkl,0.9418720006942749
ligand_0.pkl,ligand_1328.pkl,0.0,0.0,0.0,d:\PBCNet2.0\case\proQ\pickles\ligand_0.pkl,d:\PBCNet2.0\case\proQ\pickles\ligand_1328.pkl,1.0596562623977661
ligand_0.pkl,ligand_1329.pkl,0.0,0.0,0.0,d:\PBCNet2.0\case\proQ\pickles\ligand_0.pkl,d:\PBCNet2.0\case\proQ\pickles\ligand_1329.pkl,1.0028955936431885
ligand_0.pkl,ligand_133.pkl,0.0,0.0,0.0,d:\PBCNet2.0\case\proQ\pickles\ligand_0.pkl,d:\PBCNet2.0\case\proQ\pickles\ligand_133.pkl,0.9298548698425293
ligand_0.pkl,ligand_1330.pkl,0.0,0.0,0.0,d:\PBCNet2.0\case\proQ\pickles\ligand_0.pkl,d:\PBCNet2.0\case\proQ\pickles\ligand_1330.pkl,0.9013110399246216
ligand_0.pkl,ligand_1331.pkl,0.0,0.0,0.0,d:\PBCNet2.0\case\proQ\pickles\ligand_0.pkl,d:\PBCNet2.0\case\proQ\pickles\ligand_1331.pkl,0.8959650993347168
ligand_0.pkl,ligand_1332.pkl,0.0,0.0,0.0,d:\PBCNet2.0\case\proQ\pickles\ligand_0.pkl,d:\PBCNet2.0\case\proQ\pickles\ligand_1332.pkl,0.8943808674812317
ligand_0.pkl,ligand_1333.pkl,0.0,0.0,0.0,d:\PBCNet2.0\case\proQ\pickles\ligand_0.pkl,d:\PBCNet2.0\case\proQ\pickles\ligand_1333.pkl,0.9443774223327637
ligand_0.pkl,ligand_1334.pkl,0.0,0.0,0.0,d:\PBCNet2.0\case\proQ\pickles\ligand_0.pkl,d:\PBCNet2.0\case\proQ\pickles\ligand_1334.pkl,0.9232621192932129
ligand_0.pkl,ligand_1335.pkl,0.0,0.0,0.0,d:\PBCNet2.0\case\proQ\pickles\ligand_0.pkl,d:\PBCNet2.0\case\proQ\pickles\ligand_1335.pkl,0.9434076547622681
ligand_0.pkl,ligand_1336.pkl,0.0,0.0,0.0,d:\PBCNet2.0\case\proQ\pickles\ligand_0.pkl,d:\PBCNet2.0\case\proQ\pickles\ligand_1336.pkl,0.9433311223983765
ligand_0.pkl,ligand_1337.pkl,0.0,0.0,0.0,d:\PBCNet2.0\case\proQ\pickles\ligand_0.pkl,d:\PBCNet2.0\case\proQ\pickles\ligand_1337.pkl,0.9166959524154663
ligand_0.pkl,ligand_1338.pkl,0.0,0.0,0.0,d:\PBCNet2.0\case\proQ\pickles\ligand_0.pkl,d:\PBCNet2.0\case\proQ\pickles\ligand_1338.pkl,0.8924741148948669
ligand_0.pkl,ligand_1339.pkl,0.0,0.0,0.0,d:\PBCNet2.0\case\proQ\pickles\ligand_0.pkl,d:\PBCNet2.0\case\proQ\pickles\ligand_1339.pkl,0.874683141708374
ligand_0.pkl,ligand_134.pkl,0.0,0.0,0.0,d:\PBCNet2.0\case\proQ\pickles\ligand_0.pkl,d:\PBCNet2.0\case\proQ\pickles\ligand_134.pkl,0.9283542633056641
ligand_0.pkl,ligand_1340.pkl,0.0,0.0,0.0,d:\PBCNet2.0\case\proQ\pickles\ligand_0.pkl,d:\PBCNet2.0\case\proQ\pickles\ligand_1340.pkl,0.8670013546943665
ligand_0.pkl,ligand_1341.pkl,0.0,0.0,0.0,d:\PBCNet2.0\case\proQ\pickles\ligand_0.pkl,d:\PBCNet2.0\case\proQ\pickles\ligand_1341.pkl,1.0889006853103638
ligand_0.pkl,ligand_1342.pkl,0.0,0.0,0.0,d:\PBCNet2.0\case\proQ\pickles\ligand_0.pkl,d:\PBCNet2.0\case\proQ\pickles\ligand_1342.pkl,0.9641592502593994
ligand_0.pkl,ligand_1343.pkl,0.0,0.0,0.0,d:\PBCNet2.0\case\proQ\pickles\ligand_0.pkl,d:\PBCNet2.0\case\proQ\pickles\ligand_1343.pkl,0.9160677194595337
ligand_0.pkl,ligand_1344.pkl,0.0,0.0,0.0,d:\PBCNet2.0\case\proQ\pickles\ligand_0.pkl,d:\PBCNet2.0\case\proQ\pickles\ligand_1344.pkl,0.8253235816955566
ligand_0.pkl,ligand_1345.pkl,0.0,0.0,0.0,d:\PBCNet2.0\case\proQ\pickles\ligand_0.pkl,d:\PBCNet2.0\case\proQ\pickles\ligand_1345.pkl,0.9265471696853638
ligand_0.pkl,ligand_1346.pkl,0.0,0.0,0.0,d:\PBCNet2.0\case\proQ\pickles\ligand_0.pkl,d:\PBCNet2.0\case\proQ\pickles\ligand_1346.pkl,0.9067752361297607
ligand_0.pkl,ligand_1347.pkl,0.0,0.0,0.0,d:\PBCNet2.0\case\proQ\pickles\ligand_0.pkl,d:\PBCNet2.0\case\proQ\pickles\ligand_1347.pkl,0.915805459022522
ligand_0.pkl,ligand_1348.pkl,0.0,0.0,0.0,d:\PBCNet2.0\case\proQ\pickles\ligand_0.pkl,d:\PBCNet2.0\case\proQ\pickles\ligand_1348.pkl,0.8674747347831726
ligand_0.pkl,ligand_1349.pkl,0.0,0.0,0.0,d:\PBCNet2.0\case\proQ\pickles\ligand_0.pkl,d:\PBCNet2.0\case\proQ\pickles\ligand_1349.pkl,0.9069861173629761
ligand_0.pkl,ligand_135.pkl,0.0,0.0,0.0,d:\PBCNet2.0\case\proQ\pickles\ligand_0.pkl,d:\PBCNet2.0\case\proQ\pickles\ligand_135.pkl,0.8867776393890381
ligand_0.pkl,ligand_1350.pkl,0.0,0.0,0.0,d:\PBCNet2.0\case\proQ\pickles\ligand_0.pkl,d:\PBCNet2.0\case\proQ\pickles\ligand_1350.pkl,0.9476791620254517
ligand_0.pkl,ligand_1351.pkl,0.0,0.0,0.0,d:\PBCNet2.0\case\proQ\pickles\ligand_0.pkl,d:\PBCNet2.0\case\proQ\pickles\ligand_1351.pkl,0.8846834897994995
ligand_0.pkl,ligand_1352.pkl,0.0,0.0,0.0,d:\PBCNet2.0\case\proQ\pickles\ligand_0.pkl,d:\PBCNet2.0\case\proQ\pickles\ligand_1352.pkl,0.9682291746139526
ligand_0.pkl,ligand_1353.pkl,0.0,0.0,0.0,d:\PBCNet2.0\case\proQ\pickles\ligand_0.pkl,d:\PBCNet2.0\case\proQ\pickles\ligand_1353.pkl,0.893024742603302
ligand_0.pkl,ligand_1354.pkl,0.0,0.0,0.0,d:\PBCNet2.0\case\proQ\pickles\ligand_0.pkl,d:\PBCNet2.0\case\proQ\pickles\ligand_1354.pkl,0.8907431364059448
ligand_0.pkl,ligand_1355.pkl,0.0,0.0,0.0,d:\PBCNet2.0\case\proQ\pickles\ligand_0.pkl,d:\PBCNet2.0\case\proQ\pickles\ligand_1355.pkl,1.0455132722854614
ligand_0.pkl,ligand_1356.pkl,0.0,0.0,0.0,d:\PBCNet2.0\case\proQ\pickles\ligand_0.pkl,d:\PBCNet2.0\case\proQ\pickles\ligand_1356.pkl,0.8620386123657227
ligand_0.pkl,ligand_1357.pkl,0.0,0.0,0.0,d:\PBCNet2.0\case\proQ\pickles\ligand_0.pkl,d:\PBCNet2.0\case\proQ\pickles\ligand_1357.pkl,0.8438836336135864
ligand_0.pkl,ligand_1358.pkl,0.0,0.0,0.0,d:\PBCNet2.0\case\proQ\pickles\ligand_0.pkl,d:\PBCNet2.0\case\proQ\pickles\ligand_1358.pkl,0.7843126058578491
ligand_0.pkl,ligand_1359.pkl,0.0,0.0,0.0,d:\PBCNet2.0\case\proQ\pickles\ligand_0.pkl,d:\PBCNet2.0\case\proQ\pickles\ligand_1359.pkl,0.7777650952339172
ligand_0.pkl,ligand_136.pkl,0.0,0.0,0.0,d:\PBCNet2.0\case\proQ\pickles\ligand_0.pkl,d:\PBCNet2.0\case\proQ\pickles\ligand_136.pkl,0.8918760418891907
ligand_0.pkl,ligand_1360.pkl,0.0,0.0,0.0,d:\PBCNet2.0\case\proQ\pickles\ligand_0.pkl,d:\PBCNet2.0\case\proQ\pickles\ligand_1360.pkl,0.976209282875061
ligand_0.pkl,ligand_1361.pkl,0.0,0.0,0.0,d:\PBCNet2.0\case\proQ\pickles\ligand_0.pkl,d:\PBCNet2.0\case\proQ\pickles\ligand_1361.pkl,0.96098792552948
ligand_0.pkl,ligand_1362.pkl,0.0,0.0,0.0,d:\PBCNet2.0\case\proQ\pickles\ligand_0.pkl,d:\PBCNet2.0\case\proQ\pickles\ligand_1362.pkl,0.8943343162536621
ligand_0.pkl,ligand_1363.pkl,0.0,0.0,0.0,d:\PBCNet2.0\case\proQ\pickles\ligand_0.pkl,d:\PBCNet2.0\case\proQ\pickles\ligand_1363.pkl,0.9184757471084595
ligand_0.pkl,ligand_1364.pkl,0.0,0.0,0.0,d:\PBCNet2.0\case\proQ\pickles\ligand_0.pkl,d:\PBCNet2.0\case\proQ\pickles\ligand_1364.pkl,0.8625932931900024
ligand_0.pkl,ligand_1365.pkl,0.0,0.0,0.0,d:\PBCNet2.0\case\proQ\pickles\ligand_0.pkl,d:\PBCNet2.0\case\proQ\pickles\ligand_1365.pkl,0.8900811076164246
ligand_0.pkl,ligand_1366.pkl,0.0,0.0,0.0,d:\PBCNet2.0\case\proQ\pickles\ligand_0.pkl,d:\PBCNet2.0\case\proQ\pickles\ligand_1366.pkl,0.6784543991088867
ligand_0.pkl,ligand_1367.pkl,0.0,0.0,0.0,d:\PBCNet2.0\case\proQ\pickles\ligand_0.pkl,d:\PBCNet2.0\case\proQ\pickles\ligand_1367.pkl,0.9593456983566284
ligand_0.pkl,ligand_1368.pkl,0.0,0.0,0.0,d:\PBCNet2.0\case\proQ\pickles\ligand_0.pkl,d:\PBCNet2.0\case\proQ\pickles\ligand_1368.pkl,0.896863579750061
ligand_0.pkl,ligand_1369.pkl,0.0,0.0,0.0,d:\PBCNet2.0\case\proQ\pickles\ligand_0.pkl,d:\PBCNet2.0\case\proQ\pickles\ligand_1369.pkl,0.9157975912094116
ligand_0.pkl,ligand_137.pkl,0.0,0.0,0.0,d:\PBCNet2.0\case\proQ\pickles\ligand_0.pkl,d:\PBCNet2.0\case\proQ\pickles\ligand_137.pkl,0.9429197311401367
ligand_0.pkl,ligand_1370.pkl,0.0,0.0,0.0,d:\PBCNet2.0\case\proQ\pickles\ligand_0.pkl,d:\PBCNet2.0\case\proQ\pickles\ligand_1370.pkl,0.9508572816848755
ligand_0.pkl,ligand_1371.pkl,0.0,0.0,0.0,d:\PBCNet2.0\case\proQ\pickles\ligand_0.pkl,d:\PBCNet2.0\case\proQ\pickles\ligand_1371.pkl,0.9549869298934937
ligand_0.pkl,ligand_1372.pkl,0.0,0.0,0.0,d:\PBCNet2.0\case\proQ\pickles\ligand_0.pkl,d:\PBCNet2.0\case\proQ\pickles\ligand_1372.pkl,0.8886783719062805
ligand_0.pkl,ligand_1373.pkl,0.0,0.0,0.0,d:\PBCNet2.0\case\proQ\pickles\ligand_0.pkl,d:\PBCNet2.0\case\proQ\pickles\ligand_1373.pkl,0.7609266042709351
ligand_0.pkl,ligand_1374.pkl,0.0,0.0,0.0,d:\PBCNet2.0\case\proQ\pickles\ligand_0.pkl,d:\PBCNet2.0\case\proQ\pickles\ligand_1374.pkl,0.7026193141937256
ligand_0.pkl,ligand_1375.pkl,0.0,0.0,0.0,d:\PBCNet2.0\case\proQ\pickles\ligand_0.pkl,d:\PBCNet2.0\case\proQ\pickles\ligand_1375.pkl,0.8295788764953613
ligand_0.pkl,ligand_1376.pkl,0.0,0.0,0.0,d:\PBCNet2.0\case\proQ\pickles\ligand_0.pkl,d:\PBCNet2.0\case\proQ\pickles\ligand_1376.pkl,0.9383885860443115
ligand_0.pkl,ligand_1377.pkl,0.0,0.0,0.0,d:\PBCNet2.0\case\proQ\pickles\ligand_0.pkl,d:\PBCNet2.0\case\proQ\pickles\ligand_1377.pkl,0.8082239031791687
ligand_0.pkl,ligand_1378.pkl,0.0,0.0,0.0,d:\PBCNet2.0\case\proQ\pickles\ligand_0.pkl,d:\PBCNet2.0\case\proQ\pickles\ligand_1378.pkl,0.931026816368103
ligand_0.pkl,ligand_1379.pkl,0.0,0.0,0.0,d:\PBCNet2.0\case\proQ\pickles\ligand_0.pkl,d:\PBCNet2.0\case\proQ\pickles\ligand_1379.pkl,0.9522777795791626
ligand_0.pkl,ligand_138.pkl,0.0,0.0,0.0,d:\PBCNet2.0\case\proQ\pickles\ligand_0.pkl,d:\PBCNet2.0\case\proQ\pickles\ligand_138.pkl,0.864325761795044
ligand_0.pkl,ligand_1380.pkl,0.0,0.0,0.0,d:\PBCNet2.0\case\proQ\pickles\ligand_0.pkl,d:\PBCNet2.0\case\proQ\pickles\ligand_1380.pkl,0.9128689765930176
ligand_0.pkl,ligand_1381.pkl,0.0,0.0,0.0,d:\PBCNet2.0\case\proQ\pickles\ligand_0.pkl,d:\PBCNet2.0\case\proQ\pickles\ligand_1381.pkl,1.0068203210830688
ligand_0.pkl,ligand_1382.pkl,0.0,0.0,0.0,d:\PBCNet2.0\case\proQ\pickles\ligand_0.pkl,d:\PBCNet2.0\case\proQ\pickles\ligand_1382.pkl,0.9525824785232544
ligand_0.pkl,ligand_1383.pkl,0.0,0.0,0.0,d:\PBCNet2.0\case\proQ\pickles\ligand_0.pkl,d:\PBCNet2.0\case\proQ\pickles\ligand_1383.pkl,0.9282101392745972
ligand_0.pkl,ligand_1384.pkl,0.0,0.0,0.0,d:\PBCNet2.0\case\proQ\pickles\ligand_0.pkl,d:\PBCNet2.0\case\proQ\pickles\ligand_1384.pkl,0.8835804462432861
ligand_0.pkl,ligand_1385.pkl,0.0,0.0,0.0,d:\PBCNet2.0\case\proQ\pickles\ligand_0.pkl,d:\PBCNet2.0\case\proQ\pickles\ligand_1385.pkl,1.054432988166809
ligand_0.pkl,ligand_1386.pkl,0.0,0.0,0.0,d:\PBCNet2.0\case\proQ\pickles\ligand_0.pkl,d:\PBCNet2.0\case\proQ\pickles\ligand_1386.pkl,0.9350844621658325
ligand_0.pkl,ligand_1387.pkl,0.0,0.0,0.0,d:\PBCNet2.0\case\proQ\pickles\ligand_0.pkl,d:\PBCNet2.0\case\proQ\pickles\ligand_1387.pkl,0.9326441287994385
ligand_0.pkl,ligand_1388.pkl,0.0,0.0,0.0,d:\PBCNet2.0\case\proQ\pickles\ligand_0.pkl,d:\PBCNet2.0\case\proQ\pickles\ligand_1388.pkl,0.9691570997238159
ligand_0.pkl,ligand_1389.pkl,0.0,0.0,0.0,d:\PBCNet2.0\case\proQ\pickles\ligand_0.pkl,d:\PBCNet2.0\case\proQ\pickles\ligand_1389.pkl,0.8597413301467896
ligand_0.pkl,ligand_139.pkl,0.0,0.0,0.0,d:\PBCNet2.0\case\proQ\pickles\ligand_0.pkl,d:\PBCNet2.0\case\proQ\pickles\ligand_139.pkl,0.8299514055252075
ligand_0.pkl,ligand_1390.pkl,0.0,0.0,0.0,d:\PBCNet2.0\case\proQ\pickles\ligand_0.pkl,d:\PBCNet2.0\case\proQ\pickles\ligand_1390.pkl,0.8747909069061279
ligand_0.pkl,ligand_1391.pkl,0.0,0.0,0.0,d:\PBCNet2.0\case\proQ\pickles\ligand_0.pkl,d:\PBCNet2.0\case\proQ\pickles\ligand_1391.pkl,0.9782372713088989
ligand_0.pkl,ligand_1392.pkl,0.0,0.0,0.0,d:\PBCNet2.0\case\proQ\pickles\ligand_0.pkl,d:\PBCNet2.0\case\proQ\pickles\ligand_1392.pkl,0.9492958784103394
ligand_0.pkl,ligand_1393.pkl,0.0,0.0,0.0,d:\PBCNet2.0\case\proQ\pickles\ligand_0.pkl,d:\PBCNet2.0\case\proQ\pickles\ligand_1393.pkl,1.1700166463851929
ligand_0.pkl,ligand_1394.pkl,0.0,0.0,0.0,d:\PBCNet2.0\case\proQ\pickles\ligand_0.pkl,d:\PBCNet2.0\case\proQ\pickles\ligand_1394.pkl,0.8527354001998901
ligand_0.pkl,ligand_1395.pkl,0.0,0.0,0.0,d:\PBCNet2.0\case\proQ\pickles\ligand_0.pkl,d:\PBCNet2.0\case\proQ\pickles\ligand_1395.pkl,0.849211573600769
ligand_0.pkl,ligand_1396.pkl,0.0,0.0,0.0,d:\PBCNet2.0\case\proQ\pickles\ligand_0.pkl,d:\PBCNet2.0\case\proQ\pickles\ligand_1396.pkl,0.9951537847518921
ligand_0.pkl,ligand_1397.pkl,0.0,0.0,0.0,d:\PBCNet2.0\case\proQ\pickles\ligand_0.pkl,d:\PBCNet2.0\case\proQ\pickles\ligand_1397.pkl,0.531769871711731
ligand_0.pkl,ligand_1398.pkl,0.0,0.0,0.0,d:\PBCNet2.0\case\proQ\pickles\ligand_0.pkl,d:\PBCNet2.0\case\proQ\pickles\ligand_1398.pkl,0.8265514373779297
ligand_0.pkl,ligand_1399.pkl,0.0,0.0,0.0,d:\PBCNet2.0\case\proQ\pickles\ligand_0.pkl,d:\PBCNet2.0\case\proQ\pickles\ligand_1399.pkl,0.953546404838562
ligand_0.pkl,ligand_14.pkl,0.0,0.0,0.0,d:\PBCNet2.0\case\proQ\pickles\ligand_0.pkl,d:\PBCNet2.0\case\proQ\pickles\ligand_14.pkl,1.0238178968429565
ligand_0.pkl,ligand_140.pkl,0.0,0.0,0.0,d:\PBCNet2.0\case\proQ\pickles\ligand_0.pkl,d:\PBCNet2.0\case\proQ\pickles\ligand_140.pkl,0.8634558916091919
ligand_0.pkl,ligand_1400.pkl,0.0,0.0,0.0,d:\PBCNet2.0\case\proQ\pickles\ligand_0.pkl,d:\PBCNet2.0\case\proQ\pickles\ligand_1400.pkl,0.9226418733596802
ligand_0.pkl,ligand_1401.pkl,0.0,0.0,0.0,d:\PBCNet2.0\case\proQ\pickles\ligand_0.pkl,d:\PBCNet2.0\case\proQ\pickles\ligand_1401.pkl,0.8808958530426025
ligand_0.pkl,ligand_1402.pkl,0.0,0.0,0.0,d:\PBCNet2.0\case\proQ\pickles\ligand_0.pkl,d:\PBCNet2.0\case\proQ\pickles\ligand_1402.pkl,0.9394985437393188
ligand_0.pkl,ligand_1403.pkl,0.0,0.0,0.0,d:\PBCNet2.0\case\proQ\pickles\ligand_0.pkl,d:\PBCNet2.0\case\proQ\pickles\ligand_1403.pkl,0.8191561698913574
ligand_0.pkl,ligand_1404.pkl,0.0,0.0,0.0,d:\PBCNet2.0\case\proQ\pickles\ligand_0.pkl,d:\PBCNet2.0\case\proQ\pickles\ligand_1404.pkl,0.9410003423690796
ligand_0.pkl,ligand_1405.pkl,0.0,0.0,0.0,d:\PBCNet2.0\case\proQ\pickles\ligand_0.pkl,d:\PBCNet2.0\case\proQ\pickles\ligand_1405.pkl,0.883868932723999
ligand_0.pkl,ligand_1406.pkl,0.0,0.0,0.0,d:\PBCNet2.0\case\proQ\pickles\ligand_0.pkl,d:\PBCNet2.0\case\proQ\pickles\ligand_1406.pkl,0.9833184480667114
ligand_0.pkl,ligand_1407.pkl,0.0,0.0,0.0,d:\PBCNet2.0\case\proQ\pickles\ligand_0.pkl,d:\PBCNet2.0\case\proQ\pickles\ligand_1407.pkl,0.9834823608398438
ligand_0.pkl,ligand_1408.pkl,0.0,0.0,0.0,d:\PBCNet2.0\case\proQ\pickles\ligand_0.pkl,d:\PBCNet2.0\case\proQ\pickles\ligand_1408.pkl,0.8715299367904663
ligand_0.pkl,ligand_1409.pkl,0.0,0.0,0.0,d:\PBCNet2.0\case\proQ\pickles\ligand_0.pkl,d:\PBCNet2.0\case\proQ\pickles\ligand_1409.pkl,0.9652196168899536
ligand_0.pkl,ligand_141.pkl,0.0,0.0,0.0,d:\PBCNet2.0\case\proQ\pickles\ligand_0.pkl,d:\PBCNet2.0\case\proQ\pickles\ligand_141.pkl,0.9497389793395996
ligand_0.pkl,ligand_1410.pkl,0.0,0.0,0.0,d:\PBCNet2.0\case\proQ\pickles\ligand_0.pkl,d:\PBCNet2.0\case\proQ\pickles\ligand_1410.pkl,0.908044695854187
ligand_0.pkl,ligand_1411.pkl,0.0,0.0,0.0,d:\PBCNet2.0\case\proQ\pickles\ligand_0.pkl,d:\PBCNet2.0\case\proQ\pickles\ligand_1411.pkl,0.8378732204437256
ligand_0.pkl,ligand_1412.pkl,0.0,0.0,0.0,d:\PBCNet2.0\case\proQ\pickles\ligand_0.pkl,d:\PBCNet2.0\case\proQ\pickles\ligand_1412.pkl,1.0095008611679077
ligand_0.pkl,ligand_1413.pkl,0.0,0.0,0.0,d:\PBCNet2.0\case\proQ\pickles\ligand_0.pkl,d:\PBCNet2.0\case\proQ\pickles\ligand_1413.pkl,0.9730998277664185
ligand_0.pkl,ligand_1414.pkl,0.0,0.0,0.0,d:\PBCNet2.0\case\proQ\pickles\ligand_0.pkl,d:\PBCNet2.0\case\proQ\pickles\ligand_1414.pkl,0.9961899518966675
ligand_0.pkl,ligand_1415.pkl,0.0,0.0,0.0,d:\PBCNet2.0\case\proQ\pickles\ligand_0.pkl,d:\PBCNet2.0\case\proQ\pickles\ligand_1415.pkl,0.8995219469070435
ligand_0.pkl,ligand_1416.pkl,0.0,0.0,0.0,d:\PBCNet2.0\case\proQ\pickles\ligand_0.pkl,d:\PBCNet2.0\case\proQ\pickles\ligand_1416.pkl,0.9169954061508179
ligand_0.pkl,ligand_1417.pkl,0.0,0.0,0.0,d:\PBCNet2.0\case\proQ\pickles\ligand_0.pkl,d:\PBCNet2.0\case\proQ\pickles\ligand_1417.pkl,0.9085289239883423
ligand_0.pkl,ligand_1418.pkl,0.0,0.0,0.0,d:\PBCNet2.0\case\proQ\pickles\ligand_0.pkl,d:\PBCNet2.0\case\proQ\pickles\ligand_1418.pkl,0.9178973436355591
ligand_0.pkl,ligand_1419.pkl,0.0,0.0,0.0,d:\PBCNet2.0\case\proQ\pickles\ligand_0.pkl,d:\PBCNet2.0\case\proQ\pickles\ligand_1419.pkl,0.9070754051208496
ligand_0.pkl,ligand_142.pkl,0.0,0.0,0.0,d:\PBCNet2.0\case\proQ\pickles\ligand_0.pkl,d:\PBCNet2.0\case\proQ\pickles\ligand_142.pkl,0.936281681060791
ligand_0.pkl,ligand_1420.pkl,0.0,0.0,0.0,d:\PBCNet2.0\case\proQ\pickles\ligand_0.pkl,d:\PBCNet2.0\case\proQ\pickles\ligand_1420.pkl,0.9203199148178101
ligand_0.pkl,ligand_1421.pkl,0.0,0.0,0.0,d:\PBCNet2.0\case\proQ\pickles\ligand_0.pkl,d:\PBCNet2.0\case\proQ\pickles\ligand_1421.pkl,0.8966678380966187
ligand_0.pkl,ligand_1422.pkl,0.0,0.0,0.0,d:\PBCNet2.0\case\proQ\pickles\ligand_0.pkl,d:\PBCNet2.0\case\proQ\pickles\ligand_1422.pkl,0.8348664045333862
ligand_0.pkl,ligand_1423.pkl,0.0,0.0,0.0,d:\PBCNet2.0\case\proQ\pickles\ligand_0.pkl,d:\PBCNet2.0\case\proQ\pickles\ligand_1423.pkl,0.9779762029647827
ligand_0.pkl,ligand_1424.pkl,0.0,0.0,0.0,d:\PBCNet2.0\case\proQ\pickles\ligand_0.pkl,d:\PBCNet2.0\case\proQ\pickles\ligand_1424.pkl,0.940326452255249
ligand_0.pkl,ligand_1425.pkl,0.0,0.0,0.0,d:\PBCNet2.0\case\proQ\pickles\ligand_0.pkl,d:\PBCNet2.0\case\proQ\pickles\ligand_1425.pkl,0.9376620054244995
ligand_0.pkl,ligand_1426.pkl,0.0,0.0,0.0,d:\PBCNet2.0\case\proQ\pickles\ligand_0.pkl,d:\PBCNet2.0\case\proQ\pickles\ligand_1426.pkl,0.9387800693511963
ligand_0.pkl,ligand_1427.pkl,0.0,0.0,0.0,d:\PBCNet2.0\case\proQ\pickles\ligand_0.pkl,d:\PBCNet2.0\case\proQ\pickles\ligand_1427.pkl,0.894033670425415
ligand_0.pkl,ligand_1428.pkl,0.0,0.0,0.0,d:\PBCNet2.0\case\proQ\pickles\ligand_0.pkl,d:\PBCNet2.0\case\proQ\pickles\ligand_1428.pkl,0.8730373978614807
ligand_0.pkl,ligand_1429.pkl,0.0,0.0,0.0,d:\PBCNet2.0\case\proQ\pickles\ligand_0.pkl,d:\PBCNet2.0\case\proQ\pickles\ligand_1429.pkl,0.9821285009384155
ligand_0.pkl,ligand_143.pkl,0.0,0.0,0.0,d:\PBCNet2.0\case\proQ\pickles\ligand_0.pkl,d:\PBCNet2.0\case\proQ\pickles\ligand_143.pkl,0.9545713663101196
ligand_0.pkl,ligand_1430.pkl,0.0,0.0,0.0,d:\PBCNet2.0\case\proQ\pickles\ligand_0.pkl,d:\PBCNet2.0\case\proQ\pickles\ligand_1430.pkl,0.9409949779510498
ligand_0.pkl,ligand_1431.pkl,0.0,0.0,0.0,d:\PBCNet2.0\case\proQ\pickles\ligand_0.pkl,d:\PBCNet2.0\case\proQ\pickles\ligand_1431.pkl,0.9748685359954834
ligand_0.pkl,ligand_1432.pkl,0.0,0.0,0.0,d:\PBCNet2.0\case\proQ\pickles\ligand_0.pkl,d:\PBCNet2.0\case\proQ\pickles\ligand_1432.pkl,0.9251375198364258
ligand_0.pkl,ligand_1433.pkl,0.0,0.0,0.0,d:\PBCNet2.0\case\proQ\pickles\ligand_0.pkl,d:\PBCNet2.0\case\proQ\pickles\ligand_1433.pkl,0.7777535915374756
ligand_0.pkl,ligand_1434.pkl,0.0,0.0,0.0,d:\PBCNet2.0\case\proQ\pickles\ligand_0.pkl,d:\PBCNet2.0\case\proQ\pickles\ligand_1434.pkl,0.8496463894844055
ligand_0.pkl,ligand_1435.pkl,0.0,0.0,0.0,d:\PBCNet2.0\case\proQ\pickles\ligand_0.pkl,d:\PBCNet2.0\case\proQ\pickles\ligand_1435.pkl,0.8021758794784546
ligand_0.pkl,ligand_1436.pkl,0.0,0.0,0.0,d:\PBCNet2.0\case\proQ\pickles\ligand_0.pkl,d:\PBCNet2.0\case\proQ\pickles\ligand_1436.pkl,0.863125205039978
ligand_0.pkl,ligand_1437.pkl,0.0,0.0,0.0,d:\PBCNet2.0\case\proQ\pickles\ligand_0.pkl,d:\PBCNet2.0\case\proQ\pickles\ligand_1437.pkl,0.9390395879745483
ligand_0.pkl,ligand_1438.pkl,0.0,0.0,0.0,d:\PBCNet2.0\case\proQ\pickles\ligand_0.pkl,d:\PBCNet2.0\case\proQ\pickles\ligand_1438.pkl,0.8870437145233154
ligand_0.pkl,ligand_1439.pkl,0.0,0.0,0.0,d:\PBCNet2.0\case\proQ\pickles\ligand_0.pkl,d:\PBCNet2.0\case\proQ\pickles\ligand_1439.pkl,0.8367351293563843
ligand_0.pkl,ligand_144.pkl,0.0,0.0,0.0,d:\PBCNet2.0\case\proQ\pickles\ligand_0.pkl,d:\PBCNet2.0\case\proQ\pickles\ligand_144.pkl,0.939749002456665
ligand_0.pkl,ligand_1440.pkl,0.0,0.0,0.0,d:\PBCNet2.0\case\proQ\pickles\ligand_0.pkl,d:\PBCNet2.0\case\proQ\pickles\ligand_1440.pkl,0.9092069864273071
ligand_0.pkl,ligand_1441.pkl,0.0,0.0,0.0,d:\PBCNet2.0\case\proQ\pickles\ligand_0.pkl,d:\PBCNet2.0\case\proQ\pickles\ligand_1441.pkl,0.8897422552108765
ligand_0.pkl,ligand_1442.pkl,0.0,0.0,0.0,d:\PBCNet2.0\case\proQ\pickles\ligand_0.pkl,d:\PBCNet2.0\case\proQ\pickles\ligand_1442.pkl,0.9230655431747437
ligand_0.pkl,ligand_1443.pkl,0.0,0.0,0.0,d:\PBCNet2.0\case\proQ\pickles\ligand_0.pkl,d:\PBCNet2.0\case\proQ\pickles\ligand_1443.pkl,0.9981273412704468
ligand_0.pkl,ligand_1444.pkl,0.0,0.0,0.0,d:\PBCNet2.0\case\proQ\pickles\ligand_0.pkl,d:\PBCNet2.0\case\proQ\pickles\ligand_1444.pkl,0.7870814800262451
ligand_0.pkl,ligand_1445.pkl,0.0,0.0,0.0,d:\PBCNet2.0\case\proQ\pickles\ligand_0.pkl,d:\PBCNet2.0\case\proQ\pickles\ligand_1445.pkl,0.7872986197471619
ligand_0.pkl,ligand_1446.pkl,0.0,0.0,0.0,d:\PBCNet2.0\case\proQ\pickles\ligand_0.pkl,d:\PBCNet2.0\case\proQ\pickles\ligand_1446.pkl,1.2312887907028198
ligand_0.pkl,ligand_1447.pkl,0.0,0.0,0.0,d:\PBCNet2.0\case\proQ\pickles\ligand_0.pkl,d:\PBCNet2.0\case\proQ\pickles\ligand_1447.pkl,0.9759950637817383
ligand_0.pkl,ligand_1448.pkl,0.0,0.0,0.0,d:\PBCNet2.0\case\proQ\pickles\ligand_0.pkl,d:\PBCNet2.0\case\proQ\pickles\ligand_1448.pkl,0.9728666543960571
ligand_0.pkl,ligand_1449.pkl,0.0,0.0,0.0,d:\PBCNet2.0\case\proQ\pickles\ligand_0.pkl,d:\PBCNet2.0\case\proQ\pickles\ligand_1449.pkl,0.8646455407142639
ligand_0.pkl,ligand_145.pkl,0.0,0.0,0.0,d:\PBCNet2.0\case\proQ\pickles\ligand_0.pkl,d:\PBCNet2.0\case\proQ\pickles\ligand_145.pkl,0.9673470258712769
ligand_0.pkl,ligand_1450.pkl,0.0,0.0,0.0,d:\PBCNet2.0\case\proQ\pickles\ligand_0.pkl,d:\PBCNet2.0\case\proQ\pickles\ligand_1450.pkl,0.8081536293029785
ligand_0.pkl,ligand_1451.pkl,0.0,0.0,0.0,d:\PBCNet2.0\case\proQ\pickles\ligand_0.pkl,d:\PBCNet2.0\case\proQ\pickles\ligand_1451.pkl,0.9262357950210571
ligand_0.pkl,ligand_1452.pkl,0.0,0.0,0.0,d:\PBCNet2.0\case\proQ\pickles\ligand_0.pkl,d:\PBCNet2.0\case\proQ\pickles\ligand_1452.pkl,0.9399350881576538
ligand_0.pkl,ligand_1453.pkl,0.0,0.0,0.0,d:\PBCNet2.0\case\proQ\pickles\ligand_0.pkl,d:\PBCNet2.0\case\proQ\pickles\ligand_1453.pkl,1.0715891122817993
ligand_0.pkl,ligand_1454.pkl,0.0,0.0,0.0,d:\PBCNet2.0\case\proQ\pickles\ligand_0.pkl,d:\PBCNet2.0\case\proQ\pickles\ligand_1454.pkl,0.7020565271377563
ligand_0.pkl,ligand_1455.pkl,0.0,0.0,0.0,d:\PBCNet2.0\case\proQ\pickles\ligand_0.pkl,d:\PBCNet2.0\case\proQ\pickles\ligand_1455.pkl,0.8409829139709473
ligand_0.pkl,ligand_1456.pkl,0.0,0.0,0.0,d:\PBCNet2.0\case\proQ\pickles\ligand_0.pkl,d:\PBCNet2.0\case\proQ\pickles\ligand_1456.pkl,0.9036860466003418
ligand_0.pkl,ligand_1457.pkl,0.0,0.0,0.0,d:\PBCNet2.0\case\proQ\pickles\ligand_0.pkl,d:\PBCNet2.0\case\proQ\pickles\ligand_1457.pkl,0.9349634647369385
ligand_0.pkl,ligand_1458.pkl,0.0,0.0,0.0,d:\PBCNet2.0\case\proQ\pickles\ligand_0.pkl,d:\PBCNet2.0\case\proQ\pickles\ligand_1458.pkl,0.9397485256195068
ligand_0.pkl,ligand_1459.pkl,0.0,0.0,0.0,d:\PBCNet2.0\case\proQ\pickles\ligand_0.pkl,d:\PBCNet2.0\case\proQ\pickles\ligand_1459.pkl,0.8280481100082397
ligand_0.pkl,ligand_146.pkl,0.0,0.0,0.0,d:\PBCNet2.0\case\proQ\pickles\ligand_0.pkl,d:\PBCNet2.0\case\proQ\pickles\ligand_146.pkl,0.9501196146011353
ligand_0.pkl,ligand_1460.pkl,0.0,0.0,0.0,d:\PBCNet2.0\case\proQ\pickles\ligand_0.pkl,d:\PBCNet2.0\case\proQ\pickles\ligand_1460.pkl,0.9201968908309937
ligand_0.pkl,ligand_1461.pkl,0.0,0.0,0.0,d:\PBCNet2.0\case\proQ\pickles\ligand_0.pkl,d:\PBCNet2.0\case\proQ\pickles\ligand_1461.pkl,0.39313405752182007
ligand_0.pkl,ligand_1462.pkl,0.0,0.0,0.0,d:\PBCNet2.0\case\proQ\pickles\ligand_0.pkl,d:\PBCNet2.0\case\proQ\pickles\ligand_1462.pkl,1.0914102792739868
ligand_0.pkl,ligand_1463.pkl,0.0,0.0,0.0,d:\PBCNet2.0\case\proQ\pickles\ligand_0.pkl,d:\PBCNet2.0\case\proQ\pickles\ligand_1463.pkl,0.9694510698318481
ligand_0.pkl,ligand_1464.pkl,0.0,0.0,0.0,d:\PBCNet2.0\case\proQ\pickles\ligand_0.pkl,d:\PBCNet2.0\case\proQ\pickles\ligand_1464.pkl,0.8410525321960449
ligand_0.pkl,ligand_1465.pkl,0.0,0.0,0.0,d:\PBCNet2.0\case\proQ\pickles\ligand_0.pkl,d:\PBCNet2.0\case\proQ\pickles\ligand_1465.pkl,0.9169210195541382
ligand_0.pkl,ligand_1466.pkl,0.0,0.0,0.0,d:\PBCNet2.0\case\proQ\pickles\ligand_0.pkl,d:\PBCNet2.0\case\proQ\pickles\ligand_1466.pkl,0.9286768436431885
ligand_0.pkl,ligand_1467.pkl,0.0,0.0,0.0,d:\PBCNet2.0\case\proQ\pickles\ligand_0.pkl,d:\PBCNet2.0\case\proQ\pickles\ligand_1467.pkl,1.0326234102249146
ligand_0.pkl,ligand_1468.pkl,0.0,0.0,0.0,d:\PBCNet2.0\case\proQ\pickles\ligand_0.pkl,d:\PBCNet2.0\case\proQ\pickles\ligand_1468.pkl,0.9216991662979126
ligand_0.pkl,ligand_1469.pkl,0.0,0.0,0.0,d:\PBCNet2.0\case\proQ\pickles\ligand_0.pkl,d:\PBCNet2.0\case\proQ\pickles\ligand_1469.pkl,0.8694400191307068
ligand_0.pkl,ligand_147.pkl,0.0,0.0,0.0,d:\PBCNet2.0\case\proQ\pickles\ligand_0.pkl,d:\PBCNet2.0\case\proQ\pickles\ligand_147.pkl,0.9767266511917114
ligand_0.pkl,ligand_1470.pkl,0.0,0.0,0.0,d:\PBCNet2.0\case\proQ\pickles\ligand_0.pkl,d:\PBCNet2.0\case\proQ\pickles\ligand_1470.pkl,0.9910644292831421
ligand_0.pkl,ligand_1471.pkl,0.0,0.0,0.0,d:\PBCNet2.0\case\proQ\pickles\ligand_0.pkl,d:\PBCNet2.0\case\proQ\pickles\ligand_1471.pkl,0.9236451387405396
ligand_0.pkl,ligand_1472.pkl,0.0,0.0,0.0,d:\PBCNet2.0\case\proQ\pickles\ligand_0.pkl,d:\PBCNet2.0\case\proQ\pickles\ligand_1472.pkl,0.8996877670288086
ligand_0.pkl,ligand_1473.pkl,0.0,0.0,0.0,d:\PBCNet2.0\case\proQ\pickles\ligand_0.pkl,d:\PBCNet2.0\case\proQ\pickles\ligand_1473.pkl,0.8146393299102783
ligand_0.pkl,ligand_1474.pkl,0.0,0.0,0.0,d:\PBCNet2.0\case\proQ\pickles\ligand_0.pkl,d:\PBCNet2.0\case\proQ\pickles\ligand_1474.pkl,0.9911023378372192
ligand_0.pkl,ligand_1475.pkl,0.0,0.0,0.0,d:\PBCNet2.0\case\proQ\pickles\ligand_0.pkl,d:\PBCNet2.0\case\proQ\pickles\ligand_1475.pkl,0.8445513248443604
ligand_0.pkl,ligand_1476.pkl,0.0,0.0,0.0,d:\PBCNet2.0\case\proQ\pickles\ligand_0.pkl,d:\PBCNet2.0\case\proQ\pickles\ligand_1476.pkl,0.9382679462432861
ligand_0.pkl,ligand_1477.pkl,0.0,0.0,0.0,d:\PBCNet2.0\case\proQ\pickles\ligand_0.pkl,d:\PBCNet2.0\case\proQ\pickles\ligand_1477.pkl,1.0011588335037231
ligand_0.pkl,ligand_1478.pkl,0.0,0.0,0.0,d:\PBCNet2.0\case\proQ\pickles\ligand_0.pkl,d:\PBCNet2.0\case\proQ\pickles\ligand_1478.pkl,1.0017579793930054
ligand_0.pkl,ligand_1479.pkl,0.0,0.0,0.0,d:\PBCNet2.0\case\proQ\pickles\ligand_0.pkl,d:\PBCNet2.0\case\proQ\pickles\ligand_1479.pkl,0.9051738977432251
ligand_0.pkl,ligand_148.pkl,0.0,0.0,0.0,d:\PBCNet2.0\case\proQ\pickles\ligand_0.pkl,d:\PBCNet2.0\case\proQ\pickles\ligand_148.pkl,0.8987351655960083
ligand_0.pkl,ligand_1480.pkl,0.0,0.0,0.0,d:\PBCNet2.0\case\proQ\pickles\ligand_0.pkl,d:\PBCNet2.0\case\proQ\pickles\ligand_1480.pkl,0.9487260580062866
ligand_0.pkl,ligand_1481.pkl,0.0,0.0,0.0,d:\PBCNet2.0\case\proQ\pickles\ligand_0.pkl,d:\PBCNet2.0\case\proQ\pickles\ligand_1481.pkl,0.8336881399154663
ligand_0.pkl,ligand_1482.pkl,0.0,0.0,0.0,d:\PBCNet2.0\case\proQ\pickles\ligand_0.pkl,d:\PBCNet2.0\case\proQ\pickles\ligand_1482.pkl,0.8226955533027649
ligand_0.pkl,ligand_1483.pkl,0.0,0.0,0.0,d:\PBCNet2.0\case\proQ\pickles\ligand_0.pkl,d:\PBCNet2.0\case\proQ\pickles\ligand_1483.pkl,0.9557293653488159
ligand_0.pkl,ligand_1484.pkl,0.0,0.0,0.0,d:\PBCNet2.0\case\proQ\pickles\ligand_0.pkl,d:\PBCNet2.0\case\proQ\pickles\ligand_1484.pkl,0.641014814376831
ligand_0.pkl,ligand_1485.pkl,0.0,0.0,0.0,d:\PBCNet2.0\case\proQ\pickles\ligand_0.pkl,d:\PBCNet2.0\case\proQ\pickles\ligand_1485.pkl,0.9138368368148804
ligand_0.pkl,ligand_1486.pkl,0.0,0.0,0.0,d:\PBCNet2.0\case\proQ\pickles\ligand_0.pkl,d:\PBCNet2.0\case\proQ\pickles\ligand_1486.pkl,0.7996445894241333
ligand_0.pkl,ligand_1487.pkl,0.0,0.0,0.0,d:\PBCNet2.0\case\proQ\pickles\ligand_0.pkl,d:\PBCNet2.0\case\proQ\pickles\ligand_1487.pkl,0.9813854694366455
ligand_0.pkl,ligand_1488.pkl,0.0,0.0,0.0,d:\PBCNet2.0\case\proQ\pickles\ligand_0.pkl,d:\PBCNet2.0\case\proQ\pickles\ligand_1488.pkl,0.8895937204360962
ligand_0.pkl,ligand_1489.pkl,0.0,0.0,0.0,d:\PBCNet2.0\case\proQ\pickles\ligand_0.pkl,d:\PBCNet2.0\case\proQ\pickles\ligand_1489.pkl,0.9575520753860474
ligand_0.pkl,ligand_149.pkl,0.0,0.0,0.0,d:\PBCNet2.0\case\proQ\pickles\ligand_0.pkl,d:\PBCNet2.0\case\proQ\pickles\ligand_149.pkl,0.9602223634719849
ligand_0.pkl,ligand_1490.pkl,0.0,0.0,0.0,d:\PBCNet2.0\case\proQ\pickles\ligand_0.pkl,d:\PBCNet2.0\case\proQ\pickles\ligand_1490.pkl,0.9379531145095825
ligand_0.pkl,ligand_1491.pkl,0.0,0.0,0.0,d:\PBCNet2.0\case\proQ\pickles\ligand_0.pkl,d:\PBCNet2.0\case\proQ\pickles\ligand_1491.pkl,0.9280792474746704
ligand_0.pkl,ligand_1492.pkl,0.0,0.0,0.0,d:\PBCNet2.0\case\proQ\pickles\ligand_0.pkl,d:\PBCNet2.0\case\proQ\pickles\ligand_1492.pkl,1.0469849109649658
ligand_0.pkl,ligand_1493.pkl,0.0,0.0,0.0,d:\PBCNet2.0\case\proQ\pickles\ligand_0.pkl,d:\PBCNet2.0\case\proQ\pickles\ligand_1493.pkl,0.859636664390564
ligand_0.pkl,ligand_1494.pkl,0.0,0.0,0.0,d:\PBCNet2.0\case\proQ\pickles\ligand_0.pkl,d:\PBCNet2.0\case\proQ\pickles\ligand_1494.pkl,0.8036096692085266
ligand_0.pkl,ligand_1495.pkl,0.0,0.0,0.0,d:\PBCNet2.0\case\proQ\pickles\ligand_0.pkl,d:\PBCNet2.0\case\proQ\pickles\ligand_1495.pkl,0.942598819732666
ligand_0.pkl,ligand_1496.pkl,0.0,0.0,0.0,d:\PBCNet2.0\case\proQ\pickles\ligand_0.pkl,d:\PBCNet2.0\case\proQ\pickles\ligand_1496.pkl,0.9225672483444214
ligand_0.pkl,ligand_1497.pkl,0.0,0.0,0.0,d:\PBCNet2.0\case\proQ\pickles\ligand_0.pkl,d:\PBCNet2.0\case\proQ\pickles\ligand_1497.pkl,1.0770679712295532
ligand_0.pkl,ligand_1498.pkl,0.0,0.0,0.0,d:\PBCNet2.0\case\proQ\pickles\ligand_0.pkl,d:\PBCNet2.0\case\proQ\pickles\ligand_1498.pkl,0.7697014808654785
ligand_0.pkl,ligand_1499.pkl,0.0,0.0,0.0,d:\PBCNet2.0\case\proQ\pickles\ligand_0.pkl,d:\PBCNet2.0\case\proQ\pickles\ligand_1499.pkl,0.9731665849685669
ligand_0.pkl,ligand_15.pkl,0.0,0.0,0.0,d:\PBCNet2.0\case\proQ\pickles\ligand_0.pkl,d:\PBCNet2.0\case\proQ\pickles\ligand_15.pkl,0.9057246446609497
ligand_0.pkl,ligand_150.pkl,0.0,0.0,0.0,d:\PBCNet2.0\case\proQ\pickles\ligand_0.pkl,d:\PBCNet2.0\case\proQ\pickles\ligand_150.pkl,0.9347594976425171
ligand_0.pkl,ligand_1500.pkl,0.0,0.0,0.0,d:\PBCNet2.0\case\proQ\pickles\ligand_0.pkl,d:\PBCNet2.0\case\proQ\pickles\ligand_1500.pkl,0.9530469179153442
ligand_0.pkl,ligand_1501.pkl,0.0,0.0,0.0,d:\PBCNet2.0\case\proQ\pickles\ligand_0.pkl,d:\PBCNet2.0\case\proQ\pickles\ligand_1501.pkl,0.9871209859848022
ligand_0.pkl,ligand_1502.pkl,0.0,0.0,0.0,d:\PBCNet2.0\case\proQ\pickles\ligand_0.pkl,d:\PBCNet2.0\case\proQ\pickles\ligand_1502.pkl,0.9546836614608765
ligand_0.pkl,ligand_1503.pkl,0.0,0.0,0.0,d:\PBCNet2.0\case\proQ\pickles\ligand_0.pkl,d:\PBCNet2.0\case\proQ\pickles\ligand_1503.pkl,1.0526115894317627
ligand_0.pkl,ligand_1504.pkl,0.0,0.0,0.0,d:\PBCNet2.0\case\proQ\pickles\ligand_0.pkl,d:\PBCNet2.0\case\proQ\pickles\ligand_1504.pkl,0.8955992460250854
ligand_0.pkl,ligand_1505.pkl,0.0,0.0,0.0,d:\PBCNet2.0\case\proQ\pickles\ligand_0.pkl,d:\PBCNet2.0\case\proQ\pickles\ligand_1505.pkl,0.9666644334793091
ligand_0.pkl,ligand_1506.pkl,0.0,0.0,0.0,d:\PBCNet2.0\case\proQ\pickles\ligand_0.pkl,d:\PBCNet2.0\case\proQ\pickles\ligand_1506.pkl,1.0089911222457886
ligand_0.pkl,ligand_1507.pkl,0.0,0.0,0.0,d:\PBCNet2.0\case\proQ\pickles\ligand_0.pkl,d:\PBCNet2.0\case\proQ\pickles\ligand_1507.pkl,0.9460526704788208
ligand_0.pkl,ligand_1508.pkl,0.0,0.0,0.0,d:\PBCNet2.0\case\proQ\pickles\ligand_0.pkl,d:\PBCNet2.0\case\proQ\pickles\ligand_1508.pkl,0.8663054704666138
ligand_0.pkl,ligand_1509.pkl,0.0,0.0,0.0,d:\PBCNet2.0\case\proQ\pickles\ligand_0.pkl,d:\PBCNet2.0\case\proQ\pickles\ligand_1509.pkl,0.9977360963821411
ligand_0.pkl,ligand_151.pkl,0.0,0.0,0.0,d:\PBCNet2.0\case\proQ\pickles\ligand_0.pkl,d:\PBCNet2.0\case\proQ\pickles\ligand_151.pkl,0.9528924226760864
ligand_0.pkl,ligand_1510.pkl,0.0,0.0,0.0,d:\PBCNet2.0\case\proQ\pickles\ligand_0.pkl,d:\PBCNet2.0\case\proQ\pickles\ligand_1510.pkl,0.939501166343689
ligand_0.pkl,ligand_1511.pkl,0.0,0.0,0.0,d:\PBCNet2.0\case\proQ\pickles\ligand_0.pkl,d:\PBCNet2.0\case\proQ\pickles\ligand_1511.pkl,0.9322725534439087
ligand_0.pkl,ligand_1512.pkl,0.0,0.0,0.0,d:\PBCNet2.0\case\proQ\pickles\ligand_0.pkl,d:\PBCNet2.0\case\proQ\pickles\ligand_1512.pkl,0.9527217149734497
ligand_0.pkl,ligand_1513.pkl,0.0,0.0,0.0,d:\PBCNet2.0\case\proQ\pickles\ligand_0.pkl,d:\PBCNet2.0\case\proQ\pickles\ligand_1513.pkl,0.6034842729568481
ligand_0.pkl,ligand_1514.pkl,0.0,0.0,0.0,d:\PBCNet2.0\case\proQ\pickles\ligand_0.pkl,d:\PBCNet2.0\case\proQ\pickles\ligand_1514.pkl,0.9096654653549194
ligand_0.pkl,ligand_1515.pkl,0.0,0.0,0.0,d:\PBCNet2.0\case\proQ\pickles\ligand_0.pkl,d:\PBCNet2.0\case\proQ\pickles\ligand_1515.pkl,0.9083882570266724
ligand_0.pkl,ligand_1516.pkl,0.0,0.0,0.0,d:\PBCNet2.0\case\proQ\pickles\ligand_0.pkl,d:\PBCNet2.0\case\proQ\pickles\ligand_1516.pkl,0.9725838899612427
ligand_0.pkl,ligand_1517.pkl,0.0,0.0,0.0,d:\PBCNet2.0\case\proQ\pickles\ligand_0.pkl,d:\PBCNet2.0\case\proQ\pickles\ligand_1517.pkl,0.9566410779953003
ligand_0.pkl,ligand_1518.pkl,0.0,0.0,0.0,d:\PBCNet2.0\case\proQ\pickles\ligand_0.pkl,d:\PBCNet2.0\case\proQ\pickles\ligand_1518.pkl,0.8897507190704346
ligand_0.pkl,ligand_1519.pkl,0.0,0.0,0.0,d:\PBCNet2.0\case\proQ\pickles\ligand_0.pkl,d:\PBCNet2.0\case\proQ\pickles\ligand_1519.pkl,0.9584375619888306
ligand_0.pkl,ligand_152.pkl,0.0,0.0,0.0,d:\PBCNet2.0\case\proQ\pickles\ligand_0.pkl,d:\PBCNet2.0\case\proQ\pickles\ligand_152.pkl,0.8616991639137268
ligand_0.pkl,ligand_1520.pkl,0.0,0.0,0.0,d:\PBCNet2.0\case\proQ\pickles\ligand_0.pkl,d:\PBCNet2.0\case\proQ\pickles\ligand_1520.pkl,0.9750680923461914
ligand_0.pkl,ligand_1521.pkl,0.0,0.0,0.0,d:\PBCNet2.0\case\proQ\pickles\ligand_0.pkl,d:\PBCNet2.0\case\proQ\pickles\ligand_1521.pkl,0.9123026132583618
ligand_0.pkl,ligand_1522.pkl,0.0,0.0,0.0,d:\PBCNet2.0\case\proQ\pickles\ligand_0.pkl,d:\PBCNet2.0\case\proQ\pickles\ligand_1522.pkl,0.5868372917175293
ligand_0.pkl,ligand_1523.pkl,0.0,0.0,0.0,d:\PBCNet2.0\case\proQ\pickles\ligand_0.pkl,d:\PBCNet2.0\case\proQ\pickles\ligand_1523.pkl,0.9300390481948853
ligand_0.pkl,ligand_1524.pkl,0.0,0.0,0.0,d:\PBCNet2.0\case\proQ\pickles\ligand_0.pkl,d:\PBCNet2.0\case\proQ\pickles\ligand_1524.pkl,0.9961243867874146
ligand_0.pkl,ligand_1525.pkl,0.0,0.0,0.0,d:\PBCNet2.0\case\proQ\pickles\ligand_0.pkl,d:\PBCNet2.0\case\proQ\pickles\ligand_1525.pkl,0.8925609588623047
ligand_0.pkl,ligand_1526.pkl,0.0,0.0,0.0,d:\PBCNet2.0\case\proQ\pickles\ligand_0.pkl,d:\PBCNet2.0\case\proQ\pickles\ligand_1526.pkl,0.8228656053543091
ligand_0.pkl,ligand_1527.pkl,0.0,0.0,0.0,d:\PBCNet2.0\case\proQ\pickles\ligand_0.pkl,d:\PBCNet2.0\case\proQ\pickles\ligand_1527.pkl,0.9154976606369019
ligand_0.pkl,ligand_1528.pkl,0.0,0.0,0.0,d:\PBCNet2.0\case\proQ\pickles\ligand_0.pkl,d:\PBCNet2.0\case\proQ\pickles\ligand_1528.pkl,0.7801437377929688
ligand_0.pkl,ligand_1529.pkl,0.0,0.0,0.0,d:\PBCNet2.0\case\proQ\pickles\ligand_0.pkl,d:\PBCNet2.0\case\proQ\pickles\ligand_1529.pkl,0.9097102880477905
ligand_0.pkl,ligand_153.pkl,0.0,0.0,0.0,d:\PBCNet2.0\case\proQ\pickles\ligand_0.pkl,d:\PBCNet2.0\case\proQ\pickles\ligand_153.pkl,0.899243950843811
ligand_0.pkl,ligand_1530.pkl,0.0,0.0,0.0,d:\PBCNet2.0\case\proQ\pickles\ligand_0.pkl,d:\PBCNet2.0\case\proQ\pickles\ligand_1530.pkl,0.8917818069458008
ligand_0.pkl,ligand_1531.pkl,0.0,0.0,0.0,d:\PBCNet2.0\case\proQ\pickles\ligand_0.pkl,d:\PBCNet2.0\case\proQ\pickles\ligand_1531.pkl,0.9180265665054321
ligand_0.pkl,ligand_1532.pkl,0.0,0.0,0.0,d:\PBCNet2.0\case\proQ\pickles\ligand_0.pkl,d:\PBCNet2.0\case\proQ\pickles\ligand_1532.pkl,0.9599460363388062
ligand_0.pkl,ligand_1533.pkl,0.0,0.0,0.0,d:\PBCNet2.0\case\proQ\pickles\ligand_0.pkl,d:\PBCNet2.0\case\proQ\pickles\ligand_1533.pkl,0.7699886560440063
ligand_0.pkl,ligand_1534.pkl,0.0,0.0,0.0,d:\PBCNet2.0\case\proQ\pickles\ligand_0.pkl,d:\PBCNet2.0\case\proQ\pickles\ligand_1534.pkl,0.9486116170883179
ligand_0.pkl,ligand_1535.pkl,0.0,0.0,0.0,d:\PBCNet2.0\case\proQ\pickles\ligand_0.pkl,d:\PBCNet2.0\case\proQ\pickles\ligand_1535.pkl,0.8643734455108643
ligand_0.pkl,ligand_1536.pkl,0.0,0.0,0.0,d:\PBCNet2.0\case\proQ\pickles\ligand_0.pkl,d:\PBCNet2.0\case\proQ\pickles\ligand_1536.pkl,0.863286018371582
ligand_0.pkl,ligand_1537.pkl,0.0,0.0,0.0,d:\PBCNet2.0\case\proQ\pickles\ligand_0.pkl,d:\PBCNet2.0\case\proQ\pickles\ligand_1537.pkl,0.9975725412368774
ligand_0.pkl,ligand_1538.pkl,0.0,0.0,0.0,d:\PBCNet2.0\case\proQ\pickles\ligand_0.pkl,d:\PBCNet2.0\case\proQ\pickles\ligand_1538.pkl,0.9487226009368896
ligand_0.pkl,ligand_1539.pkl,0.0,0.0,0.0,d:\PBCNet2.0\case\proQ\pickles\ligand_0.pkl,d:\PBCNet2.0\case\proQ\pickles\ligand_1539.pkl,0.9465304613113403
ligand_0.pkl,ligand_154.pkl,0.0,0.0,0.0,d:\PBCNet2.0\case\proQ\pickles\ligand_0.pkl,d:\PBCNet2.0\case\proQ\pickles\ligand_154.pkl,0.9069715738296509
ligand_0.pkl,ligand_1540.pkl,0.0,0.0,0.0,d:\PBCNet2.0\case\proQ\pickles\ligand_0.pkl,d:\PBCNet2.0\case\proQ\pickles\ligand_1540.pkl,1.0053205490112305
ligand_0.pkl,ligand_1541.pkl,0.0,0.0,0.0,d:\PBCNet2.0\case\proQ\pickles\ligand_0.pkl,d:\PBCNet2.0\case\proQ\pickles\ligand_1541.pkl,0.7608466744422913
ligand_0.pkl,ligand_1542.pkl,0.0,0.0,0.0,d:\PBCNet2.0\case\proQ\pickles\ligand_0.pkl,d:\PBCNet2.0\case\proQ\pickles\ligand_1542.pkl,0.9881271123886108
ligand_0.pkl,ligand_1543.pkl,0.0,0.0,0.0,d:\PBCNet2.0\case\proQ\pickles\ligand_0.pkl,d:\PBCNet2.0\case\proQ\pickles\ligand_1543.pkl,0.9663069248199463
ligand_0.pkl,ligand_1544.pkl,0.0,0.0,0.0,d:\PBCNet2.0\case\proQ\pickles\ligand_0.pkl,d:\PBCNet2.0\case\proQ\pickles\ligand_1544.pkl,0.9024423360824585
ligand_0.pkl,ligand_1545.pkl,0.0,0.0,0.0,d:\PBCNet2.0\case\proQ\pickles\ligand_0.pkl,d:\PBCNet2.0\case\proQ\pickles\ligand_1545.pkl,0.8338761329650879
ligand_0.pkl,ligand_1546.pkl,0.0,0.0,0.0,d:\PBCNet2.0\case\proQ\pickles\ligand_0.pkl,d:\PBCNet2.0\case\proQ\pickles\ligand_1546.pkl,0.9670084714889526
ligand_0.pkl,ligand_1547.pkl,0.0,0.0,0.0,d:\PBCNet2.0\case\proQ\pickles\ligand_0.pkl,d:\PBCNet2.0\case\proQ\pickles\ligand_1547.pkl,0.9224141836166382
ligand_0.pkl,ligand_1548.pkl,0.0,0.0,0.0,d:\PBCNet2.0\case\proQ\pickles\ligand_0.pkl,d:\PBCNet2.0\case\proQ\pickles\ligand_1548.pkl,0.9537521600723267
ligand_0.pkl,ligand_1549.pkl,0.0,0.0,0.0,d:\PBCNet2.0\case\proQ\pickles\ligand_0.pkl,d:\PBCNet2.0\case\proQ\pickles\ligand_1549.pkl,0.8760616183280945
ligand_0.pkl,ligand_155.pkl,0.0,0.0,0.0,d:\PBCNet2.0\case\proQ\pickles\ligand_0.pkl,d:\PBCNet2.0\case\proQ\pickles\ligand_155.pkl,0.9175134897232056
ligand_0.pkl,ligand_1550.pkl,0.0,0.0,0.0,d:\PBCNet2.0\case\proQ\pickles\ligand_0.pkl,d:\PBCNet2.0\case\proQ\pickles\ligand_1550.pkl,1.0252666473388672
ligand_0.pkl,ligand_1551.pkl,0.0,0.0,0.0,d:\PBCNet2.0\case\proQ\pickles\ligand_0.pkl,d:\PBCNet2.0\case\proQ\pickles\ligand_1551.pkl,0.5314761400222778
ligand_0.pkl,ligand_1552.pkl,0.0,0.0,0.0,d:\PBCNet2.0\case\proQ\pickles\ligand_0.pkl,d:\PBCNet2.0\case\proQ\pickles\ligand_1552.pkl,0.9222677946090698
ligand_0.pkl,ligand_1553.pkl,0.0,0.0,0.0,d:\PBCNet2.0\case\proQ\pickles\ligand_0.pkl,d:\PBCNet2.0\case\proQ\pickles\ligand_1553.pkl,0.9579757452011108
ligand_0.pkl,ligand_1554.pkl,0.0,0.0,0.0,d:\PBCNet2.0\case\proQ\pickles\ligand_0.pkl,d:\PBCNet2.0\case\proQ\pickles\ligand_1554.pkl,0.9628230333328247
ligand_0.pkl,ligand_1555.pkl,0.0,0.0,0.0,d:\PBCNet2.0\case\proQ\pickles\ligand_0.pkl,d:\PBCNet2.0\case\proQ\pickles\ligand_1555.pkl,0.9035249948501587
ligand_0.pkl,ligand_1556.pkl,0.0,0.0,0.0,d:\PBCNet2.0\case\proQ\pickles\ligand_0.pkl,d:\PBCNet2.0\case\proQ\pickles\ligand_1556.pkl,0.797656238079071
ligand_0.pkl,ligand_1557.pkl,0.0,0.0,0.0,d:\PBCNet2.0\case\proQ\pickles\ligand_0.pkl,d:\PBCNet2.0\case\proQ\pickles\ligand_1557.pkl,0.9565116167068481
ligand_0.pkl,ligand_1558.pkl,0.0,0.0,0.0,d:\PBCNet2.0\case\proQ\pickles\ligand_0.pkl,d:\PBCNet2.0\case\proQ\pickles\ligand_1558.pkl,0.9549362659454346
ligand_0.pkl,ligand_1559.pkl,0.0,0.0,0.0,d:\PBCNet2.0\case\proQ\pickles\ligand_0.pkl,d:\PBCNet2.0\case\proQ\pickles\ligand_1559.pkl,0.9004260301589966
ligand_0.pkl,ligand_156.pkl,0.0,0.0,0.0,d:\PBCNet2.0\case\proQ\pickles\ligand_0.pkl,d:\PBCNet2.0\case\proQ\pickles\ligand_156.pkl,0.9330717325210571
ligand_0.pkl,ligand_1560.pkl,0.0,0.0,0.0,d:\PBCNet2.0\case\proQ\pickles\ligand_0.pkl,d:\PBCNet2.0\case\proQ\pickles\ligand_1560.pkl,0.9467339515686035
ligand_0.pkl,ligand_1561.pkl,0.0,0.0,0.0,d:\PBCNet2.0\case\proQ\pickles\ligand_0.pkl,d:\PBCNet2.0\case\proQ\pickles\ligand_1561.pkl,0.9304510354995728
ligand_0.pkl,ligand_1562.pkl,0.0,0.0,0.0,d:\PBCNet2.0\case\proQ\pickles\ligand_0.pkl,d:\PBCNet2.0\case\proQ\pickles\ligand_1562.pkl,0.8888183832168579
ligand_0.pkl,ligand_1563.pkl,0.0,0.0,0.0,d:\PBCNet2.0\case\proQ\pickles\ligand_0.pkl,d:\PBCNet2.0\case\proQ\pickles\ligand_1563.pkl,1.0119719505310059
ligand_0.pkl,ligand_1564.pkl,0.0,0.0,0.0,d:\PBCNet2.0\case\proQ\pickles\ligand_0.pkl,d:\PBCNet2.0\case\proQ\pickles\ligand_1564.pkl,0.948226809501648
ligand_0.pkl,ligand_1565.pkl,0.0,0.0,0.0,d:\PBCNet2.0\case\proQ\pickles\ligand_0.pkl,d:\PBCNet2.0\case\proQ\pickles\ligand_1565.pkl,0.6810209155082703
ligand_0.pkl,ligand_1566.pkl,0.0,0.0,0.0,d:\PBCNet2.0\case\proQ\pickles\ligand_0.pkl,d:\PBCNet2.0\case\proQ\pickles\ligand_1566.pkl,0.9667645692825317
ligand_0.pkl,ligand_1567.pkl,0.0,0.0,0.0,d:\PBCNet2.0\case\proQ\pickles\ligand_0.pkl,d:\PBCNet2.0\case\proQ\pickles\ligand_1567.pkl,0.9754222631454468
ligand_0.pkl,ligand_1568.pkl,0.0,0.0,0.0,d:\PBCNet2.0\case\proQ\pickles\ligand_0.pkl,d:\PBCNet2.0\case\proQ\pickles\ligand_1568.pkl,0.823826789855957
ligand_0.pkl,ligand_1569.pkl,0.0,0.0,0.0,d:\PBCNet2.0\case\proQ\pickles\ligand_0.pkl,d:\PBCNet2.0\case\proQ\pickles\ligand_1569.pkl,0.9357651472091675
ligand_0.pkl,ligand_157.pkl,0.0,0.0,0.0,d:\PBCNet2.0\case\proQ\pickles\ligand_0.pkl,d:\PBCNet2.0\case\proQ\pickles\ligand_157.pkl,0.9384676218032837
ligand_0.pkl,ligand_1570.pkl,0.0,0.0,0.0,d:\PBCNet2.0\case\proQ\pickles\ligand_0.pkl,d:\PBCNet2.0\case\proQ\pickles\ligand_1570.pkl,0.8510110974311829
ligand_0.pkl,ligand_1571.pkl,0.0,0.0,0.0,d:\PBCNet2.0\case\proQ\pickles\ligand_0.pkl,d:\PBCNet2.0\case\proQ\pickles\ligand_1571.pkl,0.9602502584457397
ligand_0.pkl,ligand_1572.pkl,0.0,0.0,0.0,d:\PBCNet2.0\case\proQ\pickles\ligand_0.pkl,d:\PBCNet2.0\case\proQ\pickles\ligand_1572.pkl,0.7712424993515015
ligand_0.pkl,ligand_1573.pkl,0.0,0.0,0.0,d:\PBCNet2.0\case\proQ\pickles\ligand_0.pkl,d:\PBCNet2.0\case\proQ\pickles\ligand_1573.pkl,0.6820067167282104
ligand_0.pkl,ligand_1574.pkl,0.0,0.0,0.0,d:\PBCNet2.0\case\proQ\pickles\ligand_0.pkl,d:\PBCNet2.0\case\proQ\pickles\ligand_1574.pkl,0.9032996892929077
ligand_0.pkl,ligand_1575.pkl,0.0,0.0,0.0,d:\PBCNet2.0\case\proQ\pickles\ligand_0.pkl,d:\PBCNet2.0\case\proQ\pickles\ligand_1575.pkl,0.4589807987213135
ligand_0.pkl,ligand_1576.pkl,0.0,0.0,0.0,d:\PBCNet2.0\case\proQ\pickles\ligand_0.pkl,d:\PBCNet2.0\case\proQ\pickles\ligand_1576.pkl,0.8730448484420776
ligand_0.pkl,ligand_1577.pkl,0.0,0.0,0.0,d:\PBCNet2.0\case\proQ\pickles\ligand_0.pkl,d:\PBCNet2.0\case\proQ\pickles\ligand_1577.pkl,0.7477462291717529
ligand_0.pkl,ligand_1578.pkl,0.0,0.0,0.0,d:\PBCNet2.0\case\proQ\pickles\ligand_0.pkl,d:\PBCNet2.0\case\proQ\pickles\ligand_1578.pkl,0.981732964515686
ligand_0.pkl,ligand_1579.pkl,0.0,0.0,0.0,d:\PBCNet2.0\case\proQ\pickles\ligand_0.pkl,d:\PBCNet2.0\case\proQ\pickles\ligand_1579.pkl,0.9258724451065063
ligand_0.pkl,ligand_158.pkl,0.0,0.0,0.0,d:\PBCNet2.0\case\proQ\pickles\ligand_0.pkl,d:\PBCNet2.0\case\proQ\pickles\ligand_158.pkl,1.0890343189239502
ligand_0.pkl,ligand_1580.pkl,0.0,0.0,0.0,d:\PBCNet2.0\case\proQ\pickles\ligand_0.pkl,d:\PBCNet2.0\case\proQ\pickles\ligand_1580.pkl,0.9095231294631958
ligand_0.pkl,ligand_1581.pkl,0.0,0.0,0.0,d:\PBCNet2.0\case\proQ\pickles\ligand_0.pkl,d:\PBCNet2.0\case\proQ\pickles\ligand_1581.pkl,0.9198124408721924
ligand_0.pkl,ligand_1582.pkl,0.0,0.0,0.0,d:\PBCNet2.0\case\proQ\pickles\ligand_0.pkl,d:\PBCNet2.0\case\proQ\pickles\ligand_1582.pkl,1.0294331312179565
ligand_0.pkl,ligand_1583.pkl,0.0,0.0,0.0,d:\PBCNet2.0\case\proQ\pickles\ligand_0.pkl,d:\PBCNet2.0\case\proQ\pickles\ligand_1583.pkl,0.9356163740158081
ligand_0.pkl,ligand_1584.pkl,0.0,0.0,0.0,d:\PBCNet2.0\case\proQ\pickles\ligand_0.pkl,d:\PBCNet2.0\case\proQ\pickles\ligand_1584.pkl,0.9187487363815308
ligand_0.pkl,ligand_1585.pkl,0.0,0.0,0.0,d:\PBCNet2.0\case\proQ\pickles\ligand_0.pkl,d:\PBCNet2.0\case\proQ\pickles\ligand_1585.pkl,0.8624078035354614
ligand_0.pkl,ligand_1586.pkl,0.0,0.0,0.0,d:\PBCNet2.0\case\proQ\pickles\ligand_0.pkl,d:\PBCNet2.0\case\proQ\pickles\ligand_1586.pkl,0.9448407888412476
ligand_0.pkl,ligand_1587.pkl,0.0,0.0,0.0,d:\PBCNet2.0\case\proQ\pickles\ligand_0.pkl,d:\PBCNet2.0\case\proQ\pickles\ligand_1587.pkl,0.9505218267440796
ligand_0.pkl,ligand_1588.pkl,0.0,0.0,0.0,d:\PBCNet2.0\case\proQ\pickles\ligand_0.pkl,d:\PBCNet2.0\case\proQ\pickles\ligand_1588.pkl,1.1366673707962036
ligand_0.pkl,ligand_1589.pkl,0.0,0.0,0.0,d:\PBCNet2.0\case\proQ\pickles\ligand_0.pkl,d:\PBCNet2.0\case\proQ\pickles\ligand_1589.pkl,0.859237015247345
ligand_0.pkl,ligand_159.pkl,0.0,0.0,0.0,d:\PBCNet2.0\case\proQ\pickles\ligand_0.pkl,d:\PBCNet2.0\case\proQ\pickles\ligand_159.pkl,0.9594563245773315
ligand_0.pkl,ligand_1590.pkl,0.0,0.0,0.0,d:\PBCNet2.0\case\proQ\pickles\ligand_0.pkl,d:\PBCNet2.0\case\proQ\pickles\ligand_1590.pkl,0.8310084342956543
ligand_0.pkl,ligand_1591.pkl,0.0,0.0,0.0,d:\PBCNet2.0\case\proQ\pickles\ligand_0.pkl,d:\PBCNet2.0\case\proQ\pickles\ligand_1591.pkl,0.6893414258956909
ligand_0.pkl,ligand_1592.pkl,0.0,0.0,0.0,d:\PBCNet2.0\case\proQ\pickles\ligand_0.pkl,d:\PBCNet2.0\case\proQ\pickles\ligand_1592.pkl,1.1111310720443726
ligand_0.pkl,ligand_1593.pkl,0.0,0.0,0.0,d:\PBCNet2.0\case\proQ\pickles\ligand_0.pkl,d:\PBCNet2.0\case\proQ\pickles\ligand_1593.pkl,1.083659291267395
ligand_0.pkl,ligand_1594.pkl,0.0,0.0,0.0,d:\PBCNet2.0\case\proQ\pickles\ligand_0.pkl,d:\PBCNet2.0\case\proQ\pickles\ligand_1594.pkl,0.8802169561386108
ligand_0.pkl,ligand_1595.pkl,0.0,0.0,0.0,d:\PBCNet2.0\case\proQ\pickles\ligand_0.pkl,d:\PBCNet2.0\case\proQ\pickles\ligand_1595.pkl,0.941975474357605
ligand_0.pkl,ligand_1596.pkl,0.0,0.0,0.0,d:\PBCNet2.0\case\proQ\pickles\ligand_0.pkl,d:\PBCNet2.0\case\proQ\pickles\ligand_1596.pkl,0.9240235090255737
ligand_0.pkl,ligand_1597.pkl,0.0,0.0,0.0,d:\PBCNet2.0\case\proQ\pickles\ligand_0.pkl,d:\PBCNet2.0\case\proQ\pickles\ligand_1597.pkl,0.8066112995147705
ligand_0.pkl,ligand_1598.pkl,0.0,0.0,0.0,d:\PBCNet2.0\case\proQ\pickles\ligand_0.pkl,d:\PBCNet2.0\case\proQ\pickles\ligand_1598.pkl,0.9677199125289917
ligand_0.pkl,ligand_1599.pkl,0.0,0.0,0.0,d:\PBCNet2.0\case\proQ\pickles\ligand_0.pkl,d:\PBCNet2.0\case\proQ\pickles\ligand_1599.pkl,0.9319156408309937
ligand_0.pkl,ligand_16.pkl,0.0,0.0,0.0,d:\PBCNet2.0\case\proQ\pickles\ligand_0.pkl,d:\PBCNet2.0\case\proQ\pickles\ligand_16.pkl,0.8967748880386353
ligand_0.pkl,ligand_160.pkl,0.0,0.0,0.0,d:\PBCNet2.0\case\proQ\pickles\ligand_0.pkl,d:\PBCNet2.0\case\proQ\pickles\ligand_160.pkl,0.9437645673751831
ligand_0.pkl,ligand_1600.pkl,0.0,0.0,0.0,d:\PBCNet2.0\case\proQ\pickles\ligand_0.pkl,d:\PBCNet2.0\case\proQ\pickles\ligand_1600.pkl,0.9507161378860474
ligand_0.pkl,ligand_1601.pkl,0.0,0.0,0.0,d:\PBCNet2.0\case\proQ\pickles\ligand_0.pkl,d:\PBCNet2.0\case\proQ\pickles\ligand_1601.pkl,0.8052554130554199
ligand_0.pkl,ligand_1602.pkl,0.0,0.0,0.0,d:\PBCNet2.0\case\proQ\pickles\ligand_0.pkl,d:\PBCNet2.0\case\proQ\pickles\ligand_1602.pkl,0.9625731706619263
ligand_0.pkl,ligand_1603.pkl,0.0,0.0,0.0,d:\PBCNet2.0\case\proQ\pickles\ligand_0.pkl,d:\PBCNet2.0\case\proQ\pickles\ligand_1603.pkl,0.9732362031936646
ligand_0.pkl,ligand_1604.pkl,0.0,0.0,0.0,d:\PBCNet2.0\case\proQ\pickles\ligand_0.pkl,d:\PBCNet2.0\case\proQ\pickles\ligand_1604.pkl,0.6951815485954285
ligand_0.pkl,ligand_1605.pkl,0.0,0.0,0.0,d:\PBCNet2.0\case\proQ\pickles\ligand_0.pkl,d:\PBCNet2.0\case\proQ\pickles\ligand_1605.pkl,0.900124192237854
ligand_0.pkl,ligand_1606.pkl,0.0,0.0,0.0,d:\PBCNet2.0\case\proQ\pickles\ligand_0.pkl,d:\PBCNet2.0\case\proQ\pickles\ligand_1606.pkl,0.9034199714660645
ligand_0.pkl,ligand_1607.pkl,0.0,0.0,0.0,d:\PBCNet2.0\case\proQ\pickles\ligand_0.pkl,d:\PBCNet2.0\case\proQ\pickles\ligand_1607.pkl,0.9307777881622314
ligand_0.pkl,ligand_1608.pkl,0.0,0.0,0.0,d:\PBCNet2.0\case\proQ\pickles\ligand_0.pkl,d:\PBCNet2.0\case\proQ\pickles\ligand_1608.pkl,0.8856158256530762
ligand_0.pkl,ligand_1609.pkl,0.0,0.0,0.0,d:\PBCNet2.0\case\proQ\pickles\ligand_0.pkl,d:\PBCNet2.0\case\proQ\pickles\ligand_1609.pkl,0.845405101776123
ligand_0.pkl,ligand_161.pkl,0.0,0.0,0.0,d:\PBCNet2.0\case\proQ\pickles\ligand_0.pkl,d:\PBCNet2.0\case\proQ\pickles\ligand_161.pkl,0.9481984376907349
ligand_0.pkl,ligand_1610.pkl,0.0,0.0,0.0,d:\PBCNet2.0\case\proQ\pickles\ligand_0.pkl,d:\PBCNet2.0\case\proQ\pickles\ligand_1610.pkl,1.0316020250320435
ligand_0.pkl,ligand_1611.pkl,0.0,0.0,0.0,d:\PBCNet2.0\case\proQ\pickles\ligand_0.pkl,d:\PBCNet2.0\case\proQ\pickles\ligand_1611.pkl,0.9101229906082153
ligand_0.pkl,ligand_1612.pkl,0.0,0.0,0.0,d:\PBCNet2.0\case\proQ\pickles\ligand_0.pkl,d:\PBCNet2.0\case\proQ\pickles\ligand_1612.pkl,0.8996220827102661
ligand_0.pkl,ligand_1613.pkl,0.0,0.0,0.0,d:\PBCNet2.0\case\proQ\pickles\ligand_0.pkl,d:\PBCNet2.0\case\proQ\pickles\ligand_1613.pkl,0.9913545846939087
ligand_0.pkl,ligand_1614.pkl,0.0,0.0,0.0,d:\PBCNet2.0\case\proQ\pickles\ligand_0.pkl,d:\PBCNet2.0\case\proQ\pickles\ligand_1614.pkl,0.8826628923416138
ligand_0.pkl,ligand_1615.pkl,0.0,0.0,0.0,d:\PBCNet2.0\case\proQ\pickles\ligand_0.pkl,d:\PBCNet2.0\case\proQ\pickles\ligand_1615.pkl,0.9095146656036377
ligand_0.pkl,ligand_1616.pkl,0.0,0.0,0.0,d:\PBCNet2.0\case\proQ\pickles\ligand_0.pkl,d:\PBCNet2.0\case\proQ\pickles\ligand_1616.pkl,0.9326564073562622
ligand_0.pkl,ligand_1617.pkl,0.0,0.0,0.0,d:\PBCNet2.0\case\proQ\pickles\ligand_0.pkl,d:\PBCNet2.0\case\proQ\pickles\ligand_1617.pkl,0.8803028464317322
ligand_0.pkl,ligand_1618.pkl,0.0,0.0,0.0,d:\PBCNet2.0\case\proQ\pickles\ligand_0.pkl,d:\PBCNet2.0\case\proQ\pickles\ligand_1618.pkl,0.855962872505188
ligand_0.pkl,ligand_1619.pkl,0.0,0.0,0.0,d:\PBCNet2.0\case\proQ\pickles\ligand_0.pkl,d:\PBCNet2.0\case\proQ\pickles\ligand_1619.pkl,0.8497835397720337
ligand_0.pkl,ligand_162.pkl,0.0,0.0,0.0,d:\PBCNet2.0\case\proQ\pickles\ligand_0.pkl,d:\PBCNet2.0\case\proQ\pickles\ligand_162.pkl,0.9275444746017456
ligand_0.pkl,ligand_1620.pkl,0.0,0.0,0.0,d:\PBCNet2.0\case\proQ\pickles\ligand_0.pkl,d:\PBCNet2.0\case\proQ\pickles\ligand_1620.pkl,0.9306684732437134
ligand_0.pkl,ligand_1621.pkl,0.0,0.0,0.0,d:\PBCNet2.0\case\proQ\pickles\ligand_0.pkl,d:\PBCNet2.0\case\proQ\pickles\ligand_1621.pkl,0.9758414030075073
ligand_0.pkl,ligand_1622.pkl,0.0,0.0,0.0,d:\PBCNet2.0\case\proQ\pickles\ligand_0.pkl,d:\PBCNet2.0\case\proQ\pickles\ligand_1622.pkl,0.7396320104598999
ligand_0.pkl,ligand_1623.pkl,0.0,0.0,0.0,d:\PBCNet2.0\case\proQ\pickles\ligand_0.pkl,d:\PBCNet2.0\case\proQ\pickles\ligand_1623.pkl,0.9427220821380615
ligand_0.pkl,ligand_1624.pkl,0.0,0.0,0.0,d:\PBCNet2.0\case\proQ\pickles\ligand_0.pkl,d:\PBCNet2.0\case\proQ\pickles\ligand_1624.pkl,1.1801116466522217
ligand_0.pkl,ligand_1625.pkl,0.0,0.0,0.0,d:\PBCNet2.0\case\proQ\pickles\ligand_0.pkl,d:\PBCNet2.0\case\proQ\pickles\ligand_1625.pkl,0.9410275220870972
ligand_0.pkl,ligand_1626.pkl,0.0,0.0,0.0,d:\PBCNet2.0\case\proQ\pickles\ligand_0.pkl,d:\PBCNet2.0\case\proQ\pickles\ligand_1626.pkl,0.9513025283813477
ligand_0.pkl,ligand_1627.pkl,0.0,0.0,0.0,d:\PBCNet2.0\case\proQ\pickles\ligand_0.pkl,d:\PBCNet2.0\case\proQ\pickles\ligand_1627.pkl,0.9906989336013794
ligand_0.pkl,ligand_1628.pkl,0.0,0.0,0.0,d:\PBCNet2.0\case\proQ\pickles\ligand_0.pkl,d:\PBCNet2.0\case\proQ\pickles\ligand_1628.pkl,0.6870133876800537
ligand_0.pkl,ligand_1629.pkl,0.0,0.0,0.0,d:\PBCNet2.0\case\proQ\pickles\ligand_0.pkl,d:\PBCNet2.0\case\proQ\pickles\ligand_1629.pkl,0.8566351532936096
ligand_0.pkl,ligand_163.pkl,0.0,0.0,0.0,d:\PBCNet2.0\case\proQ\pickles\ligand_0.pkl,d:\PBCNet2.0\case\proQ\pickles\ligand_163.pkl,0.9232891798019409
ligand_0.pkl,ligand_1630.pkl,0.0,0.0,0.0,d:\PBCNet2.0\case\proQ\pickles\ligand_0.pkl,d:\PBCNet2.0\case\proQ\pickles\ligand_1630.pkl,0.9040879011154175
ligand_0.pkl,ligand_1631.pkl,0.0,0.0,0.0,d:\PBCNet2.0\case\proQ\pickles\ligand_0.pkl,d:\PBCNet2.0\case\proQ\pickles\ligand_1631.pkl,0.8147091865539551
ligand_0.pkl,ligand_1632.pkl,0.0,0.0,0.0,d:\PBCNet2.0\case\proQ\pickles\ligand_0.pkl,d:\PBCNet2.0\case\proQ\pickles\ligand_1632.pkl,0.9485381841659546
ligand_0.pkl,ligand_1633.pkl,0.0,0.0,0.0,d:\PBCNet2.0\case\proQ\pickles\ligand_0.pkl,d:\PBCNet2.0\case\proQ\pickles\ligand_1633.pkl,0.8332890272140503
ligand_0.pkl,ligand_1634.pkl,0.0,0.0,0.0,d:\PBCNet2.0\case\proQ\pickles\ligand_0.pkl,d:\PBCNet2.0\case\proQ\pickles\ligand_1634.pkl,0.9775660037994385
ligand_0.pkl,ligand_1635.pkl,0.0,0.0,0.0,d:\PBCNet2.0\case\proQ\pickles\ligand_0.pkl,d:\PBCNet2.0\case\proQ\pickles\ligand_1635.pkl,0.968284010887146
ligand_0.pkl,ligand_1636.pkl,0.0,0.0,0.0,d:\PBCNet2.0\case\proQ\pickles\ligand_0.pkl,d:\PBCNet2.0\case\proQ\pickles\ligand_1636.pkl,0.8999067544937134
ligand_0.pkl,ligand_1637.pkl,0.0,0.0,0.0,d:\PBCNet2.0\case\proQ\pickles\ligand_0.pkl,d:\PBCNet2.0\case\proQ\pickles\ligand_1637.pkl,0.8863124251365662
ligand_0.pkl,ligand_1638.pkl,0.0,0.0,0.0,d:\PBCNet2.0\case\proQ\pickles\ligand_0.pkl,d:\PBCNet2.0\case\proQ\pickles\ligand_1638.pkl,0.9517859220504761
ligand_0.pkl,ligand_1639.pkl,0.0,0.0,0.0,d:\PBCNet2.0\case\proQ\pickles\ligand_0.pkl,d:\PBCNet2.0\case\proQ\pickles\ligand_1639.pkl,0.8013736605644226
ligand_0.pkl,ligand_164.pkl,0.0,0.0,0.0,d:\PBCNet2.0\case\proQ\pickles\ligand_0.pkl,d:\PBCNet2.0\case\proQ\pickles\ligand_164.pkl,0.9048999547958374
ligand_0.pkl,ligand_1640.pkl,0.0,0.0,0.0,d:\PBCNet2.0\case\proQ\pickles\ligand_0.pkl,d:\PBCNet2.0\case\proQ\pickles\ligand_1640.pkl,1.0589348077774048
ligand_0.pkl,ligand_1641.pkl,0.0,0.0,0.0,d:\PBCNet2.0\case\proQ\pickles\ligand_0.pkl,d:\PBCNet2.0\case\proQ\pickles\ligand_1641.pkl,0.5296076536178589
ligand_0.pkl,ligand_1642.pkl,0.0,0.0,0.0,d:\PBCNet2.0\case\proQ\pickles\ligand_0.pkl,d:\PBCNet2.0\case\proQ\pickles\ligand_1642.pkl,1.0287699699401855
ligand_0.pkl,ligand_1643.pkl,0.0,0.0,0.0,d:\PBCNet2.0\case\proQ\pickles\ligand_0.pkl,d:\PBCNet2.0\case\proQ\pickles\ligand_1643.pkl,0.9505490064620972
ligand_0.pkl,ligand_1644.pkl,0.0,0.0,0.0,d:\PBCNet2.0\case\proQ\pickles\ligand_0.pkl,d:\PBCNet2.0\case\proQ\pickles\ligand_1644.pkl,0.7971956729888916
ligand_0.pkl,ligand_1645.pkl,0.0,0.0,0.0,d:\PBCNet2.0\case\proQ\pickles\ligand_0.pkl,d:\PBCNet2.0\case\proQ\pickles\ligand_1645.pkl,0.916616678237915
ligand_0.pkl,ligand_1646.pkl,0.0,0.0,0.0,d:\PBCNet2.0\case\proQ\pickles\ligand_0.pkl,d:\PBCNet2.0\case\proQ\pickles\ligand_1646.pkl,1.0230532884597778
ligand_0.pkl,ligand_1647.pkl,0.0,0.0,0.0,d:\PBCNet2.0\case\proQ\pickles\ligand_0.pkl,d:\PBCNet2.0\case\proQ\pickles\ligand_1647.pkl,0.853904664516449
ligand_0.pkl,ligand_1648.pkl,0.0,0.0,0.0,d:\PBCNet2.0\case\proQ\pickles\ligand_0.pkl,d:\PBCNet2.0\case\proQ\pickles\ligand_1648.pkl,0.987101674079895
ligand_0.pkl,ligand_1649.pkl,0.0,0.0,0.0,d:\PBCNet2.0\case\proQ\pickles\ligand_0.pkl,d:\PBCNet2.0\case\proQ\pickles\ligand_1649.pkl,0.9545160531997681
ligand_0.pkl,ligand_165.pkl,0.0,0.0,0.0,d:\PBCNet2.0\case\proQ\pickles\ligand_0.pkl,d:\PBCNet2.0\case\proQ\pickles\ligand_165.pkl,0.9791843891143799
ligand_0.pkl,ligand_1650.pkl,0.0,0.0,0.0,d:\PBCNet2.0\case\proQ\pickles\ligand_0.pkl,d:\PBCNet2.0\case\proQ\pickles\ligand_1650.pkl,0.9918687343597412
ligand_0.pkl,ligand_1651.pkl,0.0,0.0,0.0,d:\PBCNet2.0\case\proQ\pickles\ligand_0.pkl,d:\PBCNet2.0\case\proQ\pickles\ligand_1651.pkl,0.9466657638549805
ligand_0.pkl,ligand_1652.pkl,0.0,0.0,0.0,d:\PBCNet2.0\case\proQ\pickles\ligand_0.pkl,d:\PBCNet2.0\case\proQ\pickles\ligand_1652.pkl,0.9849114418029785
ligand_0.pkl,ligand_1653.pkl,0.0,0.0,0.0,d:\PBCNet2.0\case\proQ\pickles\ligand_0.pkl,d:\PBCNet2.0\case\proQ\pickles\ligand_1653.pkl,0.7567075490951538
ligand_0.pkl,ligand_1654.pkl,0.0,0.0,0.0,d:\PBCNet2.0\case\proQ\pickles\ligand_0.pkl,d:\PBCNet2.0\case\proQ\pickles\ligand_1654.pkl,0.6062481999397278
ligand_0.pkl,ligand_1655.pkl,0.0,0.0,0.0,d:\PBCNet2.0\case\proQ\pickles\ligand_0.pkl,d:\PBCNet2.0\case\proQ\pickles\ligand_1655.pkl,0.025321125984191895
ligand_0.pkl,ligand_1656.pkl,0.0,0.0,0.0,d:\PBCNet2.0\case\proQ\pickles\ligand_0.pkl,d:\PBCNet2.0\case\proQ\pickles\ligand_1656.pkl,0.9102597236633301
ligand_0.pkl,ligand_1657.pkl,0.0,0.0,0.0,d:\PBCNet2.0\case\proQ\pickles\ligand_0.pkl,d:\PBCNet2.0\case\proQ\pickles\ligand_1657.pkl,1.0238505601882935
ligand_0.pkl,ligand_1658.pkl,0.0,0.0,0.0,d:\PBCNet2.0\case\proQ\pickles\ligand_0.pkl,d:\PBCNet2.0\case\proQ\pickles\ligand_1658.pkl,0.9875168800354004
ligand_0.pkl,ligand_1659.pkl,0.0,0.0,0.0,d:\PBCNet2.0\case\proQ\pickles\ligand_0.pkl,d:\PBCNet2.0\case\proQ\pickles\ligand_1659.pkl,0.7980137467384338
ligand_0.pkl,ligand_166.pkl,0.0,0.0,0.0,d:\PBCNet2.0\case\proQ\pickles\ligand_0.pkl,d:\PBCNet2.0\case\proQ\pickles\ligand_166.pkl,0.9181579351425171
ligand_0.pkl,ligand_1660.pkl,0.0,0.0,0.0,d:\PBCNet2.0\case\proQ\pickles\ligand_0.pkl,d:\PBCNet2.0\case\proQ\pickles\ligand_1660.pkl,0.8375953435897827
ligand_0.pkl,ligand_1661.pkl,0.0,0.0,0.0,d:\PBCNet2.0\case\proQ\pickles\ligand_0.pkl,d:\PBCNet2.0\case\proQ\pickles\ligand_1661.pkl,0.8831303119659424
ligand_0.pkl,ligand_1662.pkl,0.0,0.0,0.0,d:\PBCNet2.0\case\proQ\pickles\ligand_0.pkl,d:\PBCNet2.0\case\proQ\pickles\ligand_1662.pkl,0.9803727865219116
ligand_0.pkl,ligand_1663.pkl,0.0,0.0,0.0,d:\PBCNet2.0\case\proQ\pickles\ligand_0.pkl,d:\PBCNet2.0\case\proQ\pickles\ligand_1663.pkl,0.7787958383560181
ligand_0.pkl,ligand_1664.pkl,0.0,0.0,0.0,d:\PBCNet2.0\case\proQ\pickles\ligand_0.pkl,d:\PBCNet2.0\case\proQ\pickles\ligand_1664.pkl,0.7623603940010071
ligand_0.pkl,ligand_1665.pkl,0.0,0.0,0.0,d:\PBCNet2.0\case\proQ\pickles\ligand_0.pkl,d:\PBCNet2.0\case\proQ\pickles\ligand_1665.pkl,0.9840801954269409
ligand_0.pkl,ligand_1666.pkl,0.0,0.0,0.0,d:\PBCNet2.0\case\proQ\pickles\ligand_0.pkl,d:\PBCNet2.0\case\proQ\pickles\ligand_1666.pkl,0.9410165548324585
ligand_0.pkl,ligand_1667.pkl,0.0,0.0,0.0,d:\PBCNet2.0\case\proQ\pickles\ligand_0.pkl,d:\PBCNet2.0\case\proQ\pickles\ligand_1667.pkl,0.9753268957138062
ligand_0.pkl,ligand_1668.pkl,0.0,0.0,0.0,d:\PBCNet2.0\case\proQ\pickles\ligand_0.pkl,d:\PBCNet2.0\case\proQ\pickles\ligand_1668.pkl,0.9405452013015747
ligand_0.pkl,ligand_1669.pkl,0.0,0.0,0.0,d:\PBCNet2.0\case\proQ\pickles\ligand_0.pkl,d:\PBCNet2.0\case\proQ\pickles\ligand_1669.pkl,0.8784048557281494
ligand_0.pkl,ligand_167.pkl,0.0,0.0,0.0,d:\PBCNet2.0\case\proQ\pickles\ligand_0.pkl,d:\PBCNet2.0\case\proQ\pickles\ligand_167.pkl,0.9629049301147461
ligand_0.pkl,ligand_1670.pkl,0.0,0.0,0.0,d:\PBCNet2.0\case\proQ\pickles\ligand_0.pkl,d:\PBCNet2.0\case\proQ\pickles\ligand_1670.pkl,0.9212857484817505
ligand_0.pkl,ligand_1671.pkl,0.0,0.0,0.0,d:\PBCNet2.0\case\proQ\pickles\ligand_0.pkl,d:\PBCNet2.0\case\proQ\pickles\ligand_1671.pkl,0.9575144052505493
ligand_0.pkl,ligand_1672.pkl,0.0,0.0,0.0,d:\PBCNet2.0\case\proQ\pickles\ligand_0.pkl,d:\PBCNet2.0\case\proQ\pickles\ligand_1672.pkl,0.8997904062271118
ligand_0.pkl,ligand_1673.pkl,0.0,0.0,0.0,d:\PBCNet2.0\case\proQ\pickles\ligand_0.pkl,d:\PBCNet2.0\case\proQ\pickles\ligand_1673.pkl,0.9119677543640137
ligand_0.pkl,ligand_1674.pkl,0.0,0.0,0.0,d:\PBCNet2.0\case\proQ\pickles\ligand_0.pkl,d:\PBCNet2.0\case\proQ\pickles\ligand_1674.pkl,0.9769192934036255
ligand_0.pkl,ligand_1675.pkl,0.0,0.0,0.0,d:\PBCNet2.0\case\proQ\pickles\ligand_0.pkl,d:\PBCNet2.0\case\proQ\pickles\ligand_1675.pkl,0.9773437976837158
ligand_0.pkl,ligand_1676.pkl,0.0,0.0,0.0,d:\PBCNet2.0\case\proQ\pickles\ligand_0.pkl,d:\PBCNet2.0\case\proQ\pickles\ligand_1676.pkl,0.981993556022644
ligand_0.pkl,ligand_1677.pkl,0.0,0.0,0.0,d:\PBCNet2.0\case\proQ\pickles\ligand_0.pkl,d:\PBCNet2.0\case\proQ\pickles\ligand_1677.pkl,0.9024618864059448
ligand_0.pkl,ligand_1678.pkl,0.0,0.0,0.0,d:\PBCNet2.0\case\proQ\pickles\ligand_0.pkl,d:\PBCNet2.0\case\proQ\pickles\ligand_1678.pkl,0.9746631383895874
ligand_0.pkl,ligand_1679.pkl,0.0,0.0,0.0,d:\PBCNet2.0\case\proQ\pickles\ligand_0.pkl,d:\PBCNet2.0\case\proQ\pickles\ligand_1679.pkl,1.1288210153579712
ligand_0.pkl,ligand_168.pkl,0.0,0.0,0.0,d:\PBCNet2.0\case\proQ\pickles\ligand_0.pkl,d:\PBCNet2.0\case\proQ\pickles\ligand_168.pkl,0.8817254304885864
ligand_0.pkl,ligand_1680.pkl,0.0,0.0,0.0,d:\PBCNet2.0\case\proQ\pickles\ligand_0.pkl,d:\PBCNet2.0\case\proQ\pickles\ligand_1680.pkl,0.9134553670883179
ligand_0.pkl,ligand_1681.pkl,0.0,0.0,0.0,d:\PBCNet2.0\case\proQ\pickles\ligand_0.pkl,d:\PBCNet2.0\case\proQ\pickles\ligand_1681.pkl,1.0316554307937622
ligand_0.pkl,ligand_1682.pkl,0.0,0.0,0.0,d:\PBCNet2.0\case\proQ\pickles\ligand_0.pkl,d:\PBCNet2.0\case\proQ\pickles\ligand_1682.pkl,0.8865277171134949
ligand_0.pkl,ligand_1683.pkl,0.0,0.0,0.0,d:\PBCNet2.0\case\proQ\pickles\ligand_0.pkl,d:\PBCNet2.0\case\proQ\pickles\ligand_1683.pkl,0.8292168378829956
ligand_0.pkl,ligand_1684.pkl,0.0,0.0,0.0,d:\PBCNet2.0\case\proQ\pickles\ligand_0.pkl,d:\PBCNet2.0\case\proQ\pickles\ligand_1684.pkl,0.9682077169418335
ligand_0.pkl,ligand_1685.pkl,0.0,0.0,0.0,d:\PBCNet2.0\case\proQ\pickles\ligand_0.pkl,d:\PBCNet2.0\case\proQ\pickles\ligand_1685.pkl,0.9613674879074097
ligand_0.pkl,ligand_1686.pkl,0.0,0.0,0.0,d:\PBCNet2.0\case\proQ\pickles\ligand_0.pkl,d:\PBCNet2.0\case\proQ\pickles\ligand_1686.pkl,0.8600159287452698
ligand_0.pkl,ligand_1687.pkl,0.0,0.0,0.0,d:\PBCNet2.0\case\proQ\pickles\ligand_0.pkl,d:\PBCNet2.0\case\proQ\pickles\ligand_1687.pkl,0.9582892656326294
ligand_0.pkl,ligand_1688.pkl,0.0,0.0,0.0,d:\PBCNet2.0\case\proQ\pickles\ligand_0.pkl,d:\PBCNet2.0\case\proQ\pickles\ligand_1688.pkl,0.830777645111084
ligand_0.pkl,ligand_1689.pkl,0.0,0.0,0.0,d:\PBCNet2.0\case\proQ\pickles\ligand_0.pkl,d:\PBCNet2.0\case\proQ\pickles\ligand_1689.pkl,0.8882235884666443
ligand_0.pkl,ligand_169.pkl,0.0,0.0,0.0,d:\PBCNet2.0\case\proQ\pickles\ligand_0.pkl,d:\PBCNet2.0\case\proQ\pickles\ligand_169.pkl,0.9398276805877686
ligand_0.pkl,ligand_1690.pkl,0.0,0.0,0.0,d:\PBCNet2.0\case\proQ\pickles\ligand_0.pkl,d:\PBCNet2.0\case\proQ\pickles\ligand_1690.pkl,1.2112431526184082
ligand_0.pkl,ligand_1691.pkl,0.0,0.0,0.0,d:\PBCNet2.0\case\proQ\pickles\ligand_0.pkl,d:\PBCNet2.0\case\proQ\pickles\ligand_1691.pkl,0.8604319095611572
ligand_0.pkl,ligand_1692.pkl,0.0,0.0,0.0,d:\PBCNet2.0\case\proQ\pickles\ligand_0.pkl,d:\PBCNet2.0\case\proQ\pickles\ligand_1692.pkl,0.9086112976074219
ligand_0.pkl,ligand_1693.pkl,0.0,0.0,0.0,d:\PBCNet2.0\case\proQ\pickles\ligand_0.pkl,d:\PBCNet2.0\case\proQ\pickles\ligand_1693.pkl,0.9214011430740356
ligand_0.pkl,ligand_1694.pkl,0.0,0.0,0.0,d:\PBCNet2.0\case\proQ\pickles\ligand_0.pkl,d:\PBCNet2.0\case\proQ\pickles\ligand_1694.pkl,0.8716187477111816
ligand_0.pkl,ligand_1695.pkl,0.0,0.0,0.0,d:\PBCNet2.0\case\proQ\pickles\ligand_0.pkl,d:\PBCNet2.0\case\proQ\pickles\ligand_1695.pkl,0.9536997079849243
ligand_0.pkl,ligand_1696.pkl,0.0,0.0,0.0,d:\PBCNet2.0\case\proQ\pickles\ligand_0.pkl,d:\PBCNet2.0\case\proQ\pickles\ligand_1696.pkl,0.9247251749038696
ligand_0.pkl,ligand_1697.pkl,0.0,0.0,0.0,d:\PBCNet2.0\case\proQ\pickles\ligand_0.pkl,d:\PBCNet2.0\case\proQ\pickles\ligand_1697.pkl,0.8623319864273071
ligand_0.pkl,ligand_1698.pkl,0.0,0.0,0.0,d:\PBCNet2.0\case\proQ\pickles\ligand_0.pkl,d:\PBCNet2.0\case\proQ\pickles\ligand_1698.pkl,0.8898075222969055
ligand_0.pkl,ligand_1699.pkl,0.0,0.0,0.0,d:\PBCNet2.0\case\proQ\pickles\ligand_0.pkl,d:\PBCNet2.0\case\proQ\pickles\ligand_1699.pkl,0.938226580619812
ligand_0.pkl,ligand_17.pkl,0.0,0.0,0.0,d:\PBCNet2.0\case\proQ\pickles\ligand_0.pkl,d:\PBCNet2.0\case\proQ\pickles\ligand_17.pkl,0.9356530904769897
ligand_0.pkl,ligand_170.pkl,0.0,0.0,0.0,d:\PBCNet2.0\case\proQ\pickles\ligand_0.pkl,d:\PBCNet2.0\case\proQ\pickles\ligand_170.pkl,0.8042894601821899
ligand_0.pkl,ligand_1700.pkl,0.0,0.0,0.0,d:\PBCNet2.0\case\proQ\pickles\ligand_0.pkl,d:\PBCNet2.0\case\proQ\pickles\ligand_1700.pkl,0.912341833114624
ligand_0.pkl,ligand_1701.pkl,0.0,0.0,0.0,d:\PBCNet2.0\case\proQ\pickles\ligand_0.pkl,d:\PBCNet2.0\case\proQ\pickles\ligand_1701.pkl,0.9465293884277344
ligand_0.pkl,ligand_1702.pkl,0.0,0.0,0.0,d:\PBCNet2.0\case\proQ\pickles\ligand_0.pkl,d:\PBCNet2.0\case\proQ\pickles\ligand_1702.pkl,0.8777918815612793
ligand_0.pkl,ligand_1703.pkl,0.0,0.0,0.0,d:\PBCNet2.0\case\proQ\pickles\ligand_0.pkl,d:\PBCNet2.0\case\proQ\pickles\ligand_1703.pkl,0.7672058343887329
ligand_0.pkl,ligand_1704.pkl,0.0,0.0,0.0,d:\PBCNet2.0\case\proQ\pickles\ligand_0.pkl,d:\PBCNet2.0\case\proQ\pickles\ligand_1704.pkl,0.989457368850708
ligand_0.pkl,ligand_1705.pkl,0.0,0.0,0.0,d:\PBCNet2.0\case\proQ\pickles\ligand_0.pkl,d:\PBCNet2.0\case\proQ\pickles\ligand_1705.pkl,0.8632398247718811
ligand_0.pkl,ligand_1706.pkl,0.0,0.0,0.0,d:\PBCNet2.0\case\proQ\pickles\ligand_0.pkl,d:\PBCNet2.0\case\proQ\pickles\ligand_1706.pkl,0.983080267906189
ligand_0.pkl,ligand_1707.pkl,0.0,0.0,0.0,d:\PBCNet2.0\case\proQ\pickles\ligand_0.pkl,d:\PBCNet2.0\case\proQ\pickles\ligand_1707.pkl,1.0147556066513062
ligand_0.pkl,ligand_1708.pkl,0.0,0.0,0.0,d:\PBCNet2.0\case\proQ\pickles\ligand_0.pkl,d:\PBCNet2.0\case\proQ\pickles\ligand_1708.pkl,0.9052660465240479
ligand_0.pkl,ligand_1709.pkl,0.0,0.0,0.0,d:\PBCNet2.0\case\proQ\pickles\ligand_0.pkl,d:\PBCNet2.0\case\proQ\pickles\ligand_1709.pkl,0.9663530588150024
ligand_0.pkl,ligand_171.pkl,0.0,0.0,0.0,d:\PBCNet2.0\case\proQ\pickles\ligand_0.pkl,d:\PBCNet2.0\case\proQ\pickles\ligand_171.pkl,0.8663113117218018
ligand_0.pkl,ligand_1710.pkl,0.0,0.0,0.0,d:\PBCNet2.0\case\proQ\pickles\ligand_0.pkl,d:\PBCNet2.0\case\proQ\pickles\ligand_1710.pkl,0.8827992677688599
ligand_0.pkl,ligand_1711.pkl,0.0,0.0,0.0,d:\PBCNet2.0\case\proQ\pickles\ligand_0.pkl,d:\PBCNet2.0\case\proQ\pickles\ligand_1711.pkl,1.0218243598937988
ligand_0.pkl,ligand_1712.pkl,0.0,0.0,0.0,d:\PBCNet2.0\case\proQ\pickles\ligand_0.pkl,d:\PBCNet2.0\case\proQ\pickles\ligand_1712.pkl,1.0352784395217896
ligand_0.pkl,ligand_1713.pkl,0.0,0.0,0.0,d:\PBCNet2.0\case\proQ\pickles\ligand_0.pkl,d:\PBCNet2.0\case\proQ\pickles\ligand_1713.pkl,0.9424649477005005
ligand_0.pkl,ligand_1714.pkl,0.0,0.0,0.0,d:\PBCNet2.0\case\proQ\pickles\ligand_0.pkl,d:\PBCNet2.0\case\proQ\pickles\ligand_1714.pkl,0.9246978759765625
ligand_0.pkl,ligand_1715.pkl,0.0,0.0,0.0,d:\PBCNet2.0\case\proQ\pickles\ligand_0.pkl,d:\PBCNet2.0\case\proQ\pickles\ligand_1715.pkl,0.8326712250709534
ligand_0.pkl,ligand_1716.pkl,0.0,0.0,0.0,d:\PBCNet2.0\case\proQ\pickles\ligand_0.pkl,d:\PBCNet2.0\case\proQ\pickles\ligand_1716.pkl,0.9136313199996948
ligand_0.pkl,ligand_1717.pkl,0.0,0.0,0.0,d:\PBCNet2.0\case\proQ\pickles\ligand_0.pkl,d:\PBCNet2.0\case\proQ\pickles\ligand_1717.pkl,0.893965482711792
ligand_0.pkl,ligand_1718.pkl,0.0,0.0,0.0,d:\PBCNet2.0\case\proQ\pickles\ligand_0.pkl,d:\PBCNet2.0\case\proQ\pickles\ligand_1718.pkl,0.9686681032180786
ligand_0.pkl,ligand_1719.pkl,0.0,0.0,0.0,d:\PBCNet2.0\case\proQ\pickles\ligand_0.pkl,d:\PBCNet2.0\case\proQ\pickles\ligand_1719.pkl,0.9079122543334961
ligand_0.pkl,ligand_172.pkl,0.0,0.0,0.0,d:\PBCNet2.0\case\proQ\pickles\ligand_0.pkl,d:\PBCNet2.0\case\proQ\pickles\ligand_172.pkl,0.9721163511276245
ligand_0.pkl,ligand_1720.pkl,0.0,0.0,0.0,d:\PBCNet2.0\case\proQ\pickles\ligand_0.pkl,d:\PBCNet2.0\case\proQ\pickles\ligand_1720.pkl,0.938402533531189
ligand_0.pkl,ligand_1721.pkl,0.0,0.0,0.0,d:\PBCNet2.0\case\proQ\pickles\ligand_0.pkl,d:\PBCNet2.0\case\proQ\pickles\ligand_1721.pkl,0.8789251446723938
ligand_0.pkl,ligand_1722.pkl,0.0,0.0,0.0,d:\PBCNet2.0\case\proQ\pickles\ligand_0.pkl,d:\PBCNet2.0\case\proQ\pickles\ligand_1722.pkl,0.9063924551010132
ligand_0.pkl,ligand_1723.pkl,0.0,0.0,0.0,d:\PBCNet2.0\case\proQ\pickles\ligand_0.pkl,d:\PBCNet2.0\case\proQ\pickles\ligand_1723.pkl,0.8667319416999817
ligand_0.pkl,ligand_1724.pkl,0.0,0.0,0.0,d:\PBCNet2.0\case\proQ\pickles\ligand_0.pkl,d:\PBCNet2.0\case\proQ\pickles\ligand_1724.pkl,1.13654363155365
ligand_0.pkl,ligand_1725.pkl,0.0,0.0,0.0,d:\PBCNet2.0\case\proQ\pickles\ligand_0.pkl,d:\PBCNet2.0\case\proQ\pickles\ligand_1725.pkl,0.7966296076774597
ligand_0.pkl,ligand_1726.pkl,0.0,0.0,0.0,d:\PBCNet2.0\case\proQ\pickles\ligand_0.pkl,d:\PBCNet2.0\case\proQ\pickles\ligand_1726.pkl,0.8581222891807556
ligand_0.pkl,ligand_1727.pkl,0.0,0.0,0.0,d:\PBCNet2.0\case\proQ\pickles\ligand_0.pkl,d:\PBCNet2.0\case\proQ\pickles\ligand_1727.pkl,1.0094832181930542
ligand_0.pkl,ligand_1728.pkl,0.0,0.0,0.0,d:\PBCNet2.0\case\proQ\pickles\ligand_0.pkl,d:\PBCNet2.0\case\proQ\pickles\ligand_1728.pkl,0.9642776250839233
ligand_0.pkl,ligand_1729.pkl,0.0,0.0,0.0,d:\PBCNet2.0\case\proQ\pickles\ligand_0.pkl,d:\PBCNet2.0\case\proQ\pickles\ligand_1729.pkl,0.9249292612075806
ligand_0.pkl,ligand_173.pkl,0.0,0.0,0.0,d:\PBCNet2.0\case\proQ\pickles\ligand_0.pkl,d:\PBCNet2.0\case\proQ\pickles\ligand_173.pkl,1.0392889976501465
ligand_0.pkl,ligand_1730.pkl,0.0,0.0,0.0,d:\PBCNet2.0\case\proQ\pickles\ligand_0.pkl,d:\PBCNet2.0\case\proQ\pickles\ligand_1730.pkl,0.808262825012207
ligand_0.pkl,ligand_1731.pkl,0.0,0.0,0.0,d:\PBCNet2.0\case\proQ\pickles\ligand_0.pkl,d:\PBCNet2.0\case\proQ\pickles\ligand_1731.pkl,0.9167641401290894
ligand_0.pkl,ligand_1732.pkl,0.0,0.0,0.0,d:\PBCNet2.0\case\proQ\pickles\ligand_0.pkl,d:\PBCNet2.0\case\proQ\pickles\ligand_1732.pkl,0.8935807943344116
ligand_0.pkl,ligand_1733.pkl,0.0,0.0,0.0,d:\PBCNet2.0\case\proQ\pickles\ligand_0.pkl,d:\PBCNet2.0\case\proQ\pickles\ligand_1733.pkl,0.903577446937561
ligand_0.pkl,ligand_1734.pkl,0.0,0.0,0.0,d:\PBCNet2.0\case\proQ\pickles\ligand_0.pkl,d:\PBCNet2.0\case\proQ\pickles\ligand_1734.pkl,0.8861037492752075
ligand_0.pkl,ligand_1735.pkl,0.0,0.0,0.0,d:\PBCNet2.0\case\proQ\pickles\ligand_0.pkl,d:\PBCNet2.0\case\proQ\pickles\ligand_1735.pkl,0.8865069150924683
ligand_0.pkl,ligand_1736.pkl,0.0,0.0,0.0,d:\PBCNet2.0\case\proQ\pickles\ligand_0.pkl,d:\PBCNet2.0\case\proQ\pickles\ligand_1736.pkl,0.9103237390518188
ligand_0.pkl,ligand_1737.pkl,0.0,0.0,0.0,d:\PBCNet2.0\case\proQ\pickles\ligand_0.pkl,d:\PBCNet2.0\case\proQ\pickles\ligand_1737.pkl,0.8839071989059448
ligand_0.pkl,ligand_1738.pkl,0.0,0.0,0.0,d:\PBCNet2.0\case\proQ\pickles\ligand_0.pkl,d:\PBCNet2.0\case\proQ\pickles\ligand_1738.pkl,0.9286974668502808
ligand_0.pkl,ligand_1739.pkl,0.0,0.0,0.0,d:\PBCNet2.0\case\proQ\pickles\ligand_0.pkl,d:\PBCNet2.0\case\proQ\pickles\ligand_1739.pkl,0.871265172958374
ligand_0.pkl,ligand_174.pkl,0.0,0.0,0.0,d:\PBCNet2.0\case\proQ\pickles\ligand_0.pkl,d:\PBCNet2.0\case\proQ\pickles\ligand_174.pkl,0.8434914350509644
ligand_0.pkl,ligand_1740.pkl,0.0,0.0,0.0,d:\PBCNet2.0\case\proQ\pickles\ligand_0.pkl,d:\PBCNet2.0\case\proQ\pickles\ligand_1740.pkl,1.1177361011505127
ligand_0.pkl,ligand_1741.pkl,0.0,0.0,0.0,d:\PBCNet2.0\case\proQ\pickles\ligand_0.pkl,d:\PBCNet2.0\case\proQ\pickles\ligand_1741.pkl,1.2740846872329712
ligand_0.pkl,ligand_1742.pkl,0.0,0.0,0.0,d:\PBCNet2.0\case\proQ\pickles\ligand_0.pkl,d:\PBCNet2.0\case\proQ\pickles\ligand_1742.pkl,0.8655838966369629
ligand_0.pkl,ligand_1743.pkl,0.0,0.0,0.0,d:\PBCNet2.0\case\proQ\pickles\ligand_0.pkl,d:\PBCNet2.0\case\proQ\pickles\ligand_1743.pkl,0.9382277727127075
ligand_0.pkl,ligand_1744.pkl,0.0,0.0,0.0,d:\PBCNet2.0\case\proQ\pickles\ligand_0.pkl,d:\PBCNet2.0\case\proQ\pickles\ligand_1744.pkl,0.9025914669036865
ligand_0.pkl,ligand_1745.pkl,0.0,0.0,0.0,d:\PBCNet2.0\case\proQ\pickles\ligand_0.pkl,d:\PBCNet2.0\case\proQ\pickles\ligand_1745.pkl,1.0110363960266113
ligand_0.pkl,ligand_1746.pkl,0.0,0.0,0.0,d:\PBCNet2.0\case\proQ\pickles\ligand_0.pkl,d:\PBCNet2.0\case\proQ\pickles\ligand_1746.pkl,0.9945312738418579
ligand_0.pkl,ligand_1747.pkl,0.0,0.0,0.0,d:\PBCNet2.0\case\proQ\pickles\ligand_0.pkl,d:\PBCNet2.0\case\proQ\pickles\ligand_1747.pkl,0.9125684499740601
ligand_0.pkl,ligand_1748.pkl,0.0,0.0,0.0,d:\PBCNet2.0\case\proQ\pickles\ligand_0.pkl,d:\PBCNet2.0\case\proQ\pickles\ligand_1748.pkl,0.9293249845504761
ligand_0.pkl,ligand_1749.pkl,0.0,0.0,0.0,d:\PBCNet2.0\case\proQ\pickles\ligand_0.pkl,d:\PBCNet2.0\case\proQ\pickles\ligand_1749.pkl,1.0812543630599976
ligand_0.pkl,ligand_175.pkl,0.0,0.0,0.0,d:\PBCNet2.0\case\proQ\pickles\ligand_0.pkl,d:\PBCNet2.0\case\proQ\pickles\ligand_175.pkl,0.9059454202651978
ligand_0.pkl,ligand_1750.pkl,0.0,0.0,0.0,d:\PBCNet2.0\case\proQ\pickles\ligand_0.pkl,d:\PBCNet2.0\case\proQ\pickles\ligand_1750.pkl,0.8722345232963562
ligand_0.pkl,ligand_1751.pkl,0.0,0.0,0.0,d:\PBCNet2.0\case\proQ\pickles\ligand_0.pkl,d:\PBCNet2.0\case\proQ\pickles\ligand_1751.pkl,1.1893826723098755
ligand_0.pkl,ligand_1752.pkl,0.0,0.0,0.0,d:\PBCNet2.0\case\proQ\pickles\ligand_0.pkl,d:\PBCNet2.0\case\proQ\pickles\ligand_1752.pkl,1.0619924068450928
ligand_0.pkl,ligand_1753.pkl,0.0,0.0,0.0,d:\PBCNet2.0\case\proQ\pickles\ligand_0.pkl,d:\PBCNet2.0\case\proQ\pickles\ligand_1753.pkl,0.8568936586380005
ligand_0.pkl,ligand_1754.pkl,0.0,0.0,0.0,d:\PBCNet2.0\case\proQ\pickles\ligand_0.pkl,d:\PBCNet2.0\case\proQ\pickles\ligand_1754.pkl,0.9900364875793457
ligand_0.pkl,ligand_1755.pkl,0.0,0.0,0.0,d:\PBCNet2.0\case\proQ\pickles\ligand_0.pkl,d:\PBCNet2.0\case\proQ\pickles\ligand_1755.pkl,0.99921715259552
ligand_0.pkl,ligand_1756.pkl,0.0,0.0,0.0,d:\PBCNet2.0\case\proQ\pickles\ligand_0.pkl,d:\PBCNet2.0\case\proQ\pickles\ligand_1756.pkl,0.9223848581314087
ligand_0.pkl,ligand_1757.pkl,0.0,0.0,0.0,d:\PBCNet2.0\case\proQ\pickles\ligand_0.pkl,d:\PBCNet2.0\case\proQ\pickles\ligand_1757.pkl,0.8827128410339355
ligand_0.pkl,ligand_1758.pkl,0.0,0.0,0.0,d:\PBCNet2.0\case\proQ\pickles\ligand_0.pkl,d:\PBCNet2.0\case\proQ\pickles\ligand_1758.pkl,0.5204981565475464
ligand_0.pkl,ligand_1759.pkl,0.0,0.0,0.0,d:\PBCNet2.0\case\proQ\pickles\ligand_0.pkl,d:\PBCNet2.0\case\proQ\pickles\ligand_1759.pkl,1.0026956796646118
ligand_0.pkl,ligand_176.pkl,0.0,0.0,0.0,d:\PBCNet2.0\case\proQ\pickles\ligand_0.pkl,d:\PBCNet2.0\case\proQ\pickles\ligand_176.pkl,0.7640571594238281
ligand_0.pkl,ligand_1760.pkl,0.0,0.0,0.0,d:\PBCNet2.0\case\proQ\pickles\ligand_0.pkl,d:\PBCNet2.0\case\proQ\pickles\ligand_1760.pkl,0.8217663764953613
ligand_0.pkl,ligand_1761.pkl,0.0,0.0,0.0,d:\PBCNet2.0\case\proQ\pickles\ligand_0.pkl,d:\PBCNet2.0\case\proQ\pickles\ligand_1761.pkl,0.8743963837623596
ligand_0.pkl,ligand_1762.pkl,0.0,0.0,0.0,d:\PBCNet2.0\case\proQ\pickles\ligand_0.pkl,d:\PBCNet2.0\case\proQ\pickles\ligand_1762.pkl,0.9308042526245117
ligand_0.pkl,ligand_1763.pkl,0.0,0.0,0.0,d:\PBCNet2.0\case\proQ\pickles\ligand_0.pkl,d:\PBCNet2.0\case\proQ\pickles\ligand_1763.pkl,0.6336002349853516
ligand_0.pkl,ligand_1764.pkl,0.0,0.0,0.0,d:\PBCNet2.0\case\proQ\pickles\ligand_0.pkl,d:\PBCNet2.0\case\proQ\pickles\ligand_1764.pkl,0.9049676656723022
ligand_0.pkl,ligand_1765.pkl,0.0,0.0,0.0,d:\PBCNet2.0\case\proQ\pickles\ligand_0.pkl,d:\PBCNet2.0\case\proQ\pickles\ligand_1765.pkl,0.9909974336624146
ligand_0.pkl,ligand_1766.pkl,0.0,0.0,0.0,d:\PBCNet2.0\case\proQ\pickles\ligand_0.pkl,d:\PBCNet2.0\case\proQ\pickles\ligand_1766.pkl,0.816362738609314
ligand_0.pkl,ligand_1767.pkl,0.0,0.0,0.0,d:\PBCNet2.0\case\proQ\pickles\ligand_0.pkl,d:\PBCNet2.0\case\proQ\pickles\ligand_1767.pkl,0.899837851524353
ligand_0.pkl,ligand_1768.pkl,0.0,0.0,0.0,d:\PBCNet2.0\case\proQ\pickles\ligand_0.pkl,d:\PBCNet2.0\case\proQ\pickles\ligand_1768.pkl,0.9604216814041138
ligand_0.pkl,ligand_1769.pkl,0.0,0.0,0.0,d:\PBCNet2.0\case\proQ\pickles\ligand_0.pkl,d:\PBCNet2.0\case\proQ\pickles\ligand_1769.pkl,0.9968416690826416
ligand_0.pkl,ligand_177.pkl,0.0,0.0,0.0,d:\PBCNet2.0\case\proQ\pickles\ligand_0.pkl,d:\PBCNet2.0\case\proQ\pickles\ligand_177.pkl,0.933684229850769
ligand_0.pkl,ligand_1770.pkl,0.0,0.0,0.0,d:\PBCNet2.0\case\proQ\pickles\ligand_0.pkl,d:\PBCNet2.0\case\proQ\pickles\ligand_1770.pkl,0.9262398481369019
ligand_0.pkl,ligand_1771.pkl,0.0,0.0,0.0,d:\PBCNet2.0\case\proQ\pickles\ligand_0.pkl,d:\PBCNet2.0\case\proQ\pickles\ligand_1771.pkl,0.9340041875839233
ligand_0.pkl,ligand_1772.pkl,0.0,0.0,0.0,d:\PBCNet2.0\case\proQ\pickles\ligand_0.pkl,d:\PBCNet2.0\case\proQ\pickles\ligand_1772.pkl,0.9842075109481812
ligand_0.pkl,ligand_1773.pkl,0.0,0.0,0.0,d:\PBCNet2.0\case\proQ\pickles\ligand_0.pkl,d:\PBCNet2.0\case\proQ\pickles\ligand_1773.pkl,1.007480502128601
ligand_0.pkl,ligand_1774.pkl,0.0,0.0,0.0,d:\PBCNet2.0\case\proQ\pickles\ligand_0.pkl,d:\PBCNet2.0\case\proQ\pickles\ligand_1774.pkl,1.040774941444397
ligand_0.pkl,ligand_1775.pkl,0.0,0.0,0.0,d:\PBCNet2.0\case\proQ\pickles\ligand_0.pkl,d:\PBCNet2.0\case\proQ\pickles\ligand_1775.pkl,0.9280208349227905
ligand_0.pkl,ligand_1776.pkl,0.0,0.0,0.0,d:\PBCNet2.0\case\proQ\pickles\ligand_0.pkl,d:\PBCNet2.0\case\proQ\pickles\ligand_1776.pkl,0.8108065128326416
ligand_0.pkl,ligand_1777.pkl,0.0,0.0,0.0,d:\PBCNet2.0\case\proQ\pickles\ligand_0.pkl,d:\PBCNet2.0\case\proQ\pickles\ligand_1777.pkl,1.1652408838272095
ligand_0.pkl,ligand_1778.pkl,0.0,0.0,0.0,d:\PBCNet2.0\case\proQ\pickles\ligand_0.pkl,d:\PBCNet2.0\case\proQ\pickles\ligand_1778.pkl,1.023398518562317
ligand_0.pkl,ligand_1779.pkl,0.0,0.0,0.0,d:\PBCNet2.0\case\proQ\pickles\ligand_0.pkl,d:\PBCNet2.0\case\proQ\pickles\ligand_1779.pkl,0.9189745187759399
ligand_0.pkl,ligand_178.pkl,0.0,0.0,0.0,d:\PBCNet2.0\case\proQ\pickles\ligand_0.pkl,d:\PBCNet2.0\case\proQ\pickles\ligand_178.pkl,0.953719973564148
ligand_0.pkl,ligand_1780.pkl,0.0,0.0,0.0,d:\PBCNet2.0\case\proQ\pickles\ligand_0.pkl,d:\PBCNet2.0\case\proQ\pickles\ligand_1780.pkl,0.9005309343338013
ligand_0.pkl,ligand_1781.pkl,0.0,0.0,0.0,d:\PBCNet2.0\case\proQ\pickles\ligand_0.pkl,d:\PBCNet2.0\case\proQ\pickles\ligand_1781.pkl,0.9050875902175903
ligand_0.pkl,ligand_1782.pkl,0.0,0.0,0.0,d:\PBCNet2.0\case\proQ\pickles\ligand_0.pkl,d:\PBCNet2.0\case\proQ\pickles\ligand_1782.pkl,0.991101861000061
ligand_0.pkl,ligand_1783.pkl,0.0,0.0,0.0,d:\PBCNet2.0\case\proQ\pickles\ligand_0.pkl,d:\PBCNet2.0\case\proQ\pickles\ligand_1783.pkl,1.0196009874343872
ligand_0.pkl,ligand_1784.pkl,0.0,0.0,0.0,d:\PBCNet2.0\case\proQ\pickles\ligand_0.pkl,d:\PBCNet2.0\case\proQ\pickles\ligand_1784.pkl,1.038370966911316
ligand_0.pkl,ligand_1785.pkl,0.0,0.0,0.0,d:\PBCNet2.0\case\proQ\pickles\ligand_0.pkl,d:\PBCNet2.0\case\proQ\pickles\ligand_1785.pkl,0.9033175706863403
ligand_0.pkl,ligand_1786.pkl,0.0,0.0,0.0,d:\PBCNet2.0\case\proQ\pickles\ligand_0.pkl,d:\PBCNet2.0\case\proQ\pickles\ligand_1786.pkl,0.7640514969825745
ligand_0.pkl,ligand_1787.pkl,0.0,0.0,0.0,d:\PBCNet2.0\case\proQ\pickles\ligand_0.pkl,d:\PBCNet2.0\case\proQ\pickles\ligand_1787.pkl,1.0102741718292236
ligand_0.pkl,ligand_1788.pkl,0.0,0.0,0.0,d:\PBCNet2.0\case\proQ\pickles\ligand_0.pkl,d:\PBCNet2.0\case\proQ\pickles\ligand_1788.pkl,0.8795579671859741
ligand_0.pkl,ligand_1789.pkl,0.0,0.0,0.0,d:\PBCNet2.0\case\proQ\pickles\ligand_0.pkl,d:\PBCNet2.0\case\proQ\pickles\ligand_1789.pkl,1.111538052558899
ligand_0.pkl,ligand_179.pkl,0.0,0.0,0.0,d:\PBCNet2.0\case\proQ\pickles\ligand_0.pkl,d:\PBCNet2.0\case\proQ\pickles\ligand_179.pkl,0.8786759376525879
ligand_0.pkl,ligand_1790.pkl,0.0,0.0,0.0,d:\PBCNet2.0\case\proQ\pickles\ligand_0.pkl,d:\PBCNet2.0\case\proQ\pickles\ligand_1790.pkl,0.8907934427261353
ligand_0.pkl,ligand_1791.pkl,0.0,0.0,0.0,d:\PBCNet2.0\case\proQ\pickles\ligand_0.pkl,d:\PBCNet2.0\case\proQ\pickles\ligand_1791.pkl,0.9385112524032593
ligand_0.pkl,ligand_1792.pkl,0.0,0.0,0.0,d:\PBCNet2.0\case\proQ\pickles\ligand_0.pkl,d:\PBCNet2.0\case\proQ\pickles\ligand_1792.pkl,0.8592947721481323
ligand_0.pkl,ligand_1793.pkl,0.0,0.0,0.0,d:\PBCNet2.0\case\proQ\pickles\ligand_0.pkl,d:\PBCNet2.0\case\proQ\pickles\ligand_1793.pkl,0.8452011942863464
ligand_0.pkl,ligand_1794.pkl,0.0,0.0,0.0,d:\PBCNet2.0\case\proQ\pickles\ligand_0.pkl,d:\PBCNet2.0\case\proQ\pickles\ligand_1794.pkl,0.9562760591506958
ligand_0.pkl,ligand_1795.pkl,0.0,0.0,0.0,d:\PBCNet2.0\case\proQ\pickles\ligand_0.pkl,d:\PBCNet2.0\case\proQ\pickles\ligand_1795.pkl,1.121645450592041
ligand_0.pkl,ligand_1796.pkl,0.0,0.0,0.0,d:\PBCNet2.0\case\proQ\pickles\ligand_0.pkl,d:\PBCNet2.0\case\proQ\pickles\ligand_1796.pkl,0.970482587814331
ligand_0.pkl,ligand_1797.pkl,0.0,0.0,0.0,d:\PBCNet2.0\case\proQ\pickles\ligand_0.pkl,d:\PBCNet2.0\case\proQ\pickles\ligand_1797.pkl,0.8903752565383911
ligand_0.pkl,ligand_1798.pkl,0.0,0.0,0.0,d:\PBCNet2.0\case\proQ\pickles\ligand_0.pkl,d:\PBCNet2.0\case\proQ\pickles\ligand_1798.pkl,0.9593824148178101
ligand_0.pkl,ligand_1799.pkl,0.0,0.0,0.0,d:\PBCNet2.0\case\proQ\pickles\ligand_0.pkl,d:\PBCNet2.0\case\proQ\pickles\ligand_1799.pkl,0.5682613253593445
ligand_0.pkl,ligand_18.pkl,0.0,0.0,0.0,d:\PBCNet2.0\case\proQ\pickles\ligand_0.pkl,d:\PBCNet2.0\case\proQ\pickles\ligand_18.pkl,0.9029744863510132
ligand_0.pkl,ligand_180.pkl,0.0,0.0,0.0,d:\PBCNet2.0\case\proQ\pickles\ligand_0.pkl,d:\PBCNet2.0\case\proQ\pickles\ligand_180.pkl,0.884274959564209
ligand_0.pkl,ligand_1800.pkl,0.0,0.0,0.0,d:\PBCNet2.0\case\proQ\pickles\ligand_0.pkl,d:\PBCNet2.0\case\proQ\pickles\ligand_1800.pkl,0.9238332509994507
ligand_0.pkl,ligand_1801.pkl,0.0,0.0,0.0,d:\PBCNet2.0\case\proQ\pickles\ligand_0.pkl,d:\PBCNet2.0\case\proQ\pickles\ligand_1801.pkl,0.9248838424682617
ligand_0.pkl,ligand_1802.pkl,0.0,0.0,0.0,d:\PBCNet2.0\case\proQ\pickles\ligand_0.pkl,d:\PBCNet2.0\case\proQ\pickles\ligand_1802.pkl,0.991234540939331
ligand_0.pkl,ligand_1803.pkl,0.0,0.0,0.0,d:\PBCNet2.0\case\proQ\pickles\ligand_0.pkl,d:\PBCNet2.0\case\proQ\pickles\ligand_1803.pkl,0.9168757200241089
ligand_0.pkl,ligand_1804.pkl,0.0,0.0,0.0,d:\PBCNet2.0\case\proQ\pickles\ligand_0.pkl,d:\PBCNet2.0\case\proQ\pickles\ligand_1804.pkl,0.9924405813217163
ligand_0.pkl,ligand_1805.pkl,0.0,0.0,0.0,d:\PBCNet2.0\case\proQ\pickles\ligand_0.pkl,d:\PBCNet2.0\case\proQ\pickles\ligand_1805.pkl,0.9255027770996094
ligand_0.pkl,ligand_1806.pkl,0.0,0.0,0.0,d:\PBCNet2.0\case\proQ\pickles\ligand_0.pkl,d:\PBCNet2.0\case\proQ\pickles\ligand_1806.pkl,0.9594453573226929
ligand_0.pkl,ligand_1807.pkl,0.0,0.0,0.0,d:\PBCNet2.0\case\proQ\pickles\ligand_0.pkl,d:\PBCNet2.0\case\proQ\pickles\ligand_1807.pkl,0.9188917875289917
ligand_0.pkl,ligand_1808.pkl,0.0,0.0,0.0,d:\PBCNet2.0\case\proQ\pickles\ligand_0.pkl,d:\PBCNet2.0\case\proQ\pickles\ligand_1808.pkl,0.9167314767837524
ligand_0.pkl,ligand_1809.pkl,0.0,0.0,0.0,d:\PBCNet2.0\case\proQ\pickles\ligand_0.pkl,d:\PBCNet2.0\case\proQ\pickles\ligand_1809.pkl,0.9893397092819214
ligand_0.pkl,ligand_181.pkl,0.0,0.0,0.0,d:\PBCNet2.0\case\proQ\pickles\ligand_0.pkl,d:\PBCNet2.0\case\proQ\pickles\ligand_181.pkl,0.9571413993835449
ligand_0.pkl,ligand_1810.pkl,0.0,0.0,0.0,d:\PBCNet2.0\case\proQ\pickles\ligand_0.pkl,d:\PBCNet2.0\case\proQ\pickles\ligand_1810.pkl,0.7888705730438232
ligand_0.pkl,ligand_1811.pkl,0.0,0.0,0.0,d:\PBCNet2.0\case\proQ\pickles\ligand_0.pkl,d:\PBCNet2.0\case\proQ\pickles\ligand_1811.pkl,0.901273250579834
ligand_0.pkl,ligand_1812.pkl,0.0,0.0,0.0,d:\PBCNet2.0\case\proQ\pickles\ligand_0.pkl,d:\PBCNet2.0\case\proQ\pickles\ligand_1812.pkl,0.9426542520523071
ligand_0.pkl,ligand_1813.pkl,0.0,0.0,0.0,d:\PBCNet2.0\case\proQ\pickles\ligand_0.pkl,d:\PBCNet2.0\case\proQ\pickles\ligand_1813.pkl,0.9023004770278931
ligand_0.pkl,ligand_1814.pkl,0.0,0.0,0.0,d:\PBCNet2.0\case\proQ\pickles\ligand_0.pkl,d:\PBCNet2.0\case\proQ\pickles\ligand_1814.pkl,0.8015391826629639
ligand_0.pkl,ligand_1815.pkl,0.0,0.0,0.0,d:\PBCNet2.0\case\proQ\pickles\ligand_0.pkl,d:\PBCNet2.0\case\proQ\pickles\ligand_1815.pkl,0.9213019609451294
ligand_0.pkl,ligand_1816.pkl,0.0,0.0,0.0,d:\PBCNet2.0\case\proQ\pickles\ligand_0.pkl,d:\PBCNet2.0\case\proQ\pickles\ligand_1816.pkl,0.7930895090103149
ligand_0.pkl,ligand_1817.pkl,0.0,0.0,0.0,d:\PBCNet2.0\case\proQ\pickles\ligand_0.pkl,d:\PBCNet2.0\case\proQ\pickles\ligand_1817.pkl,0.846012532711029
ligand_0.pkl,ligand_1818.pkl,0.0,0.0,0.0,d:\PBCNet2.0\case\proQ\pickles\ligand_0.pkl,d:\PBCNet2.0\case\proQ\pickles\ligand_1818.pkl,0.6886728405952454
ligand_0.pkl,ligand_1819.pkl,0.0,0.0,0.0,d:\PBCNet2.0\case\proQ\pickles\ligand_0.pkl,d:\PBCNet2.0\case\proQ\pickles\ligand_1819.pkl,0.9070490598678589
ligand_0.pkl,ligand_182.pkl,0.0,0.0,0.0,d:\PBCNet2.0\case\proQ\pickles\ligand_0.pkl,d:\PBCNet2.0\case\proQ\pickles\ligand_182.pkl,1.0521268844604492
ligand_0.pkl,ligand_1820.pkl,0.0,0.0,0.0,d:\PBCNet2.0\case\proQ\pickles\ligand_0.pkl,d:\PBCNet2.0\case\proQ\pickles\ligand_1820.pkl,1.047406554222107
ligand_0.pkl,ligand_1821.pkl,0.0,0.0,0.0,d:\PBCNet2.0\case\proQ\pickles\ligand_0.pkl,d:\PBCNet2.0\case\proQ\pickles\ligand_1821.pkl,1.0219446420669556
ligand_0.pkl,ligand_1822.pkl,0.0,0.0,0.0,d:\PBCNet2.0\case\proQ\pickles\ligand_0.pkl,d:\PBCNet2.0\case\proQ\pickles\ligand_1822.pkl,0.9828921556472778
ligand_0.pkl,ligand_1823.pkl,0.0,0.0,0.0,d:\PBCNet2.0\case\proQ\pickles\ligand_0.pkl,d:\PBCNet2.0\case\proQ\pickles\ligand_1823.pkl,1.0675671100616455
ligand_0.pkl,ligand_1824.pkl,0.0,0.0,0.0,d:\PBCNet2.0\case\proQ\pickles\ligand_0.pkl,d:\PBCNet2.0\case\proQ\pickles\ligand_1824.pkl,1.0517375469207764
ligand_0.pkl,ligand_1825.pkl,0.0,0.0,0.0,d:\PBCNet2.0\case\proQ\pickles\ligand_0.pkl,d:\PBCNet2.0\case\proQ\pickles\ligand_1825.pkl,0.9527515172958374
ligand_0.pkl,ligand_1826.pkl,0.0,0.0,0.0,d:\PBCNet2.0\case\proQ\pickles\ligand_0.pkl,d:\PBCNet2.0\case\proQ\pickles\ligand_1826.pkl,0.9541912078857422
ligand_0.pkl,ligand_1827.pkl,0.0,0.0,0.0,d:\PBCNet2.0\case\proQ\pickles\ligand_0.pkl,d:\PBCNet2.0\case\proQ\pickles\ligand_1827.pkl,1.0829418897628784
ligand_0.pkl,ligand_1828.pkl,0.0,0.0,0.0,d:\PBCNet2.0\case\proQ\pickles\ligand_0.pkl,d:\PBCNet2.0\case\proQ\pickles\ligand_1828.pkl,0.9579459428787231
ligand_0.pkl,ligand_1829.pkl,0.0,0.0,0.0,d:\PBCNet2.0\case\proQ\pickles\ligand_0.pkl,d:\PBCNet2.0\case\proQ\pickles\ligand_1829.pkl,0.9551931619644165
ligand_0.pkl,ligand_183.pkl,0.0,0.0,0.0,d:\PBCNet2.0\case\proQ\pickles\ligand_0.pkl,d:\PBCNet2.0\case\proQ\pickles\ligand_183.pkl,0.9104713201522827
ligand_0.pkl,ligand_1830.pkl,0.0,0.0,0.0,d:\PBCNet2.0\case\proQ\pickles\ligand_0.pkl,d:\PBCNet2.0\case\proQ\pickles\ligand_1830.pkl,0.941226601600647
ligand_0.pkl,ligand_1831.pkl,0.0,0.0,0.0,d:\PBCNet2.0\case\proQ\pickles\ligand_0.pkl,d:\PBCNet2.0\case\proQ\pickles\ligand_1831.pkl,0.954046368598938
ligand_0.pkl,ligand_1832.pkl,0.0,0.0,0.0,d:\PBCNet2.0\case\proQ\pickles\ligand_0.pkl,d:\PBCNet2.0\case\proQ\pickles\ligand_1832.pkl,0.9592217206954956
ligand_0.pkl,ligand_1833.pkl,0.0,0.0,0.0,d:\PBCNet2.0\case\proQ\pickles\ligand_0.pkl,d:\PBCNet2.0\case\proQ\pickles\ligand_1833.pkl,0.9577161073684692
ligand_0.pkl,ligand_1834.pkl,0.0,0.0,0.0,d:\PBCNet2.0\case\proQ\pickles\ligand_0.pkl,d:\PBCNet2.0\case\proQ\pickles\ligand_1834.pkl,0.9697927236557007
ligand_0.pkl,ligand_1835.pkl,0.0,0.0,0.0,d:\PBCNet2.0\case\proQ\pickles\ligand_0.pkl,d:\PBCNet2.0\case\proQ\pickles\ligand_1835.pkl,0.8719300031661987
ligand_0.pkl,ligand_1836.pkl,0.0,0.0,0.0,d:\PBCNet2.0\case\proQ\pickles\ligand_0.pkl,d:\PBCNet2.0\case\proQ\pickles\ligand_1836.pkl,0.9133492708206177
ligand_0.pkl,ligand_1837.pkl,0.0,0.0,0.0,d:\PBCNet2.0\case\proQ\pickles\ligand_0.pkl,d:\PBCNet2.0\case\proQ\pickles\ligand_1837.pkl,0.9649783372879028
ligand_0.pkl,ligand_1838.pkl,0.0,0.0,0.0,d:\PBCNet2.0\case\proQ\pickles\ligand_0.pkl,d:\PBCNet2.0\case\proQ\pickles\ligand_1838.pkl,0.9917954206466675
ligand_0.pkl,ligand_1839.pkl,0.0,0.0,0.0,d:\PBCNet2.0\case\proQ\pickles\ligand_0.pkl,d:\PBCNet2.0\case\proQ\pickles\ligand_1839.pkl,0.9482383728027344
ligand_0.pkl,ligand_184.pkl,0.0,0.0,0.0,d:\PBCNet2.0\case\proQ\pickles\ligand_0.pkl,d:\PBCNet2.0\case\proQ\pickles\ligand_184.pkl,0.9901367425918579
ligand_0.pkl,ligand_1840.pkl,0.0,0.0,0.0,d:\PBCNet2.0\case\proQ\pickles\ligand_0.pkl,d:\PBCNet2.0\case\proQ\pickles\ligand_1840.pkl,0.940055251121521
ligand_0.pkl,ligand_1841.pkl,0.0,0.0,0.0,d:\PBCNet2.0\case\proQ\pickles\ligand_0.pkl,d:\PBCNet2.0\case\proQ\pickles\ligand_1841.pkl,1.0363562107086182
ligand_0.pkl,ligand_1842.pkl,0.0,0.0,0.0,d:\PBCNet2.0\case\proQ\pickles\ligand_0.pkl,d:\PBCNet2.0\case\proQ\pickles\ligand_1842.pkl,0.8965853452682495
ligand_0.pkl,ligand_1843.pkl,0.0,0.0,0.0,d:\PBCNet2.0\case\proQ\pickles\ligand_0.pkl,d:\PBCNet2.0\case\proQ\pickles\ligand_1843.pkl,0.9949332475662231
ligand_0.pkl,ligand_1844.pkl,0.0,0.0,0.0,d:\PBCNet2.0\case\proQ\pickles\ligand_0.pkl,d:\PBCNet2.0\case\proQ\pickles\ligand_1844.pkl,0.958663821220398
ligand_0.pkl,ligand_1845.pkl,0.0,0.0,0.0,d:\PBCNet2.0\case\proQ\pickles\ligand_0.pkl,d:\PBCNet2.0\case\proQ\pickles\ligand_1845.pkl,0.9422906637191772
ligand_0.pkl,ligand_1846.pkl,0.0,0.0,0.0,d:\PBCNet2.0\case\proQ\pickles\ligand_0.pkl,d:\PBCNet2.0\case\proQ\pickles\ligand_1846.pkl,0.9110971689224243
ligand_0.pkl,ligand_1847.pkl,0.0,0.0,0.0,d:\PBCNet2.0\case\proQ\pickles\ligand_0.pkl,d:\PBCNet2.0\case\proQ\pickles\ligand_1847.pkl,0.9478349685668945
ligand_0.pkl,ligand_1848.pkl,0.0,0.0,0.0,d:\PBCNet2.0\case\proQ\pickles\ligand_0.pkl,d:\PBCNet2.0\case\proQ\pickles\ligand_1848.pkl,0.9412640333175659
ligand_0.pkl,ligand_1849.pkl,0.0,0.0,0.0,d:\PBCNet2.0\case\proQ\pickles\ligand_0.pkl,d:\PBCNet2.0\case\proQ\pickles\ligand_1849.pkl,0.9605759382247925
ligand_0.pkl,ligand_185.pkl,0.0,0.0,0.0,d:\PBCNet2.0\case\proQ\pickles\ligand_0.pkl,d:\PBCNet2.0\case\proQ\pickles\ligand_185.pkl,0.9254964590072632
ligand_0.pkl,ligand_1850.pkl,0.0,0.0,0.0,d:\PBCNet2.0\case\proQ\pickles\ligand_0.pkl,d:\PBCNet2.0\case\proQ\pickles\ligand_1850.pkl,0.8532791137695312
ligand_0.pkl,ligand_1851.pkl,0.0,0.0,0.0,d:\PBCNet2.0\case\proQ\pickles\ligand_0.pkl,d:\PBCNet2.0\case\proQ\pickles\ligand_1851.pkl,0.8937864899635315
ligand_0.pkl,ligand_1852.pkl,0.0,0.0,0.0,d:\PBCNet2.0\case\proQ\pickles\ligand_0.pkl,d:\PBCNet2.0\case\proQ\pickles\ligand_1852.pkl,0.8344433307647705
ligand_0.pkl,ligand_1853.pkl,0.0,0.0,0.0,d:\PBCNet2.0\case\proQ\pickles\ligand_0.pkl,d:\PBCNet2.0\case\proQ\pickles\ligand_1853.pkl,0.9532537460327148
ligand_0.pkl,ligand_1854.pkl,0.0,0.0,0.0,d:\PBCNet2.0\case\proQ\pickles\ligand_0.pkl,d:\PBCNet2.0\case\proQ\pickles\ligand_1854.pkl,0.8364707231521606
ligand_0.pkl,ligand_1855.pkl,0.0,0.0,0.0,d:\PBCNet2.0\case\proQ\pickles\ligand_0.pkl,d:\PBCNet2.0\case\proQ\pickles\ligand_1855.pkl,0.9800703525543213
ligand_0.pkl,ligand_1856.pkl,0.0,0.0,0.0,d:\PBCNet2.0\case\proQ\pickles\ligand_0.pkl,d:\PBCNet2.0\case\proQ\pickles\ligand_1856.pkl,0.9158860445022583
ligand_0.pkl,ligand_1857.pkl,0.0,0.0,0.0,d:\PBCNet2.0\case\proQ\pickles\ligand_0.pkl,d:\PBCNet2.0\case\proQ\pickles\ligand_1857.pkl,0.948642373085022
ligand_0.pkl,ligand_1858.pkl,0.0,0.0,0.0,d:\PBCNet2.0\case\proQ\pickles\ligand_0.pkl,d:\PBCNet2.0\case\proQ\pickles\ligand_1858.pkl,0.806795597076416
ligand_0.pkl,ligand_1859.pkl,0.0,0.0,0.0,d:\PBCNet2.0\case\proQ\pickles\ligand_0.pkl,d:\PBCNet2.0\case\proQ\pickles\ligand_1859.pkl,0.788835883140564
ligand_0.pkl,ligand_186.pkl,0.0,0.0,0.0,d:\PBCNet2.0\case\proQ\pickles\ligand_0.pkl,d:\PBCNet2.0\case\proQ\pickles\ligand_186.pkl,0.8327232003211975
ligand_0.pkl,ligand_1860.pkl,0.0,0.0,0.0,d:\PBCNet2.0\case\proQ\pickles\ligand_0.pkl,d:\PBCNet2.0\case\proQ\pickles\ligand_1860.pkl,0.852379322052002
ligand_0.pkl,ligand_1861.pkl,0.0,0.0,0.0,d:\PBCNet2.0\case\proQ\pickles\ligand_0.pkl,d:\PBCNet2.0\case\proQ\pickles\ligand_1861.pkl,0.9493805170059204
ligand_0.pkl,ligand_1862.pkl,0.0,0.0,0.0,d:\PBCNet2.0\case\proQ\pickles\ligand_0.pkl,d:\PBCNet2.0\case\proQ\pickles\ligand_1862.pkl,0.9679691791534424
ligand_0.pkl,ligand_1863.pkl,0.0,0.0,0.0,d:\PBCNet2.0\case\proQ\pickles\ligand_0.pkl,d:\PBCNet2.0\case\proQ\pickles\ligand_1863.pkl,0.902959942817688
ligand_0.pkl,ligand_1864.pkl,0.0,0.0,0.0,d:\PBCNet2.0\case\proQ\pickles\ligand_0.pkl,d:\PBCNet2.0\case\proQ\pickles\ligand_1864.pkl,0.9336750507354736
ligand_0.pkl,ligand_1865.pkl,0.0,0.0,0.0,d:\PBCNet2.0\case\proQ\pickles\ligand_0.pkl,d:\PBCNet2.0\case\proQ\pickles\ligand_1865.pkl,0.9117604494094849
ligand_0.pkl,ligand_1866.pkl,0.0,0.0,0.0,d:\PBCNet2.0\case\proQ\pickles\ligand_0.pkl,d:\PBCNet2.0\case\proQ\pickles\ligand_1866.pkl,0.9701515436172485
ligand_0.pkl,ligand_1867.pkl,0.0,0.0,0.0,d:\PBCNet2.0\case\proQ\pickles\ligand_0.pkl,d:\PBCNet2.0\case\proQ\pickles\ligand_1867.pkl,0.8964325189590454
ligand_0.pkl,ligand_1868.pkl,0.0,0.0,0.0,d:\PBCNet2.0\case\proQ\pickles\ligand_0.pkl,d:\PBCNet2.0\case\proQ\pickles\ligand_1868.pkl,0.9602837562561035
ligand_0.pkl,ligand_1869.pkl,0.0,0.0,0.0,d:\PBCNet2.0\case\proQ\pickles\ligand_0.pkl,d:\PBCNet2.0\case\proQ\pickles\ligand_1869.pkl,0.9167286157608032
ligand_0.pkl,ligand_187.pkl,0.0,0.0,0.0,d:\PBCNet2.0\case\proQ\pickles\ligand_0.pkl,d:\PBCNet2.0\case\proQ\pickles\ligand_187.pkl,0.9669640064239502
ligand_0.pkl,ligand_1870.pkl,0.0,0.0,0.0,d:\PBCNet2.0\case\proQ\pickles\ligand_0.pkl,d:\PBCNet2.0\case\proQ\pickles\ligand_1870.pkl,0.9323107004165649
ligand_0.pkl,ligand_1871.pkl,0.0,0.0,0.0,d:\PBCNet2.0\case\proQ\pickles\ligand_0.pkl,d:\PBCNet2.0\case\proQ\pickles\ligand_1871.pkl,0.94364333152771
ligand_0.pkl,ligand_1872.pkl,0.0,0.0,0.0,d:\PBCNet2.0\case\proQ\pickles\ligand_0.pkl,d:\PBCNet2.0\case\proQ\pickles\ligand_1872.pkl,0.9483835697174072
ligand_0.pkl,ligand_1873.pkl,0.0,0.0,0.0,d:\PBCNet2.0\case\proQ\pickles\ligand_0.pkl,d:\PBCNet2.0\case\proQ\pickles\ligand_1873.pkl,0.9278355836868286
ligand_0.pkl,ligand_1874.pkl,0.0,0.0,0.0,d:\PBCNet2.0\case\proQ\pickles\ligand_0.pkl,d:\PBCNet2.0\case\proQ\pickles\ligand_1874.pkl,0.9434447288513184
ligand_0.pkl,ligand_1875.pkl,0.0,0.0,0.0,d:\PBCNet2.0\case\proQ\pickles\ligand_0.pkl,d:\PBCNet2.0\case\proQ\pickles\ligand_1875.pkl,1.0693351030349731
ligand_0.pkl,ligand_1876.pkl,0.0,0.0,0.0,d:\PBCNet2.0\case\proQ\pickles\ligand_0.pkl,d:\PBCNet2.0\case\proQ\pickles\ligand_1876.pkl,0.9406957626342773
ligand_0.pkl,ligand_1877.pkl,0.0,0.0,0.0,d:\PBCNet2.0\case\proQ\pickles\ligand_0.pkl,d:\PBCNet2.0\case\proQ\pickles\ligand_1877.pkl,1.0568996667861938
ligand_0.pkl,ligand_1878.pkl,0.0,0.0,0.0,d:\PBCNet2.0\case\proQ\pickles\ligand_0.pkl,d:\PBCNet2.0\case\proQ\pickles\ligand_1878.pkl,0.9746198654174805
ligand_0.pkl,ligand_1879.pkl,0.0,0.0,0.0,d:\PBCNet2.0\case\proQ\pickles\ligand_0.pkl,d:\PBCNet2.0\case\proQ\pickles\ligand_1879.pkl,0.9558144807815552
ligand_0.pkl,ligand_188.pkl,0.0,0.0,0.0,d:\PBCNet2.0\case\proQ\pickles\ligand_0.pkl,d:\PBCNet2.0\case\proQ\pickles\ligand_188.pkl,0.8845303058624268
ligand_0.pkl,ligand_1880.pkl,0.0,0.0,0.0,d:\PBCNet2.0\case\proQ\pickles\ligand_0.pkl,d:\PBCNet2.0\case\proQ\pickles\ligand_1880.pkl,0.8870595693588257
ligand_0.pkl,ligand_1881.pkl,0.0,0.0,0.0,d:\PBCNet2.0\case\proQ\pickles\ligand_0.pkl,d:\PBCNet2.0\case\proQ\pickles\ligand_1881.pkl,0.9778494834899902
ligand_0.pkl,ligand_1882.pkl,0.0,0.0,0.0,d:\PBCNet2.0\case\proQ\pickles\ligand_0.pkl,d:\PBCNet2.0\case\proQ\pickles\ligand_1882.pkl,0.9282574653625488
ligand_0.pkl,ligand_1883.pkl,0.0,0.0,0.0,d:\PBCNet2.0\case\proQ\pickles\ligand_0.pkl,d:\PBCNet2.0\case\proQ\pickles\ligand_1883.pkl,0.9382730722427368
ligand_0.pkl,ligand_1884.pkl,0.0,0.0,0.0,d:\PBCNet2.0\case\proQ\pickles\ligand_0.pkl,d:\PBCNet2.0\case\proQ\pickles\ligand_1884.pkl,0.9252500534057617
ligand_0.pkl,ligand_1885.pkl,0.0,0.0,0.0,d:\PBCNet2.0\case\proQ\pickles\ligand_0.pkl,d:\PBCNet2.0\case\proQ\pickles\ligand_1885.pkl,0.9777661561965942
ligand_0.pkl,ligand_1886.pkl,0.0,0.0,0.0,d:\PBCNet2.0\case\proQ\pickles\ligand_0.pkl,d:\PBCNet2.0\case\proQ\pickles\ligand_1886.pkl,0.9598736763000488
ligand_0.pkl,ligand_1887.pkl,0.0,0.0,0.0,d:\PBCNet2.0\case\proQ\pickles\ligand_0.pkl,d:\PBCNet2.0\case\proQ\pickles\ligand_1887.pkl,0.9596579074859619
ligand_0.pkl,ligand_1888.pkl,0.0,0.0,0.0,d:\PBCNet2.0\case\proQ\pickles\ligand_0.pkl,d:\PBCNet2.0\case\proQ\pickles\ligand_1888.pkl,0.8938585519790649
ligand_0.pkl,ligand_1889.pkl,0.0,0.0,0.0,d:\PBCNet2.0\case\proQ\pickles\ligand_0.pkl,d:\PBCNet2.0\case\proQ\pickles\ligand_1889.pkl,0.9471879005432129
ligand_0.pkl,ligand_189.pkl,0.0,0.0,0.0,d:\PBCNet2.0\case\proQ\pickles\ligand_0.pkl,d:\PBCNet2.0\case\proQ\pickles\ligand_189.pkl,0.8512281179428101
ligand_0.pkl,ligand_1890.pkl,0.0,0.0,0.0,d:\PBCNet2.0\case\proQ\pickles\ligand_0.pkl,d:\PBCNet2.0\case\proQ\pickles\ligand_1890.pkl,1.0360151529312134
ligand_0.pkl,ligand_1891.pkl,0.0,0.0,0.0,d:\PBCNet2.0\case\proQ\pickles\ligand_0.pkl,d:\PBCNet2.0\case\proQ\pickles\ligand_1891.pkl,0.8128263354301453
ligand_0.pkl,ligand_1892.pkl,0.0,0.0,0.0,d:\PBCNet2.0\case\proQ\pickles\ligand_0.pkl,d:\PBCNet2.0\case\proQ\pickles\ligand_1892.pkl,1.0375770330429077
ligand_0.pkl,ligand_1893.pkl,0.0,0.0,0.0,d:\PBCNet2.0\case\proQ\pickles\ligand_0.pkl,d:\PBCNet2.0\case\proQ\pickles\ligand_1893.pkl,1.027085542678833
ligand_0.pkl,ligand_1894.pkl,0.0,0.0,0.0,d:\PBCNet2.0\case\proQ\pickles\ligand_0.pkl,d:\PBCNet2.0\case\proQ\pickles\ligand_1894.pkl,0.9665921926498413
ligand_0.pkl,ligand_1895.pkl,0.0,0.0,0.0,d:\PBCNet2.0\case\proQ\pickles\ligand_0.pkl,d:\PBCNet2.0\case\proQ\pickles\ligand_1895.pkl,1.0018811225891113
ligand_0.pkl,ligand_1896.pkl,0.0,0.0,0.0,d:\PBCNet2.0\case\proQ\pickles\ligand_0.pkl,d:\PBCNet2.0\case\proQ\pickles\ligand_1896.pkl,0.9391635656356812
ligand_0.pkl,ligand_1897.pkl,0.0,0.0,0.0,d:\PBCNet2.0\case\proQ\pickles\ligand_0.pkl,d:\PBCNet2.0\case\proQ\pickles\ligand_1897.pkl,0.9188014268875122
ligand_0.pkl,ligand_1898.pkl,0.0,0.0,0.0,d:\PBCNet2.0\case\proQ\pickles\ligand_0.pkl,d:\PBCNet2.0\case\proQ\pickles\ligand_1898.pkl,0.8664162158966064
ligand_0.pkl,ligand_1899.pkl,0.0,0.0,0.0,d:\PBCNet2.0\case\proQ\pickles\ligand_0.pkl,d:\PBCNet2.0\case\proQ\pickles\ligand_1899.pkl,0.9892100095748901
ligand_0.pkl,ligand_19.pkl,0.0,0.0,0.0,d:\PBCNet2.0\case\proQ\pickles\ligand_0.pkl,d:\PBCNet2.0\case\proQ\pickles\ligand_19.pkl,0.9677819013595581
ligand_0.pkl,ligand_190.pkl,0.0,0.0,0.0,d:\PBCNet2.0\case\proQ\pickles\ligand_0.pkl,d:\PBCNet2.0\case\proQ\pickles\ligand_190.pkl,0.9458044767379761
ligand_0.pkl,ligand_1900.pkl,0.0,0.0,0.0,d:\PBCNet2.0\case\proQ\pickles\ligand_0.pkl,d:\PBCNet2.0\case\proQ\pickles\ligand_1900.pkl,0.950065016746521
ligand_0.pkl,ligand_1901.pkl,0.0,0.0,0.0,d:\PBCNet2.0\case\proQ\pickles\ligand_0.pkl,d:\PBCNet2.0\case\proQ\pickles\ligand_1901.pkl,0.9913134574890137
ligand_0.pkl,ligand_1902.pkl,0.0,0.0,0.0,d:\PBCNet2.0\case\proQ\pickles\ligand_0.pkl,d:\PBCNet2.0\case\proQ\pickles\ligand_1902.pkl,0.9656122922897339
ligand_0.pkl,ligand_1903.pkl,0.0,0.0,0.0,d:\PBCNet2.0\case\proQ\pickles\ligand_0.pkl,d:\PBCNet2.0\case\proQ\pickles\ligand_1903.pkl,0.9446712732315063
ligand_0.pkl,ligand_1904.pkl,0.0,0.0,0.0,d:\PBCNet2.0\case\proQ\pickles\ligand_0.pkl,d:\PBCNet2.0\case\proQ\pickles\ligand_1904.pkl,0.9370081424713135
ligand_0.pkl,ligand_1905.pkl,0.0,0.0,0.0,d:\PBCNet2.0\case\proQ\pickles\ligand_0.pkl,d:\PBCNet2.0\case\proQ\pickles\ligand_1905.pkl,1.0202213525772095
ligand_0.pkl,ligand_1906.pkl,0.0,0.0,0.0,d:\PBCNet2.0\case\proQ\pickles\ligand_0.pkl,d:\PBCNet2.0\case\proQ\pickles\ligand_1906.pkl,0.843613862991333
ligand_0.pkl,ligand_1907.pkl,0.0,0.0,0.0,d:\PBCNet2.0\case\proQ\pickles\ligand_0.pkl,d:\PBCNet2.0\case\proQ\pickles\ligand_1907.pkl,1.0284894704818726
ligand_0.pkl,ligand_1908.pkl,0.0,0.0,0.0,d:\PBCNet2.0\case\proQ\pickles\ligand_0.pkl,d:\PBCNet2.0\case\proQ\pickles\ligand_1908.pkl,0.9132283926010132
ligand_0.pkl,ligand_1909.pkl,0.0,0.0,0.0,d:\PBCNet2.0\case\proQ\pickles\ligand_0.pkl,d:\PBCNet2.0\case\proQ\pickles\ligand_1909.pkl,0.9507325887680054
ligand_0.pkl,ligand_191.pkl,0.0,0.0,0.0,d:\PBCNet2.0\case\proQ\pickles\ligand_0.pkl,d:\PBCNet2.0\case\proQ\pickles\ligand_191.pkl,0.8258938193321228
ligand_0.pkl,ligand_1910.pkl,0.0,0.0,0.0,d:\PBCNet2.0\case\proQ\pickles\ligand_0.pkl,d:\PBCNet2.0\case\proQ\pickles\ligand_1910.pkl,0.9024473428726196
ligand_0.pkl,ligand_1911.pkl,0.0,0.0,0.0,d:\PBCNet2.0\case\proQ\pickles\ligand_0.pkl,d:\PBCNet2.0\case\proQ\pickles\ligand_1911.pkl,0.9312819242477417
ligand_0.pkl,ligand_1912.pkl,0.0,0.0,0.0,d:\PBCNet2.0\case\proQ\pickles\ligand_0.pkl,d:\PBCNet2.0\case\proQ\pickles\ligand_1912.pkl,0.9449144601821899
ligand_0.pkl,ligand_1913.pkl,0.0,0.0,0.0,d:\PBCNet2.0\case\proQ\pickles\ligand_0.pkl,d:\PBCNet2.0\case\proQ\pickles\ligand_1913.pkl,1.0223615169525146
ligand_0.pkl,ligand_1914.pkl,0.0,0.0,0.0,d:\PBCNet2.0\case\proQ\pickles\ligand_0.pkl,d:\PBCNet2.0\case\proQ\pickles\ligand_1914.pkl,0.9338926076889038
ligand_0.pkl,ligand_1915.pkl,0.0,0.0,0.0,d:\PBCNet2.0\case\proQ\pickles\ligand_0.pkl,d:\PBCNet2.0\case\proQ\pickles\ligand_1915.pkl,0.9097305536270142
ligand_0.pkl,ligand_1916.pkl,0.0,0.0,0.0,d:\PBCNet2.0\case\proQ\pickles\ligand_0.pkl,d:\PBCNet2.0\case\proQ\pickles\ligand_1916.pkl,0.9548261165618896
ligand_0.pkl,ligand_1917.pkl,0.0,0.0,0.0,d:\PBCNet2.0\case\proQ\pickles\ligand_0.pkl,d:\PBCNet2.0\case\proQ\pickles\ligand_1917.pkl,0.9522310495376587
ligand_0.pkl,ligand_1918.pkl,0.0,0.0,0.0,d:\PBCNet2.0\case\proQ\pickles\ligand_0.pkl,d:\PBCNet2.0\case\proQ\pickles\ligand_1918.pkl,0.9230724573135376
ligand_0.pkl,ligand_1919.pkl,0.0,0.0,0.0,d:\PBCNet2.0\case\proQ\pickles\ligand_0.pkl,d:\PBCNet2.0\case\proQ\pickles\ligand_1919.pkl,0.83987957239151
ligand_0.pkl,ligand_192.pkl,0.0,0.0,0.0,d:\PBCNet2.0\case\proQ\pickles\ligand_0.pkl,d:\PBCNet2.0\case\proQ\pickles\ligand_192.pkl,0.9575170278549194
ligand_0.pkl,ligand_1920.pkl,0.0,0.0,0.0,d:\PBCNet2.0\case\proQ\pickles\ligand_0.pkl,d:\PBCNet2.0\case\proQ\pickles\ligand_1920.pkl,0.8655915260314941
ligand_0.pkl,ligand_1921.pkl,0.0,0.0,0.0,d:\PBCNet2.0\case\proQ\pickles\ligand_0.pkl,d:\PBCNet2.0\case\proQ\pickles\ligand_1921.pkl,1.010990023612976
ligand_0.pkl,ligand_1922.pkl,0.0,0.0,0.0,d:\PBCNet2.0\case\proQ\pickles\ligand_0.pkl,d:\PBCNet2.0\case\proQ\pickles\ligand_1922.pkl,0.9192038774490356
ligand_0.pkl,ligand_1923.pkl,0.0,0.0,0.0,d:\PBCNet2.0\case\proQ\pickles\ligand_0.pkl,d:\PBCNet2.0\case\proQ\pickles\ligand_1923.pkl,0.9482458829879761
ligand_0.pkl,ligand_1924.pkl,0.0,0.0,0.0,d:\PBCNet2.0\case\proQ\pickles\ligand_0.pkl,d:\PBCNet2.0\case\proQ\pickles\ligand_1924.pkl,0.8173530697822571
ligand_0.pkl,ligand_1925.pkl,0.0,0.0,0.0,d:\PBCNet2.0\case\proQ\pickles\ligand_0.pkl,d:\PBCNet2.0\case\proQ\pickles\ligand_1925.pkl,0.9761338233947754
ligand_0.pkl,ligand_1926.pkl,0.0,0.0,0.0,d:\PBCNet2.0\case\proQ\pickles\ligand_0.pkl,d:\PBCNet2.0\case\proQ\pickles\ligand_1926.pkl,0.8525883555412292
ligand_0.pkl,ligand_1927.pkl,0.0,0.0,0.0,d:\PBCNet2.0\case\proQ\pickles\ligand_0.pkl,d:\PBCNet2.0\case\proQ\pickles\ligand_1927.pkl,0.7573734521865845
ligand_0.pkl,ligand_1928.pkl,0.0,0.0,0.0,d:\PBCNet2.0\case\proQ\pickles\ligand_0.pkl,d:\PBCNet2.0\case\proQ\pickles\ligand_1928.pkl,0.5669671893119812
ligand_0.pkl,ligand_1929.pkl,0.0,0.0,0.0,d:\PBCNet2.0\case\proQ\pickles\ligand_0.pkl,d:\PBCNet2.0\case\proQ\pickles\ligand_1929.pkl,0.8872712850570679
ligand_0.pkl,ligand_193.pkl,0.0,0.0,0.0,d:\PBCNet2.0\case\proQ\pickles\ligand_0.pkl,d:\PBCNet2.0\case\proQ\pickles\ligand_193.pkl,0.903731107711792
ligand_0.pkl,ligand_1930.pkl,0.0,0.0,0.0,d:\PBCNet2.0\case\proQ\pickles\ligand_0.pkl,d:\PBCNet2.0\case\proQ\pickles\ligand_1930.pkl,0.9334467649459839
ligand_0.pkl,ligand_1931.pkl,0.0,0.0,0.0,d:\PBCNet2.0\case\proQ\pickles\ligand_0.pkl,d:\PBCNet2.0\case\proQ\pickles\ligand_1931.pkl,0.862960696220398
ligand_0.pkl,ligand_1932.pkl,0.0,0.0,0.0,d:\PBCNet2.0\case\proQ\pickles\ligand_0.pkl,d:\PBCNet2.0\case\proQ\pickles\ligand_1932.pkl,0.9830944538116455
ligand_0.pkl,ligand_1933.pkl,0.0,0.0,0.0,d:\PBCNet2.0\case\proQ\pickles\ligand_0.pkl,d:\PBCNet2.0\case\proQ\pickles\ligand_1933.pkl,0.8972158432006836
ligand_0.pkl,ligand_1934.pkl,0.0,0.0,0.0,d:\PBCNet2.0\case\proQ\pickles\ligand_0.pkl,d:\PBCNet2.0\case\proQ\pickles\ligand_1934.pkl,0.9040803909301758
ligand_0.pkl,ligand_1935.pkl,0.0,0.0,0.0,d:\PBCNet2.0\case\proQ\pickles\ligand_0.pkl,d:\PBCNet2.0\case\proQ\pickles\ligand_1935.pkl,0.6994173526763916
ligand_0.pkl,ligand_1936.pkl,0.0,0.0,0.0,d:\PBCNet2.0\case\proQ\pickles\ligand_0.pkl,d:\PBCNet2.0\case\proQ\pickles\ligand_1936.pkl,0.904558539390564
ligand_0.pkl,ligand_1937.pkl,0.0,0.0,0.0,d:\PBCNet2.0\case\proQ\pickles\ligand_0.pkl,d:\PBCNet2.0\case\proQ\pickles\ligand_1937.pkl,0.7846606969833374
ligand_0.pkl,ligand_1938.pkl,0.0,0.0,0.0,d:\PBCNet2.0\case\proQ\pickles\ligand_0.pkl,d:\PBCNet2.0\case\proQ\pickles\ligand_1938.pkl,0.9358445405960083
ligand_0.pkl,ligand_1939.pkl,0.0,0.0,0.0,d:\PBCNet2.0\case\proQ\pickles\ligand_0.pkl,d:\PBCNet2.0\case\proQ\pickles\ligand_1939.pkl,0.9621113538742065
ligand_0.pkl,ligand_194.pkl,0.0,0.0,0.0,d:\PBCNet2.0\case\proQ\pickles\ligand_0.pkl,d:\PBCNet2.0\case\proQ\pickles\ligand_194.pkl,0.9002305269241333
ligand_0.pkl,ligand_1940.pkl,0.0,0.0,0.0,d:\PBCNet2.0\case\proQ\pickles\ligand_0.pkl,d:\PBCNet2.0\case\proQ\pickles\ligand_1940.pkl,0.8445922136306763
ligand_0.pkl,ligand_1941.pkl,0.0,0.0,0.0,d:\PBCNet2.0\case\proQ\pickles\ligand_0.pkl,d:\PBCNet2.0\case\proQ\pickles\ligand_1941.pkl,0.9474443197250366
ligand_0.pkl,ligand_1942.pkl,0.0,0.0,0.0,d:\PBCNet2.0\case\proQ\pickles\ligand_0.pkl,d:\PBCNet2.0\case\proQ\pickles\ligand_1942.pkl,0.9740439653396606
ligand_0.pkl,ligand_1943.pkl,0.0,0.0,0.0,d:\PBCNet2.0\case\proQ\pickles\ligand_0.pkl,d:\PBCNet2.0\case\proQ\pickles\ligand_1943.pkl,1.0154019594192505
ligand_0.pkl,ligand_1944.pkl,0.0,0.0,0.0,d:\PBCNet2.0\case\proQ\pickles\ligand_0.pkl,d:\PBCNet2.0\case\proQ\pickles\ligand_1944.pkl,0.9728809595108032
ligand_0.pkl,ligand_1945.pkl,0.0,0.0,0.0,d:\PBCNet2.0\case\proQ\pickles\ligand_0.pkl,d:\PBCNet2.0\case\proQ\pickles\ligand_1945.pkl,0.9639953374862671
ligand_0.pkl,ligand_1946.pkl,0.0,0.0,0.0,d:\PBCNet2.0\case\proQ\pickles\ligand_0.pkl,d:\PBCNet2.0\case\proQ\pickles\ligand_1946.pkl,0.9663019180297852
ligand_0.pkl,ligand_1947.pkl,0.0,0.0,0.0,d:\PBCNet2.0\case\proQ\pickles\ligand_0.pkl,d:\PBCNet2.0\case\proQ\pickles\ligand_1947.pkl,1.0334628820419312
ligand_0.pkl,ligand_1948.pkl,0.0,0.0,0.0,d:\PBCNet2.0\case\proQ\pickles\ligand_0.pkl,d:\PBCNet2.0\case\proQ\pickles\ligand_1948.pkl,1.0285159349441528
ligand_0.pkl,ligand_1949.pkl,0.0,0.0,0.0,d:\PBCNet2.0\case\proQ\pickles\ligand_0.pkl,d:\PBCNet2.0\case\proQ\pickles\ligand_1949.pkl,0.9683563709259033
ligand_0.pkl,ligand_195.pkl,0.0,0.0,0.0,d:\PBCNet2.0\case\proQ\pickles\ligand_0.pkl,d:\PBCNet2.0\case\proQ\pickles\ligand_195.pkl,0.9258188009262085
ligand_0.pkl,ligand_1950.pkl,0.0,0.0,0.0,d:\PBCNet2.0\case\proQ\pickles\ligand_0.pkl,d:\PBCNet2.0\case\proQ\pickles\ligand_1950.pkl,0.9859343767166138
ligand_0.pkl,ligand_1951.pkl,0.0,0.0,0.0,d:\PBCNet2.0\case\proQ\pickles\ligand_0.pkl,d:\PBCNet2.0\case\proQ\pickles\ligand_1951.pkl,0.9358433485031128
ligand_0.pkl,ligand_1952.pkl,0.0,0.0,0.0,d:\PBCNet2.0\case\proQ\pickles\ligand_0.pkl,d:\PBCNet2.0\case\proQ\pickles\ligand_1952.pkl,0.9592472314834595
ligand_0.pkl,ligand_1953.pkl,0.0,0.0,0.0,d:\PBCNet2.0\case\proQ\pickles\ligand_0.pkl,d:\PBCNet2.0\case\proQ\pickles\ligand_1953.pkl,0.9118403196334839
ligand_0.pkl,ligand_1954.pkl,0.0,0.0,0.0,d:\PBCNet2.0\case\proQ\pickles\ligand_0.pkl,d:\PBCNet2.0\case\proQ\pickles\ligand_1954.pkl,0.9471879005432129
ligand_0.pkl,ligand_1955.pkl,0.0,0.0,0.0,d:\PBCNet2.0\case\proQ\pickles\ligand_0.pkl,d:\PBCNet2.0\case\proQ\pickles\ligand_1955.pkl,0.9465826749801636
ligand_0.pkl,ligand_1956.pkl,0.0,0.0,0.0,d:\PBCNet2.0\case\proQ\pickles\ligand_0.pkl,d:\PBCNet2.0\case\proQ\pickles\ligand_1956.pkl,0.933809757232666
ligand_0.pkl,ligand_1957.pkl,0.0,0.0,0.0,d:\PBCNet2.0\case\proQ\pickles\ligand_0.pkl,d:\PBCNet2.0\case\proQ\pickles\ligand_1957.pkl,0.9053276777267456
ligand_0.pkl,ligand_1958.pkl,0.0,0.0,0.0,d:\PBCNet2.0\case\proQ\pickles\ligand_0.pkl,d:\PBCNet2.0\case\proQ\pickles\ligand_1958.pkl,0.9397345781326294
ligand_0.pkl,ligand_1959.pkl,0.0,0.0,0.0,d:\PBCNet2.0\case\proQ\pickles\ligand_0.pkl,d:\PBCNet2.0\case\proQ\pickles\ligand_1959.pkl,0.9060612916946411
ligand_0.pkl,ligand_196.pkl,0.0,0.0,0.0,d:\PBCNet2.0\case\proQ\pickles\ligand_0.pkl,d:\PBCNet2.0\case\proQ\pickles\ligand_196.pkl,0.28162384033203125
ligand_0.pkl,ligand_1960.pkl,0.0,0.0,0.0,d:\PBCNet2.0\case\proQ\pickles\ligand_0.pkl,d:\PBCNet2.0\case\proQ\pickles\ligand_1960.pkl,0.9538081884384155
ligand_0.pkl,ligand_1961.pkl,0.0,0.0,0.0,d:\PBCNet2.0\case\proQ\pickles\ligand_0.pkl,d:\PBCNet2.0\case\proQ\pickles\ligand_1961.pkl,0.9499629735946655
ligand_0.pkl,ligand_1962.pkl,0.0,0.0,0.0,d:\PBCNet2.0\case\proQ\pickles\ligand_0.pkl,d:\PBCNet2.0\case\proQ\pickles\ligand_1962.pkl,0.9140633344650269
ligand_0.pkl,ligand_1963.pkl,0.0,0.0,0.0,d:\PBCNet2.0\case\proQ\pickles\ligand_0.pkl,d:\PBCNet2.0\case\proQ\pickles\ligand_1963.pkl,0.9391635656356812
ligand_0.pkl,ligand_1964.pkl,0.0,0.0,0.0,d:\PBCNet2.0\case\proQ\pickles\ligand_0.pkl,d:\PBCNet2.0\case\proQ\pickles\ligand_1964.pkl,0.944982647895813
ligand_0.pkl,ligand_1965.pkl,0.0,0.0,0.0,d:\PBCNet2.0\case\proQ\pickles\ligand_0.pkl,d:\PBCNet2.0\case\proQ\pickles\ligand_1965.pkl,0.933230996131897
ligand_0.pkl,ligand_1966.pkl,0.0,0.0,0.0,d:\PBCNet2.0\case\proQ\pickles\ligand_0.pkl,d:\PBCNet2.0\case\proQ\pickles\ligand_1966.pkl,1.1131607294082642
ligand_0.pkl,ligand_1967.pkl,0.0,0.0,0.0,d:\PBCNet2.0\case\proQ\pickles\ligand_0.pkl,d:\PBCNet2.0\case\proQ\pickles\ligand_1967.pkl,0.9026325941085815
ligand_0.pkl,ligand_1968.pkl,0.0,0.0,0.0,d:\PBCNet2.0\case\proQ\pickles\ligand_0.pkl,d:\PBCNet2.0\case\proQ\pickles\ligand_1968.pkl,0.9558194875717163
ligand_0.pkl,ligand_1969.pkl,0.0,0.0,0.0,d:\PBCNet2.0\case\proQ\pickles\ligand_0.pkl,d:\PBCNet2.0\case\proQ\pickles\ligand_1969.pkl,0.9015324115753174
ligand_0.pkl,ligand_197.pkl,0.0,0.0,0.0,d:\PBCNet2.0\case\proQ\pickles\ligand_0.pkl,d:\PBCNet2.0\case\proQ\pickles\ligand_197.pkl,0.9114781618118286
ligand_0.pkl,ligand_1970.pkl,0.0,0.0,0.0,d:\PBCNet2.0\case\proQ\pickles\ligand_0.pkl,d:\PBCNet2.0\case\proQ\pickles\ligand_1970.pkl,0.9640636444091797
ligand_0.pkl,ligand_1971.pkl,0.0,0.0,0.0,d:\PBCNet2.0\case\proQ\pickles\ligand_0.pkl,d:\PBCNet2.0\case\proQ\pickles\ligand_1971.pkl,0.9626801013946533
ligand_0.pkl,ligand_1972.pkl,0.0,0.0,0.0,d:\PBCNet2.0\case\proQ\pickles\ligand_0.pkl,d:\PBCNet2.0\case\proQ\pickles\ligand_1972.pkl,0.9844052791595459
ligand_0.pkl,ligand_1973.pkl,0.0,0.0,0.0,d:\PBCNet2.0\case\proQ\pickles\ligand_0.pkl,d:\PBCNet2.0\case\proQ\pickles\ligand_1973.pkl,0.9663182497024536
ligand_0.pkl,ligand_1974.pkl,0.0,0.0,0.0,d:\PBCNet2.0\case\proQ\pickles\ligand_0.pkl,d:\PBCNet2.0\case\proQ\pickles\ligand_1974.pkl,0.7376153469085693
ligand_0.pkl,ligand_1975.pkl,0.0,0.0,0.0,d:\PBCNet2.0\case\proQ\pickles\ligand_0.pkl,d:\PBCNet2.0\case\proQ\pickles\ligand_1975.pkl,0.8899537324905396
ligand_0.pkl,ligand_1976.pkl,0.0,0.0,0.0,d:\PBCNet2.0\case\proQ\pickles\ligand_0.pkl,d:\PBCNet2.0\case\proQ\pickles\ligand_1976.pkl,0.8850255012512207
ligand_0.pkl,ligand_1977.pkl,0.0,0.0,0.0,d:\PBCNet2.0\case\proQ\pickles\ligand_0.pkl,d:\PBCNet2.0\case\proQ\pickles\ligand_1977.pkl,0.8773979544639587
ligand_0.pkl,ligand_1978.pkl,0.0,0.0,0.0,d:\PBCNet2.0\case\proQ\pickles\ligand_0.pkl,d:\PBCNet2.0\case\proQ\pickles\ligand_1978.pkl,0.8683354258537292
ligand_0.pkl,ligand_1979.pkl,0.0,0.0,0.0,d:\PBCNet2.0\case\proQ\pickles\ligand_0.pkl,d:\PBCNet2.0\case\proQ\pickles\ligand_1979.pkl,0.9676735401153564
ligand_0.pkl,ligand_198.pkl,0.0,0.0,0.0,d:\PBCNet2.0\case\proQ\pickles\ligand_0.pkl,d:\PBCNet2.0\case\proQ\pickles\ligand_198.pkl,0.9115675687789917
ligand_0.pkl,ligand_1980.pkl,0.0,0.0,0.0,d:\PBCNet2.0\case\proQ\pickles\ligand_0.pkl,d:\PBCNet2.0\case\proQ\pickles\ligand_1980.pkl,0.9643479585647583
ligand_0.pkl,ligand_1981.pkl,0.0,0.0,0.0,d:\PBCNet2.0\case\proQ\pickles\ligand_0.pkl,d:\PBCNet2.0\case\proQ\pickles\ligand_1981.pkl,0.9575439691543579
ligand_0.pkl,ligand_1982.pkl,0.0,0.0,0.0,d:\PBCNet2.0\case\proQ\pickles\ligand_0.pkl,d:\PBCNet2.0\case\proQ\pickles\ligand_1982.pkl,0.9044854640960693
ligand_0.pkl,ligand_1983.pkl,0.0,0.0,0.0,d:\PBCNet2.0\case\proQ\pickles\ligand_0.pkl,d:\PBCNet2.0\case\proQ\pickles\ligand_1983.pkl,0.9545308351516724
ligand_0.pkl,ligand_1984.pkl,0.0,0.0,0.0,d:\PBCNet2.0\case\proQ\pickles\ligand_0.pkl,d:\PBCNet2.0\case\proQ\pickles\ligand_1984.pkl,0.9827545881271362
ligand_0.pkl,ligand_1985.pkl,0.0,0.0,0.0,d:\PBCNet2.0\case\proQ\pickles\ligand_0.pkl,d:\PBCNet2.0\case\proQ\pickles\ligand_1985.pkl,0.9717897176742554
ligand_0.pkl,ligand_1986.pkl,0.0,0.0,0.0,d:\PBCNet2.0\case\proQ\pickles\ligand_0.pkl,d:\PBCNet2.0\case\proQ\pickles\ligand_1986.pkl,0.9545027017593384
ligand_0.pkl,ligand_1987.pkl,0.0,0.0,0.0,d:\PBCNet2.0\case\proQ\pickles\ligand_0.pkl,d:\PBCNet2.0\case\proQ\pickles\ligand_1987.pkl,0.9000951051712036
ligand_0.pkl,ligand_1988.pkl,0.0,0.0,0.0,d:\PBCNet2.0\case\proQ\pickles\ligand_0.pkl,d:\PBCNet2.0\case\proQ\pickles\ligand_1988.pkl,0.7636544704437256
ligand_0.pkl,ligand_1989.pkl,0.0,0.0,0.0,d:\PBCNet2.0\case\proQ\pickles\ligand_0.pkl,d:\PBCNet2.0\case\proQ\pickles\ligand_1989.pkl,0.936028003692627
ligand_0.pkl,ligand_199.pkl,0.0,0.0,0.0,d:\PBCNet2.0\case\proQ\pickles\ligand_0.pkl,d:\PBCNet2.0\case\proQ\pickles\ligand_199.pkl,0.9835563898086548
ligand_0.pkl,ligand_1990.pkl,0.0,0.0,0.0,d:\PBCNet2.0\case\proQ\pickles\ligand_0.pkl,d:\PBCNet2.0\case\proQ\pickles\ligand_1990.pkl,1.1359572410583496
ligand_0.pkl,ligand_1991.pkl,0.0,0.0,0.0,d:\PBCNet2.0\case\proQ\pickles\ligand_0.pkl,d:\PBCNet2.0\case\proQ\pickles\ligand_1991.pkl,0.7979459762573242
ligand_0.pkl,ligand_1992.pkl,0.0,0.0,0.0,d:\PBCNet2.0\case\proQ\pickles\ligand_0.pkl,d:\PBCNet2.0\case\proQ\pickles\ligand_1992.pkl,0.8405787348747253
ligand_0.pkl,ligand_1993.pkl,0.0,0.0,0.0,d:\PBCNet2.0\case\proQ\pickles\ligand_0.pkl,d:\PBCNet2.0\case\proQ\pickles\ligand_1993.pkl,0.9716249704360962
ligand_0.pkl,ligand_1994.pkl,0.0,0.0,0.0,d:\PBCNet2.0\case\proQ\pickles\ligand_0.pkl,d:\PBCNet2.0\case\proQ\pickles\ligand_1994.pkl,0.9571539163589478
ligand_0.pkl,ligand_1995.pkl,0.0,0.0,0.0,d:\PBCNet2.0\case\proQ\pickles\ligand_0.pkl,d:\PBCNet2.0\case\proQ\pickles\ligand_1995.pkl,0.9020577669143677
ligand_0.pkl,ligand_1996.pkl,0.0,0.0,0.0,d:\PBCNet2.0\case\proQ\pickles\ligand_0.pkl,d:\PBCNet2.0\case\proQ\pickles\ligand_1996.pkl,0.601028561592102
ligand_0.pkl,ligand_1997.pkl,0.0,0.0,0.0,d:\PBCNet2.0\case\proQ\pickles\ligand_0.pkl,d:\PBCNet2.0\case\proQ\pickles\ligand_1997.pkl,0.9239742755889893
ligand_0.pkl,ligand_1998.pkl,0.0,0.0,0.0,d:\PBCNet2.0\case\proQ\pickles\ligand_0.pkl,d:\PBCNet2.0\case\proQ\pickles\ligand_1998.pkl,0.9217196702957153
ligand_0.pkl,ligand_1999.pkl,0.0,0.0,0.0,d:\PBCNet2.0\case\proQ\pickles\ligand_0.pkl,d:\PBCNet2.0\case\proQ\pickles\ligand_1999.pkl,1.0033265352249146
ligand_0.pkl,ligand_2.pkl,0.0,0.0,0.0,d:\PBCNet2.0\case\proQ\pickles\ligand_0.pkl,d:\PBCNet2.0\case\proQ\pickles\ligand_2.pkl,0.44654130935668945
ligand_0.pkl,ligand_20.pkl,0.0,0.0,0.0,d:\PBCNet2.0\case\proQ\pickles\ligand_0.pkl,d:\PBCNet2.0\case\proQ\pickles\ligand_20.pkl,0.9005938768386841
ligand_0.pkl,ligand_200.pkl,0.0,0.0,0.0,d:\PBCNet2.0\case\proQ\pickles\ligand_0.pkl,d:\PBCNet2.0\case\proQ\pickles\ligand_200.pkl,0.9393991231918335
ligand_0.pkl,ligand_2000.pkl,0.0,0.0,0.0,d:\PBCNet2.0\case\proQ\pickles\ligand_0.pkl,d:\PBCNet2.0\case\proQ\pickles\ligand_2000.pkl,0.9078835248947144
ligand_0.pkl,ligand_2001.pkl,0.0,0.0,0.0,d:\PBCNet2.0\case\proQ\pickles\ligand_0.pkl,d:\PBCNet2.0\case\proQ\pickles\ligand_2001.pkl,0.9191633462905884
ligand_0.pkl,ligand_2002.pkl,0.0,0.0,0.0,d:\PBCNet2.0\case\proQ\pickles\ligand_0.pkl,d:\PBCNet2.0\case\proQ\pickles\ligand_2002.pkl,0.9072796106338501
ligand_0.pkl,ligand_2003.pkl,0.0,0.0,0.0,d:\PBCNet2.0\case\proQ\pickles\ligand_0.pkl,d:\PBCNet2.0\case\proQ\pickles\ligand_2003.pkl,0.9464212656021118
ligand_0.pkl,ligand_2004.pkl,0.0,0.0,0.0,d:\PBCNet2.0\case\proQ\pickles\ligand_0.pkl,d:\PBCNet2.0\case\proQ\pickles\ligand_2004.pkl,0.885626494884491
ligand_0.pkl,ligand_2005.pkl,0.0,0.0,0.0,d:\PBCNet2.0\case\proQ\pickles\ligand_0.pkl,d:\PBCNet2.0\case\proQ\pickles\ligand_2005.pkl,0.9133325815200806
ligand_0.pkl,ligand_2006.pkl,0.0,0.0,0.0,d:\PBCNet2.0\case\proQ\pickles\ligand_0.pkl,d:\PBCNet2.0\case\proQ\pickles\ligand_2006.pkl,0.9716588258743286
ligand_0.pkl,ligand_2007.pkl,0.0,0.0,0.0,d:\PBCNet2.0\case\proQ\pickles\ligand_0.pkl,d:\PBCNet2.0\case\proQ\pickles\ligand_2007.pkl,0.8277272582054138
ligand_0.pkl,ligand_2008.pkl,0.0,0.0,0.0,d:\PBCNet2.0\case\proQ\pickles\ligand_0.pkl,d:\PBCNet2.0\case\proQ\pickles\ligand_2008.pkl,0.9470993280410767
ligand_0.pkl,ligand_2009.pkl,0.0,0.0,0.0,d:\PBCNet2.0\case\proQ\pickles\ligand_0.pkl,d:\PBCNet2.0\case\proQ\pickles\ligand_2009.pkl,0.9288631677627563
ligand_0.pkl,ligand_201.pkl,0.0,0.0,0.0,d:\PBCNet2.0\case\proQ\pickles\ligand_0.pkl,d:\PBCNet2.0\case\proQ\pickles\ligand_201.pkl,0.7557035088539124
ligand_0.pkl,ligand_2010.pkl,0.0,0.0,0.0,d:\PBCNet2.0\case\proQ\pickles\ligand_0.pkl,d:\PBCNet2.0\case\proQ\pickles\ligand_2010.pkl,0.9735391139984131
ligand_0.pkl,ligand_2011.pkl,0.0,0.0,0.0,d:\PBCNet2.0\case\proQ\pickles\ligand_0.pkl,d:\PBCNet2.0\case\proQ\pickles\ligand_2011.pkl,0.9398611783981323
ligand_0.pkl,ligand_2012.pkl,0.0,0.0,0.0,d:\PBCNet2.0\case\proQ\pickles\ligand_0.pkl,d:\PBCNet2.0\case\proQ\pickles\ligand_2012.pkl,0.8873207569122314
ligand_0.pkl,ligand_2013.pkl,0.0,0.0,0.0,d:\PBCNet2.0\case\proQ\pickles\ligand_0.pkl,d:\PBCNet2.0\case\proQ\pickles\ligand_2013.pkl,0.9201667308807373
ligand_0.pkl,ligand_2014.pkl,0.0,0.0,0.0,d:\PBCNet2.0\case\proQ\pickles\ligand_0.pkl,d:\PBCNet2.0\case\proQ\pickles\ligand_2014.pkl,0.9381829500198364
ligand_0.pkl,ligand_2015.pkl,0.0,0.0,0.0,d:\PBCNet2.0\case\proQ\pickles\ligand_0.pkl,d:\PBCNet2.0\case\proQ\pickles\ligand_2015.pkl,0.9561883211135864
ligand_0.pkl,ligand_2016.pkl,0.0,0.0,0.0,d:\PBCNet2.0\case\proQ\pickles\ligand_0.pkl,d:\PBCNet2.0\case\proQ\pickles\ligand_2016.pkl,0.9495915174484253
ligand_0.pkl,ligand_2017.pkl,0.0,0.0,0.0,d:\PBCNet2.0\case\proQ\pickles\ligand_0.pkl,d:\PBCNet2.0\case\proQ\pickles\ligand_2017.pkl,0.9101643562316895
ligand_0.pkl,ligand_2018.pkl,0.0,0.0,0.0,d:\PBCNet2.0\case\proQ\pickles\ligand_0.pkl,d:\PBCNet2.0\case\proQ\pickles\ligand_2018.pkl,0.9651628732681274
ligand_0.pkl,ligand_2019.pkl,0.0,0.0,0.0,d:\PBCNet2.0\case\proQ\pickles\ligand_0.pkl,d:\PBCNet2.0\case\proQ\pickles\ligand_2019.pkl,1.060569167137146
ligand_0.pkl,ligand_202.pkl,0.0,0.0,0.0,d:\PBCNet2.0\case\proQ\pickles\ligand_0.pkl,d:\PBCNet2.0\case\proQ\pickles\ligand_202.pkl,0.8754650354385376
ligand_0.pkl,ligand_2020.pkl,0.0,0.0,0.0,d:\PBCNet2.0\case\proQ\pickles\ligand_0.pkl,d:\PBCNet2.0\case\proQ\pickles\ligand_2020.pkl,0.9804379940032959
ligand_0.pkl,ligand_2021.pkl,0.0,0.0,0.0,d:\PBCNet2.0\case\proQ\pickles\ligand_0.pkl,d:\PBCNet2.0\case\proQ\pickles\ligand_2021.pkl,0.9485154151916504
ligand_0.pkl,ligand_2022.pkl,0.0,0.0,0.0,d:\PBCNet2.0\case\proQ\pickles\ligand_0.pkl,d:\PBCNet2.0\case\proQ\pickles\ligand_2022.pkl,0.8876174092292786
ligand_0.pkl,ligand_2023.pkl,0.0,0.0,0.0,d:\PBCNet2.0\case\proQ\pickles\ligand_0.pkl,d:\PBCNet2.0\case\proQ\pickles\ligand_2023.pkl,1.010075330734253
ligand_0.pkl,ligand_2024.pkl,0.0,0.0,0.0,d:\PBCNet2.0\case\proQ\pickles\ligand_0.pkl,d:\PBCNet2.0\case\proQ\pickles\ligand_2024.pkl,0.9603778123855591
ligand_0.pkl,ligand_2025.pkl,0.0,0.0,0.0,d:\PBCNet2.0\case\proQ\pickles\ligand_0.pkl,d:\PBCNet2.0\case\proQ\pickles\ligand_2025.pkl,0.9052239656448364
ligand_0.pkl,ligand_2026.pkl,0.0,0.0,0.0,d:\PBCNet2.0\case\proQ\pickles\ligand_0.pkl,d:\PBCNet2.0\case\proQ\pickles\ligand_2026.pkl,0.9270015954971313
ligand_0.pkl,ligand_2027.pkl,0.0,0.0,0.0,d:\PBCNet2.0\case\proQ\pickles\ligand_0.pkl,d:\PBCNet2.0\case\proQ\pickles\ligand_2027.pkl,0.9711686372756958
ligand_0.pkl,ligand_2028.pkl,0.0,0.0,0.0,d:\PBCNet2.0\case\proQ\pickles\ligand_0.pkl,d:\PBCNet2.0\case\proQ\pickles\ligand_2028.pkl,0.934313178062439
ligand_0.pkl,ligand_2029.pkl,0.0,0.0,0.0,d:\PBCNet2.0\case\proQ\pickles\ligand_0.pkl,d:\PBCNet2.0\case\proQ\pickles\ligand_2029.pkl,0.9445205926895142
ligand_0.pkl,ligand_203.pkl,0.0,0.0,0.0,d:\PBCNet2.0\case\proQ\pickles\ligand_0.pkl,d:\PBCNet2.0\case\proQ\pickles\ligand_203.pkl,0.8087928295135498
ligand_0.pkl,ligand_2030.pkl,0.0,0.0,0.0,d:\PBCNet2.0\case\proQ\pickles\ligand_0.pkl,d:\PBCNet2.0\case\proQ\pickles\ligand_2030.pkl,0.8804603815078735
ligand_0.pkl,ligand_2031.pkl,0.0,0.0,0.0,d:\PBCNet2.0\case\proQ\pickles\ligand_0.pkl,d:\PBCNet2.0\case\proQ\pickles\ligand_2031.pkl,0.9306902885437012
ligand_0.pkl,ligand_2032.pkl,0.0,0.0,0.0,d:\PBCNet2.0\case\proQ\pickles\ligand_0.pkl,d:\PBCNet2.0\case\proQ\pickles\ligand_2032.pkl,0.949460506439209
ligand_0.pkl,ligand_2033.pkl,0.0,0.0,0.0,d:\PBCNet2.0\case\proQ\pickles\ligand_0.pkl,d:\PBCNet2.0\case\proQ\pickles\ligand_2033.pkl,0.9072719812393188
ligand_0.pkl,ligand_2034.pkl,0.0,0.0,0.0,d:\PBCNet2.0\case\proQ\pickles\ligand_0.pkl,d:\PBCNet2.0\case\proQ\pickles\ligand_2034.pkl,0.9682209491729736
ligand_0.pkl,ligand_2035.pkl,0.0,0.0,0.0,d:\PBCNet2.0\case\proQ\pickles\ligand_0.pkl,d:\PBCNet2.0\case\proQ\pickles\ligand_2035.pkl,0.9468352794647217
ligand_0.pkl,ligand_2036.pkl,0.0,0.0,0.0,d:\PBCNet2.0\case\proQ\pickles\ligand_0.pkl,d:\PBCNet2.0\case\proQ\pickles\ligand_2036.pkl,0.9793601036071777
ligand_0.pkl,ligand_2037.pkl,0.0,0.0,0.0,d:\PBCNet2.0\case\proQ\pickles\ligand_0.pkl,d:\PBCNet2.0\case\proQ\pickles\ligand_2037.pkl,0.9436815977096558
ligand_0.pkl,ligand_2038.pkl,0.0,0.0,0.0,d:\PBCNet2.0\case\proQ\pickles\ligand_0.pkl,d:\PBCNet2.0\case\proQ\pickles\ligand_2038.pkl,0.9553049802780151
ligand_0.pkl,ligand_2039.pkl,0.0,0.0,0.0,d:\PBCNet2.0\case\proQ\pickles\ligand_0.pkl,d:\PBCNet2.0\case\proQ\pickles\ligand_2039.pkl,0.9504386186599731
ligand_0.pkl,ligand_204.pkl,0.0,0.0,0.0,d:\PBCNet2.0\case\proQ\pickles\ligand_0.pkl,d:\PBCNet2.0\case\proQ\pickles\ligand_204.pkl,0.9308010339736938
ligand_0.pkl,ligand_2040.pkl,0.0,0.0,0.0,d:\PBCNet2.0\case\proQ\pickles\ligand_0.pkl,d:\PBCNet2.0\case\proQ\pickles\ligand_2040.pkl,0.9484148025512695
ligand_0.pkl,ligand_2041.pkl,0.0,0.0,0.0,d:\PBCNet2.0\case\proQ\pickles\ligand_0.pkl,d:\PBCNet2.0\case\proQ\pickles\ligand_2041.pkl,0.9504386186599731
ligand_0.pkl,ligand_2042.pkl,0.0,0.0,0.0,d:\PBCNet2.0\case\proQ\pickles\ligand_0.pkl,d:\PBCNet2.0\case\proQ\pickles\ligand_2042.pkl,0.9340683221817017
ligand_0.pkl,ligand_2043.pkl,0.0,0.0,0.0,d:\PBCNet2.0\case\proQ\pickles\ligand_0.pkl,d:\PBCNet2.0\case\proQ\pickles\ligand_2043.pkl,0.9357486963272095
ligand_0.pkl,ligand_2044.pkl,0.0,0.0,0.0,d:\PBCNet2.0\case\proQ\pickles\ligand_0.pkl,d:\PBCNet2.0\case\proQ\pickles\ligand_2044.pkl,0.9135980606079102
ligand_0.pkl,ligand_2045.pkl,0.0,0.0,0.0,d:\PBCNet2.0\case\proQ\pickles\ligand_0.pkl,d:\PBCNet2.0\case\proQ\pickles\ligand_2045.pkl,0.9132689237594604
ligand_0.pkl,ligand_2046.pkl,0.0,0.0,0.0,d:\PBCNet2.0\case\proQ\pickles\ligand_0.pkl,d:\PBCNet2.0\case\proQ\pickles\ligand_2046.pkl,0.9693052768707275
ligand_0.pkl,ligand_2047.pkl,0.0,0.0,0.0,d:\PBCNet2.0\case\proQ\pickles\ligand_0.pkl,d:\PBCNet2.0\case\proQ\pickles\ligand_2047.pkl,0.9535268545150757
ligand_0.pkl,ligand_2048.pkl,0.0,0.0,0.0,d:\PBCNet2.0\case\proQ\pickles\ligand_0.pkl,d:\PBCNet2.0\case\proQ\pickles\ligand_2048.pkl,0.9745117425918579
ligand_0.pkl,ligand_2049.pkl,0.0,0.0,0.0,d:\PBCNet2.0\case\proQ\pickles\ligand_0.pkl,d:\PBCNet2.0\case\proQ\pickles\ligand_2049.pkl,0.9360946416854858
ligand_0.pkl,ligand_205.pkl,0.0,0.0,0.0,d:\PBCNet2.0\case\proQ\pickles\ligand_0.pkl,d:\PBCNet2.0\case\proQ\pickles\ligand_205.pkl,0.8703099489212036
ligand_0.pkl,ligand_2050.pkl,0.0,0.0,0.0,d:\PBCNet2.0\case\proQ\pickles\ligand_0.pkl,d:\PBCNet2.0\case\proQ\pickles\ligand_2050.pkl,0.8743976950645447
ligand_0.pkl,ligand_2051.pkl,0.0,0.0,0.0,d:\PBCNet2.0\case\proQ\pickles\ligand_0.pkl,d:\PBCNet2.0\case\proQ\pickles\ligand_2051.pkl,0.8422249555587769
ligand_0.pkl,ligand_2052.pkl,0.0,0.0,0.0,d:\PBCNet2.0\case\proQ\pickles\ligand_0.pkl,d:\PBCNet2.0\case\proQ\pickles\ligand_2052.pkl,0.8805751800537109
ligand_0.pkl,ligand_2053.pkl,0.0,0.0,0.0,d:\PBCNet2.0\case\proQ\pickles\ligand_0.pkl,d:\PBCNet2.0\case\proQ\pickles\ligand_2053.pkl,0.9212714433670044
ligand_0.pkl,ligand_2054.pkl,0.0,0.0,0.0,d:\PBCNet2.0\case\proQ\pickles\ligand_0.pkl,d:\PBCNet2.0\case\proQ\pickles\ligand_2054.pkl,0.9357208013534546
ligand_0.pkl,ligand_2055.pkl,0.0,0.0,0.0,d:\PBCNet2.0\case\proQ\pickles\ligand_0.pkl,d:\PBCNet2.0\case\proQ\pickles\ligand_2055.pkl,1.0329629182815552
ligand_0.pkl,ligand_2056.pkl,0.0,0.0,0.0,d:\PBCNet2.0\case\proQ\pickles\ligand_0.pkl,d:\PBCNet2.0\case\proQ\pickles\ligand_2056.pkl,0.9177899360656738
ligand_0.pkl,ligand_2057.pkl,0.0,0.0,0.0,d:\PBCNet2.0\case\proQ\pickles\ligand_0.pkl,d:\PBCNet2.0\case\proQ\pickles\ligand_2057.pkl,0.9559520483016968
ligand_0.pkl,ligand_2058.pkl,0.0,0.0,0.0,d:\PBCNet2.0\case\proQ\pickles\ligand_0.pkl,d:\PBCNet2.0\case\proQ\pickles\ligand_2058.pkl,0.9859158992767334
ligand_0.pkl,ligand_2059.pkl,0.0,0.0,0.0,d:\PBCNet2.0\case\proQ\pickles\ligand_0.pkl,d:\PBCNet2.0\case\proQ\pickles\ligand_2059.pkl,0.5325708985328674
ligand_0.pkl,ligand_206.pkl,0.0,0.0,0.0,d:\PBCNet2.0\case\proQ\pickles\ligand_0.pkl,d:\PBCNet2.0\case\proQ\pickles\ligand_206.pkl,0.8886533975601196
ligand_0.pkl,ligand_2060.pkl,0.0,0.0,0.0,d:\PBCNet2.0\case\proQ\pickles\ligand_0.pkl,d:\PBCNet2.0\case\proQ\pickles\ligand_2060.pkl,0.9823013544082642
ligand_0.pkl,ligand_2061.pkl,0.0,0.0,0.0,d:\PBCNet2.0\case\proQ\pickles\ligand_0.pkl,d:\PBCNet2.0\case\proQ\pickles\ligand_2061.pkl,0.9984591007232666
ligand_0.pkl,ligand_2062.pkl,0.0,0.0,0.0,d:\PBCNet2.0\case\proQ\pickles\ligand_0.pkl,d:\PBCNet2.0\case\proQ\pickles\ligand_2062.pkl,0.9545434713363647
ligand_0.pkl,ligand_2063.pkl,0.0,0.0,0.0,d:\PBCNet2.0\case\proQ\pickles\ligand_0.pkl,d:\PBCNet2.0\case\proQ\pickles\ligand_2063.pkl,0.9207103252410889
ligand_0.pkl,ligand_2064.pkl,0.0,0.0,0.0,d:\PBCNet2.0\case\proQ\pickles\ligand_0.pkl,d:\PBCNet2.0\case\proQ\pickles\ligand_2064.pkl,0.9441535472869873
ligand_0.pkl,ligand_2065.pkl,0.0,0.0,0.0,d:\PBCNet2.0\case\proQ\pickles\ligand_0.pkl,d:\PBCNet2.0\case\proQ\pickles\ligand_2065.pkl,1.0354620218276978
ligand_0.pkl,ligand_2066.pkl,0.0,0.0,0.0,d:\PBCNet2.0\case\proQ\pickles\ligand_0.pkl,d:\PBCNet2.0\case\proQ\pickles\ligand_2066.pkl,0.9761285781860352
ligand_0.pkl,ligand_2067.pkl,0.0,0.0,0.0,d:\PBCNet2.0\case\proQ\pickles\ligand_0.pkl,d:\PBCNet2.0\case\proQ\pickles\ligand_2067.pkl,1.0192285776138306
ligand_0.pkl,ligand_2068.pkl,0.0,0.0,0.0,d:\PBCNet2.0\case\proQ\pickles\ligand_0.pkl,d:\PBCNet2.0\case\proQ\pickles\ligand_2068.pkl,0.9441500902175903
ligand_0.pkl,ligand_2069.pkl,0.0,0.0,0.0,d:\PBCNet2.0\case\proQ\pickles\ligand_0.pkl,d:\PBCNet2.0\case\proQ\pickles\ligand_2069.pkl,0.9715368747711182
ligand_0.pkl,ligand_207.pkl,0.0,0.0,0.0,d:\PBCNet2.0\case\proQ\pickles\ligand_0.pkl,d:\PBCNet2.0\case\proQ\pickles\ligand_207.pkl,0.9818332195281982
ligand_0.pkl,ligand_2070.pkl,0.0,0.0,0.0,d:\PBCNet2.0\case\proQ\pickles\ligand_0.pkl,d:\PBCNet2.0\case\proQ\pickles\ligand_2070.pkl,0.7901046276092529
ligand_0.pkl,ligand_2071.pkl,0.0,0.0,0.0,d:\PBCNet2.0\case\proQ\pickles\ligand_0.pkl,d:\PBCNet2.0\case\proQ\pickles\ligand_2071.pkl,0.9481614828109741
ligand_0.pkl,ligand_2072.pkl,0.0,0.0,0.0,d:\PBCNet2.0\case\proQ\pickles\ligand_0.pkl,d:\PBCNet2.0\case\proQ\pickles\ligand_2072.pkl,0.9024981260299683
ligand_0.pkl,ligand_2073.pkl,0.0,0.0,0.0,d:\PBCNet2.0\case\proQ\pickles\ligand_0.pkl,d:\PBCNet2.0\case\proQ\pickles\ligand_2073.pkl,0.8574181795120239
ligand_0.pkl,ligand_2074.pkl,0.0,0.0,0.0,d:\PBCNet2.0\case\proQ\pickles\ligand_0.pkl,d:\PBCNet2.0\case\proQ\pickles\ligand_2074.pkl,0.9661504030227661
ligand_0.pkl,ligand_2075.pkl,0.0,0.0,0.0,d:\PBCNet2.0\case\proQ\pickles\ligand_0.pkl,d:\PBCNet2.0\case\proQ\pickles\ligand_2075.pkl,0.9350308179855347
ligand_0.pkl,ligand_2076.pkl,0.0,0.0,0.0,d:\PBCNet2.0\case\proQ\pickles\ligand_0.pkl,d:\PBCNet2.0\case\proQ\pickles\ligand_2076.pkl,0.9565176963806152
ligand_0.pkl,ligand_2077.pkl,0.0,0.0,0.0,d:\PBCNet2.0\case\proQ\pickles\ligand_0.pkl,d:\PBCNet2.0\case\proQ\pickles\ligand_2077.pkl,0.9390511512756348
ligand_0.pkl,ligand_2078.pkl,0.0,0.0,0.0,d:\PBCNet2.0\case\proQ\pickles\ligand_0.pkl,d:\PBCNet2.0\case\proQ\pickles\ligand_2078.pkl,1.039484977722168
ligand_0.pkl,ligand_2079.pkl,0.0,0.0,0.0,d:\PBCNet2.0\case\proQ\pickles\ligand_0.pkl,d:\PBCNet2.0\case\proQ\pickles\ligand_2079.pkl,0.8655406832695007
ligand_0.pkl,ligand_208.pkl,0.0,0.0,0.0,d:\PBCNet2.0\case\proQ\pickles\ligand_0.pkl,d:\PBCNet2.0\case\proQ\pickles\ligand_208.pkl,0.8656096458435059
ligand_0.pkl,ligand_2080.pkl,0.0,0.0,0.0,d:\PBCNet2.0\case\proQ\pickles\ligand_0.pkl,d:\PBCNet2.0\case\proQ\pickles\ligand_2080.pkl,0.8157055974006653
ligand_0.pkl,ligand_2081.pkl,0.0,0.0,0.0,d:\PBCNet2.0\case\proQ\pickles\ligand_0.pkl,d:\PBCNet2.0\case\proQ\pickles\ligand_2081.pkl,0.9468926191329956
ligand_0.pkl,ligand_2082.pkl,0.0,0.0,0.0,d:\PBCNet2.0\case\proQ\pickles\ligand_0.pkl,d:\PBCNet2.0\case\proQ\pickles\ligand_2082.pkl,1.0127004384994507
ligand_0.pkl,ligand_2083.pkl,0.0,0.0,0.0,d:\PBCNet2.0\case\proQ\pickles\ligand_0.pkl,d:\PBCNet2.0\case\proQ\pickles\ligand_2083.pkl,0.8375431895256042
ligand_0.pkl,ligand_2084.pkl,0.0,0.0,0.0,d:\PBCNet2.0\case\proQ\pickles\ligand_0.pkl,d:\PBCNet2.0\case\proQ\pickles\ligand_2084.pkl,0.8798485994338989
ligand_0.pkl,ligand_2085.pkl,0.0,0.0,0.0,d:\PBCNet2.0\case\proQ\pickles\ligand_0.pkl,d:\PBCNet2.0\case\proQ\pickles\ligand_2085.pkl,0.9238653182983398
ligand_0.pkl,ligand_2086.pkl,0.0,0.0,0.0,d:\PBCNet2.0\case\proQ\pickles\ligand_0.pkl,d:\PBCNet2.0\case\proQ\pickles\ligand_2086.pkl,0.523393988609314
ligand_0.pkl,ligand_2087.pkl,0.0,0.0,0.0,d:\PBCNet2.0\case\proQ\pickles\ligand_0.pkl,d:\PBCNet2.0\case\proQ\pickles\ligand_2087.pkl,0.9379373788833618
ligand_0.pkl,ligand_2088.pkl,0.0,0.0,0.0,d:\PBCNet2.0\case\proQ\pickles\ligand_0.pkl,d:\PBCNet2.0\case\proQ\pickles\ligand_2088.pkl,0.9583598375320435
ligand_0.pkl,ligand_2089.pkl,0.0,0.0,0.0,d:\PBCNet2.0\case\proQ\pickles\ligand_0.pkl,d:\PBCNet2.0\case\proQ\pickles\ligand_2089.pkl,0.9734201431274414
ligand_0.pkl,ligand_209.pkl,0.0,0.0,0.0,d:\PBCNet2.0\case\proQ\pickles\ligand_0.pkl,d:\PBCNet2.0\case\proQ\pickles\ligand_209.pkl,0.8655667304992676
ligand_0.pkl,ligand_2090.pkl,0.0,0.0,0.0,d:\PBCNet2.0\case\proQ\pickles\ligand_0.pkl,d:\PBCNet2.0\case\proQ\pickles\ligand_2090.pkl,0.9748011827468872
ligand_0.pkl,ligand_2091.pkl,0.0,0.0,0.0,d:\PBCNet2.0\case\proQ\pickles\ligand_0.pkl,d:\PBCNet2.0\case\proQ\pickles\ligand_2091.pkl,0.872878909111023
ligand_0.pkl,ligand_2092.pkl,0.0,0.0,0.0,d:\PBCNet2.0\case\proQ\pickles\ligand_0.pkl,d:\PBCNet2.0\case\proQ\pickles\ligand_2092.pkl,0.9062323570251465
ligand_0.pkl,ligand_2093.pkl,0.0,0.0,0.0,d:\PBCNet2.0\case\proQ\pickles\ligand_0.pkl,d:\PBCNet2.0\case\proQ\pickles\ligand_2093.pkl,1.0717836618423462
ligand_0.pkl,ligand_2094.pkl,0.0,0.0,0.0,d:\PBCNet2.0\case\proQ\pickles\ligand_0.pkl,d:\PBCNet2.0\case\proQ\pickles\ligand_2094.pkl,0.8657455444335938
ligand_0.pkl,ligand_2095.pkl,0.0,0.0,0.0,d:\PBCNet2.0\case\proQ\pickles\ligand_0.pkl,d:\PBCNet2.0\case\proQ\pickles\ligand_2095.pkl,0.9371722936630249
ligand_0.pkl,ligand_2096.pkl,0.0,0.0,0.0,d:\PBCNet2.0\case\proQ\pickles\ligand_0.pkl,d:\PBCNet2.0\case\proQ\pickles\ligand_2096.pkl,0.9482498168945312
ligand_0.pkl,ligand_2097.pkl,0.0,0.0,0.0,d:\PBCNet2.0\case\proQ\pickles\ligand_0.pkl,d:\PBCNet2.0\case\proQ\pickles\ligand_2097.pkl,0.9514831304550171
ligand_0.pkl,ligand_2098.pkl,0.0,0.0,0.0,d:\PBCNet2.0\case\proQ\pickles\ligand_0.pkl,d:\PBCNet2.0\case\proQ\pickles\ligand_2098.pkl,0.9442027807235718
ligand_0.pkl,ligand_2099.pkl,0.0,0.0,0.0,d:\PBCNet2.0\case\proQ\pickles\ligand_0.pkl,d:\PBCNet2.0\case\proQ\pickles\ligand_2099.pkl,0.847099244594574
ligand_0.pkl,ligand_21.pkl,0.0,0.0,0.0,d:\PBCNet2.0\case\proQ\pickles\ligand_0.pkl,d:\PBCNet2.0\case\proQ\pickles\ligand_21.pkl,0.9269827604293823
ligand_0.pkl,ligand_210.pkl,0.0,0.0,0.0,d:\PBCNet2.0\case\proQ\pickles\ligand_0.pkl,d:\PBCNet2.0\case\proQ\pickles\ligand_210.pkl,0.9458571672439575
ligand_0.pkl,ligand_2100.pkl,0.0,0.0,0.0,d:\PBCNet2.0\case\proQ\pickles\ligand_0.pkl,d:\PBCNet2.0\case\proQ\pickles\ligand_2100.pkl,1.0499337911605835
ligand_0.pkl,ligand_2101.pkl,0.0,0.0,0.0,d:\PBCNet2.0\case\proQ\pickles\ligand_0.pkl,d:\PBCNet2.0\case\proQ\pickles\ligand_2101.pkl,0.968483567237854
ligand_0.pkl,ligand_2102.pkl,0.0,0.0,0.0,d:\PBCNet2.0\case\proQ\pickles\ligand_0.pkl,d:\PBCNet2.0\case\proQ\pickles\ligand_2102.pkl,1.011923909187317
ligand_0.pkl,ligand_2103.pkl,0.0,0.0,0.0,d:\PBCNet2.0\case\proQ\pickles\ligand_0.pkl,d:\PBCNet2.0\case\proQ\pickles\ligand_2103.pkl,1.015640377998352
ligand_0.pkl,ligand_2104.pkl,0.0,0.0,0.0,d:\PBCNet2.0\case\proQ\pickles\ligand_0.pkl,d:\PBCNet2.0\case\proQ\pickles\ligand_2104.pkl,0.9007090330123901
ligand_0.pkl,ligand_2105.pkl,0.0,0.0,0.0,d:\PBCNet2.0\case\proQ\pickles\ligand_0.pkl,d:\PBCNet2.0\case\proQ\pickles\ligand_2105.pkl,0.7354320287704468
ligand_0.pkl,ligand_2106.pkl,0.0,0.0,0.0,d:\PBCNet2.0\case\proQ\pickles\ligand_0.pkl,d:\PBCNet2.0\case\proQ\pickles\ligand_2106.pkl,0.9307435750961304
ligand_0.pkl,ligand_2107.pkl,0.0,0.0,0.0,d:\PBCNet2.0\case\proQ\pickles\ligand_0.pkl,d:\PBCNet2.0\case\proQ\pickles\ligand_2107.pkl,0.8850395679473877
ligand_0.pkl,ligand_2108.pkl,0.0,0.0,0.0,d:\PBCNet2.0\case\proQ\pickles\ligand_0.pkl,d:\PBCNet2.0\case\proQ\pickles\ligand_2108.pkl,0.9663888216018677
ligand_0.pkl,ligand_2109.pkl,0.0,0.0,0.0,d:\PBCNet2.0\case\proQ\pickles\ligand_0.pkl,d:\PBCNet2.0\case\proQ\pickles\ligand_2109.pkl,0.8511273860931396
ligand_0.pkl,ligand_211.pkl,0.0,0.0,0.0,d:\PBCNet2.0\case\proQ\pickles\ligand_0.pkl,d:\PBCNet2.0\case\proQ\pickles\ligand_211.pkl,0.887890100479126
ligand_0.pkl,ligand_2110.pkl,0.0,0.0,0.0,d:\PBCNet2.0\case\proQ\pickles\ligand_0.pkl,d:\PBCNet2.0\case\proQ\pickles\ligand_2110.pkl,0.8729965090751648
ligand_0.pkl,ligand_2111.pkl,0.0,0.0,0.0,d:\PBCNet2.0\case\proQ\pickles\ligand_0.pkl,d:\PBCNet2.0\case\proQ\pickles\ligand_2111.pkl,0.7522343397140503
ligand_0.pkl,ligand_2112.pkl,0.0,0.0,0.0,d:\PBCNet2.0\case\proQ\pickles\ligand_0.pkl,d:\PBCNet2.0\case\proQ\pickles\ligand_2112.pkl,0.9178518056869507
ligand_0.pkl,ligand_2113.pkl,0.0,0.0,0.0,d:\PBCNet2.0\case\proQ\pickles\ligand_0.pkl,d:\PBCNet2.0\case\proQ\pickles\ligand_2113.pkl,0.8730803728103638
ligand_0.pkl,ligand_2114.pkl,0.0,0.0,0.0,d:\PBCNet2.0\case\proQ\pickles\ligand_0.pkl,d:\PBCNet2.0\case\proQ\pickles\ligand_2114.pkl,1.0862339735031128
ligand_0.pkl,ligand_2115.pkl,0.0,0.0,0.0,d:\PBCNet2.0\case\proQ\pickles\ligand_0.pkl,d:\PBCNet2.0\case\proQ\pickles\ligand_2115.pkl,0.8241190314292908
ligand_0.pkl,ligand_2116.pkl,0.0,0.0,0.0,d:\PBCNet2.0\case\proQ\pickles\ligand_0.pkl,d:\PBCNet2.0\case\proQ\pickles\ligand_2116.pkl,0.9095567464828491
ligand_0.pkl,ligand_2117.pkl,0.0,0.0,0.0,d:\PBCNet2.0\case\proQ\pickles\ligand_0.pkl,d:\PBCNet2.0\case\proQ\pickles\ligand_2117.pkl,0.9313415288925171
ligand_0.pkl,ligand_2118.pkl,0.0,0.0,0.0,d:\PBCNet2.0\case\proQ\pickles\ligand_0.pkl,d:\PBCNet2.0\case\proQ\pickles\ligand_2118.pkl,0.8836857080459595
ligand_0.pkl,ligand_2119.pkl,0.0,0.0,0.0,d:\PBCNet2.0\case\proQ\pickles\ligand_0.pkl,d:\PBCNet2.0\case\proQ\pickles\ligand_2119.pkl,0.8055930733680725
ligand_0.pkl,ligand_212.pkl,0.0,0.0,0.0,d:\PBCNet2.0\case\proQ\pickles\ligand_0.pkl,d:\PBCNet2.0\case\proQ\pickles\ligand_212.pkl,0.9299376010894775
ligand_0.pkl,ligand_2120.pkl,0.0,0.0,0.0,d:\PBCNet2.0\case\proQ\pickles\ligand_0.pkl,d:\PBCNet2.0\case\proQ\pickles\ligand_2120.pkl,0.9624260663986206
ligand_0.pkl,ligand_2121.pkl,0.0,0.0,0.0,d:\PBCNet2.0\case\proQ\pickles\ligand_0.pkl,d:\PBCNet2.0\case\proQ\pickles\ligand_2121.pkl,0.939723014831543
ligand_0.pkl,ligand_2122.pkl,0.0,0.0,0.0,d:\PBCNet2.0\case\proQ\pickles\ligand_0.pkl,d:\PBCNet2.0\case\proQ\pickles\ligand_2122.pkl,1.001639485359192
ligand_0.pkl,ligand_2123.pkl,0.0,0.0,0.0,d:\PBCNet2.0\case\proQ\pickles\ligand_0.pkl,d:\PBCNet2.0\case\proQ\pickles\ligand_2123.pkl,0.9726992845535278
ligand_0.pkl,ligand_2124.pkl,0.0,0.0,0.0,d:\PBCNet2.0\case\proQ\pickles\ligand_0.pkl,d:\PBCNet2.0\case\proQ\pickles\ligand_2124.pkl,0.45049065351486206
ligand_0.pkl,ligand_2125.pkl,0.0,0.0,0.0,d:\PBCNet2.0\case\proQ\pickles\ligand_0.pkl,d:\PBCNet2.0\case\proQ\pickles\ligand_2125.pkl,0.9066870212554932
ligand_0.pkl,ligand_2126.pkl,0.0,0.0,0.0,d:\PBCNet2.0\case\proQ\pickles\ligand_0.pkl,d:\PBCNet2.0\case\proQ\pickles\ligand_2126.pkl,0.8712754845619202
ligand_0.pkl,ligand_2127.pkl,0.0,0.0,0.0,d:\PBCNet2.0\case\proQ\pickles\ligand_0.pkl,d:\PBCNet2.0\case\proQ\pickles\ligand_2127.pkl,0.9679692983627319
ligand_0.pkl,ligand_2128.pkl,0.0,0.0,0.0,d:\PBCNet2.0\case\proQ\pickles\ligand_0.pkl,d:\PBCNet2.0\case\proQ\pickles\ligand_2128.pkl,0.9619656801223755
ligand_0.pkl,ligand_2129.pkl,0.0,0.0,0.0,d:\PBCNet2.0\case\proQ\pickles\ligand_0.pkl,d:\PBCNet2.0\case\proQ\pickles\ligand_2129.pkl,0.9085499048233032
ligand_0.pkl,ligand_213.pkl,0.0,0.0,0.0,d:\PBCNet2.0\case\proQ\pickles\ligand_0.pkl,d:\PBCNet2.0\case\proQ\pickles\ligand_213.pkl,0.994629979133606
ligand_0.pkl,ligand_2130.pkl,0.0,0.0,0.0,d:\PBCNet2.0\case\proQ\pickles\ligand_0.pkl,d:\PBCNet2.0\case\proQ\pickles\ligand_2130.pkl,0.9417539834976196
ligand_0.pkl,ligand_2131.pkl,0.0,0.0,0.0,d:\PBCNet2.0\case\proQ\pickles\ligand_0.pkl,d:\PBCNet2.0\case\proQ\pickles\ligand_2131.pkl,0.8111249208450317
ligand_0.pkl,ligand_2132.pkl,0.0,0.0,0.0,d:\PBCNet2.0\case\proQ\pickles\ligand_0.pkl,d:\PBCNet2.0\case\proQ\pickles\ligand_2132.pkl,0.9102998971939087
ligand_0.pkl,ligand_2133.pkl,0.0,0.0,0.0,d:\PBCNet2.0\case\proQ\pickles\ligand_0.pkl,d:\PBCNet2.0\case\proQ\pickles\ligand_2133.pkl,0.9266633987426758
ligand_0.pkl,ligand_2134.pkl,0.0,0.0,0.0,d:\PBCNet2.0\case\proQ\pickles\ligand_0.pkl,d:\PBCNet2.0\case\proQ\pickles\ligand_2134.pkl,0.9518815279006958
ligand_0.pkl,ligand_2135.pkl,0.0,0.0,0.0,d:\PBCNet2.0\case\proQ\pickles\ligand_0.pkl,d:\PBCNet2.0\case\proQ\pickles\ligand_2135.pkl,0.9393490552902222
ligand_0.pkl,ligand_2136.pkl,0.0,0.0,0.0,d:\PBCNet2.0\case\proQ\pickles\ligand_0.pkl,d:\PBCNet2.0\case\proQ\pickles\ligand_2136.pkl,0.9457031488418579
ligand_0.pkl,ligand_2137.pkl,0.0,0.0,0.0,d:\PBCNet2.0\case\proQ\pickles\ligand_0.pkl,d:\PBCNet2.0\case\proQ\pickles\ligand_2137.pkl,0.9363760948181152
ligand_0.pkl,ligand_2138.pkl,0.0,0.0,0.0,d:\PBCNet2.0\case\proQ\pickles\ligand_0.pkl,d:\PBCNet2.0\case\proQ\pickles\ligand_2138.pkl,0.9602586030960083
ligand_0.pkl,ligand_2139.pkl,0.0,0.0,0.0,d:\PBCNet2.0\case\proQ\pickles\ligand_0.pkl,d:\PBCNet2.0\case\proQ\pickles\ligand_2139.pkl,0.9911590814590454
ligand_0.pkl,ligand_214.pkl,0.0,0.0,0.0,d:\PBCNet2.0\case\proQ\pickles\ligand_0.pkl,d:\PBCNet2.0\case\proQ\pickles\ligand_214.pkl,0.9647319316864014
ligand_0.pkl,ligand_2140.pkl,0.0,0.0,0.0,d:\PBCNet2.0\case\proQ\pickles\ligand_0.pkl,d:\PBCNet2.0\case\proQ\pickles\ligand_2140.pkl,0.876646876335144
ligand_0.pkl,ligand_2141.pkl,0.0,0.0,0.0,d:\PBCNet2.0\case\proQ\pickles\ligand_0.pkl,d:\PBCNet2.0\case\proQ\pickles\ligand_2141.pkl,0.9734020233154297
ligand_0.pkl,ligand_2142.pkl,0.0,0.0,0.0,d:\PBCNet2.0\case\proQ\pickles\ligand_0.pkl,d:\PBCNet2.0\case\proQ\pickles\ligand_2142.pkl,0.8395688533782959
ligand_0.pkl,ligand_2143.pkl,0.0,0.0,0.0,d:\PBCNet2.0\case\proQ\pickles\ligand_0.pkl,d:\PBCNet2.0\case\proQ\pickles\ligand_2143.pkl,1.0355068445205688
ligand_0.pkl,ligand_2144.pkl,0.0,0.0,0.0,d:\PBCNet2.0\case\proQ\pickles\ligand_0.pkl,d:\PBCNet2.0\case\proQ\pickles\ligand_2144.pkl,0.8319019079208374
ligand_0.pkl,ligand_2145.pkl,0.0,0.0,0.0,d:\PBCNet2.0\case\proQ\pickles\ligand_0.pkl,d:\PBCNet2.0\case\proQ\pickles\ligand_2145.pkl,0.9319504499435425
ligand_0.pkl,ligand_2146.pkl,0.0,0.0,0.0,d:\PBCNet2.0\case\proQ\pickles\ligand_0.pkl,d:\PBCNet2.0\case\proQ\pickles\ligand_2146.pkl,0.8922775983810425
ligand_0.pkl,ligand_2147.pkl,0.0,0.0,0.0,d:\PBCNet2.0\case\proQ\pickles\ligand_0.pkl,d:\PBCNet2.0\case\proQ\pickles\ligand_2147.pkl,0.8144230842590332
ligand_0.pkl,ligand_2148.pkl,0.0,0.0,0.0,d:\PBCNet2.0\case\proQ\pickles\ligand_0.pkl,d:\PBCNet2.0\case\proQ\pickles\ligand_2148.pkl,0.9078408479690552
ligand_0.pkl,ligand_2149.pkl,0.0,0.0,0.0,d:\PBCNet2.0\case\proQ\pickles\ligand_0.pkl,d:\PBCNet2.0\case\proQ\pickles\ligand_2149.pkl,0.9560520648956299
ligand_0.pkl,ligand_215.pkl,0.0,0.0,0.0,d:\PBCNet2.0\case\proQ\pickles\ligand_0.pkl,d:\PBCNet2.0\case\proQ\pickles\ligand_215.pkl,0.9222995042800903
ligand_0.pkl,ligand_2150.pkl,0.0,0.0,0.0,d:\PBCNet2.0\case\proQ\pickles\ligand_0.pkl,d:\PBCNet2.0\case\proQ\pickles\ligand_2150.pkl,0.9238375425338745
ligand_0.pkl,ligand_2151.pkl,0.0,0.0,0.0,d:\PBCNet2.0\case\proQ\pickles\ligand_0.pkl,d:\PBCNet2.0\case\proQ\pickles\ligand_2151.pkl,0.9656213521957397
ligand_0.pkl,ligand_2152.pkl,0.0,0.0,0.0,d:\PBCNet2.0\case\proQ\pickles\ligand_0.pkl,d:\PBCNet2.0\case\proQ\pickles\ligand_2152.pkl,1.0692533254623413
ligand_0.pkl,ligand_2153.pkl,0.0,0.0,0.0,d:\PBCNet2.0\case\proQ\pickles\ligand_0.pkl,d:\PBCNet2.0\case\proQ\pickles\ligand_2153.pkl,0.6893689632415771
ligand_0.pkl,ligand_2154.pkl,0.0,0.0,0.0,d:\PBCNet2.0\case\proQ\pickles\ligand_0.pkl,d:\PBCNet2.0\case\proQ\pickles\ligand_2154.pkl,0.9347484111785889
ligand_0.pkl,ligand_2155.pkl,0.0,0.0,0.0,d:\PBCNet2.0\case\proQ\pickles\ligand_0.pkl,d:\PBCNet2.0\case\proQ\pickles\ligand_2155.pkl,0.926272988319397
ligand_0.pkl,ligand_2156.pkl,0.0,0.0,0.0,d:\PBCNet2.0\case\proQ\pickles\ligand_0.pkl,d:\PBCNet2.0\case\proQ\pickles\ligand_2156.pkl,1.023025631904602
ligand_0.pkl,ligand_2157.pkl,0.0,0.0,0.0,d:\PBCNet2.0\case\proQ\pickles\ligand_0.pkl,d:\PBCNet2.0\case\proQ\pickles\ligand_2157.pkl,1.005638599395752
ligand_0.pkl,ligand_2158.pkl,0.0,0.0,0.0,d:\PBCNet2.0\case\proQ\pickles\ligand_0.pkl,d:\PBCNet2.0\case\proQ\pickles\ligand_2158.pkl,0.7904670238494873
ligand_0.pkl,ligand_2159.pkl,0.0,0.0,0.0,d:\PBCNet2.0\case\proQ\pickles\ligand_0.pkl,d:\PBCNet2.0\case\proQ\pickles\ligand_2159.pkl,1.0052802562713623
ligand_0.pkl,ligand_216.pkl,0.0,0.0,0.0,d:\PBCNet2.0\case\proQ\pickles\ligand_0.pkl,d:\PBCNet2.0\case\proQ\pickles\ligand_216.pkl,0.9533218145370483
ligand_0.pkl,ligand_2160.pkl,0.0,0.0,0.0,d:\PBCNet2.0\case\proQ\pickles\ligand_0.pkl,d:\PBCNet2.0\case\proQ\pickles\ligand_2160.pkl,0.9098629951477051
ligand_0.pkl,ligand_2161.pkl,0.0,0.0,0.0,d:\PBCNet2.0\case\proQ\pickles\ligand_0.pkl,d:\PBCNet2.0\case\proQ\pickles\ligand_2161.pkl,0.8224970698356628
ligand_0.pkl,ligand_2162.pkl,0.0,0.0,0.0,d:\PBCNet2.0\case\proQ\pickles\ligand_0.pkl,d:\PBCNet2.0\case\proQ\pickles\ligand_2162.pkl,0.9475153684616089
ligand_0.pkl,ligand_2163.pkl,0.0,0.0,0.0,d:\PBCNet2.0\case\proQ\pickles\ligand_0.pkl,d:\PBCNet2.0\case\proQ\pickles\ligand_2163.pkl,0.8577115535736084
ligand_0.pkl,ligand_2164.pkl,0.0,0.0,0.0,d:\PBCNet2.0\case\proQ\pickles\ligand_0.pkl,d:\PBCNet2.0\case\proQ\pickles\ligand_2164.pkl,1.016189694404602
ligand_0.pkl,ligand_2165.pkl,0.0,0.0,0.0,d:\PBCNet2.0\case\proQ\pickles\ligand_0.pkl,d:\PBCNet2.0\case\proQ\pickles\ligand_2165.pkl,0.9064149856567383
ligand_0.pkl,ligand_2166.pkl,0.0,0.0,0.0,d:\PBCNet2.0\case\proQ\pickles\ligand_0.pkl,d:\PBCNet2.0\case\proQ\pickles\ligand_2166.pkl,0.8878649473190308
ligand_0.pkl,ligand_2167.pkl,0.0,0.0,0.0,d:\PBCNet2.0\case\proQ\pickles\ligand_0.pkl,d:\PBCNet2.0\case\proQ\pickles\ligand_2167.pkl,0.9504349231719971
ligand_0.pkl,ligand_2168.pkl,0.0,0.0,0.0,d:\PBCNet2.0\case\proQ\pickles\ligand_0.pkl,d:\PBCNet2.0\case\proQ\pickles\ligand_2168.pkl,0.9418461322784424
ligand_0.pkl,ligand_2169.pkl,0.0,0.0,0.0,d:\PBCNet2.0\case\proQ\pickles\ligand_0.pkl,d:\PBCNet2.0\case\proQ\pickles\ligand_2169.pkl,0.9338821172714233
ligand_0.pkl,ligand_217.pkl,0.0,0.0,0.0,d:\PBCNet2.0\case\proQ\pickles\ligand_0.pkl,d:\PBCNet2.0\case\proQ\pickles\ligand_217.pkl,0.9445503950119019
ligand_0.pkl,ligand_2170.pkl,0.0,0.0,0.0,d:\PBCNet2.0\case\proQ\pickles\ligand_0.pkl,d:\PBCNet2.0\case\proQ\pickles\ligand_2170.pkl,0.8945494890213013
ligand_0.pkl,ligand_2171.pkl,0.0,0.0,0.0,d:\PBCNet2.0\case\proQ\pickles\ligand_0.pkl,d:\PBCNet2.0\case\proQ\pickles\ligand_2171.pkl,0.8956674337387085
ligand_0.pkl,ligand_2172.pkl,0.0,0.0,0.0,d:\PBCNet2.0\case\proQ\pickles\ligand_0.pkl,d:\PBCNet2.0\case\proQ\pickles\ligand_2172.pkl,0.949135422706604
ligand_0.pkl,ligand_2173.pkl,0.0,0.0,0.0,d:\PBCNet2.0\case\proQ\pickles\ligand_0.pkl,d:\PBCNet2.0\case\proQ\pickles\ligand_2173.pkl,1.2915865182876587
ligand_0.pkl,ligand_2174.pkl,0.0,0.0,0.0,d:\PBCNet2.0\case\proQ\pickles\ligand_0.pkl,d:\PBCNet2.0\case\proQ\pickles\ligand_2174.pkl,0.9062511920928955
ligand_0.pkl,ligand_2175.pkl,0.0,0.0,0.0,d:\PBCNet2.0\case\proQ\pickles\ligand_0.pkl,d:\PBCNet2.0\case\proQ\pickles\ligand_2175.pkl,0.8847683668136597
ligand_0.pkl,ligand_2176.pkl,0.0,0.0,0.0,d:\PBCNet2.0\case\proQ\pickles\ligand_0.pkl,d:\PBCNet2.0\case\proQ\pickles\ligand_2176.pkl,0.9180518388748169
ligand_0.pkl,ligand_2177.pkl,0.0,0.0,0.0,d:\PBCNet2.0\case\proQ\pickles\ligand_0.pkl,d:\PBCNet2.0\case\proQ\pickles\ligand_2177.pkl,0.9828783273696899
ligand_0.pkl,ligand_2178.pkl,0.0,0.0,0.0,d:\PBCNet2.0\case\proQ\pickles\ligand_0.pkl,d:\PBCNet2.0\case\proQ\pickles\ligand_2178.pkl,0.7833021283149719
ligand_0.pkl,ligand_2179.pkl,0.0,0.0,0.0,d:\PBCNet2.0\case\proQ\pickles\ligand_0.pkl,d:\PBCNet2.0\case\proQ\pickles\ligand_2179.pkl,0.847210705280304
ligand_0.pkl,ligand_218.pkl,0.0,0.0,0.0,d:\PBCNet2.0\case\proQ\pickles\ligand_0.pkl,d:\PBCNet2.0\case\proQ\pickles\ligand_218.pkl,0.8896884918212891
ligand_0.pkl,ligand_2180.pkl,0.0,0.0,0.0,d:\PBCNet2.0\case\proQ\pickles\ligand_0.pkl,d:\PBCNet2.0\case\proQ\pickles\ligand_2180.pkl,0.8307269811630249
ligand_0.pkl,ligand_2181.pkl,0.0,0.0,0.0,d:\PBCNet2.0\case\proQ\pickles\ligand_0.pkl,d:\PBCNet2.0\case\proQ\pickles\ligand_2181.pkl,1.1113625764846802
ligand_0.pkl,ligand_2182.pkl,0.0,0.0,0.0,d:\PBCNet2.0\case\proQ\pickles\ligand_0.pkl,d:\PBCNet2.0\case\proQ\pickles\ligand_2182.pkl,0.5855240821838379
ligand_0.pkl,ligand_2183.pkl,0.0,0.0,0.0,d:\PBCNet2.0\case\proQ\pickles\ligand_0.pkl,d:\PBCNet2.0\case\proQ\pickles\ligand_2183.pkl,0.9397379159927368
ligand_0.pkl,ligand_2184.pkl,0.0,0.0,0.0,d:\PBCNet2.0\case\proQ\pickles\ligand_0.pkl,d:\PBCNet2.0\case\proQ\pickles\ligand_2184.pkl,0.9417275190353394
ligand_0.pkl,ligand_2185.pkl,0.0,0.0,0.0,d:\PBCNet2.0\case\proQ\pickles\ligand_0.pkl,d:\PBCNet2.0\case\proQ\pickles\ligand_2185.pkl,0.9629720449447632
ligand_0.pkl,ligand_2186.pkl,0.0,0.0,0.0,d:\PBCNet2.0\case\proQ\pickles\ligand_0.pkl,d:\PBCNet2.0\case\proQ\pickles\ligand_2186.pkl,1.030368447303772
ligand_0.pkl,ligand_2187.pkl,0.0,0.0,0.0,d:\PBCNet2.0\case\proQ\pickles\ligand_0.pkl,d:\PBCNet2.0\case\proQ\pickles\ligand_2187.pkl,0.9073891639709473
ligand_0.pkl,ligand_2188.pkl,0.0,0.0,0.0,d:\PBCNet2.0\case\proQ\pickles\ligand_0.pkl,d:\PBCNet2.0\case\proQ\pickles\ligand_2188.pkl,0.9417304992675781
ligand_0.pkl,ligand_2189.pkl,0.0,0.0,0.0,d:\PBCNet2.0\case\proQ\pickles\ligand_0.pkl,d:\PBCNet2.0\case\proQ\pickles\ligand_2189.pkl,0.9104923009872437
ligand_0.pkl,ligand_219.pkl,0.0,0.0,0.0,d:\PBCNet2.0\case\proQ\pickles\ligand_0.pkl,d:\PBCNet2.0\case\proQ\pickles\ligand_219.pkl,0.9485719203948975
ligand_0.pkl,ligand_2190.pkl,0.0,0.0,0.0,d:\PBCNet2.0\case\proQ\pickles\ligand_0.pkl,d:\PBCNet2.0\case\proQ\pickles\ligand_2190.pkl,0.9031506776809692
ligand_0.pkl,ligand_2191.pkl,0.0,0.0,0.0,d:\PBCNet2.0\case\proQ\pickles\ligand_0.pkl,d:\PBCNet2.0\case\proQ\pickles\ligand_2191.pkl,1.0248048305511475
ligand_0.pkl,ligand_2192.pkl,0.0,0.0,0.0,d:\PBCNet2.0\case\proQ\pickles\ligand_0.pkl,d:\PBCNet2.0\case\proQ\pickles\ligand_2192.pkl,1.0098971128463745
ligand_0.pkl,ligand_2193.pkl,0.0,0.0,0.0,d:\PBCNet2.0\case\proQ\pickles\ligand_0.pkl,d:\PBCNet2.0\case\proQ\pickles\ligand_2193.pkl,0.9759935140609741
ligand_0.pkl,ligand_2194.pkl,0.0,0.0,0.0,d:\PBCNet2.0\case\proQ\pickles\ligand_0.pkl,d:\PBCNet2.0\case\proQ\pickles\ligand_2194.pkl,1.0315392017364502
ligand_0.pkl,ligand_2195.pkl,0.0,0.0,0.0,d:\PBCNet2.0\case\proQ\pickles\ligand_0.pkl,d:\PBCNet2.0\case\proQ\pickles\ligand_2195.pkl,0.9231547117233276
ligand_0.pkl,ligand_2196.pkl,0.0,0.0,0.0,d:\PBCNet2.0\case\proQ\pickles\ligand_0.pkl,d:\PBCNet2.0\case\proQ\pickles\ligand_2196.pkl,0.9654034376144409
ligand_0.pkl,ligand_2197.pkl,0.0,0.0,0.0,d:\PBCNet2.0\case\proQ\pickles\ligand_0.pkl,d:\PBCNet2.0\case\proQ\pickles\ligand_2197.pkl,0.7685253620147705
ligand_0.pkl,ligand_2198.pkl,0.0,0.0,0.0,d:\PBCNet2.0\case\proQ\pickles\ligand_0.pkl,d:\PBCNet2.0\case\proQ\pickles\ligand_2198.pkl,0.9219760894775391
ligand_0.pkl,ligand_2199.pkl,0.0,0.0,0.0,d:\PBCNet2.0\case\proQ\pickles\ligand_0.pkl,d:\PBCNet2.0\case\proQ\pickles\ligand_2199.pkl,0.9857136011123657
ligand_0.pkl,ligand_22.pkl,0.0,0.0,0.0,d:\PBCNet2.0\case\proQ\pickles\ligand_0.pkl,d:\PBCNet2.0\case\proQ\pickles\ligand_22.pkl,1.0571321249008179
ligand_0.pkl,ligand_220.pkl,0.0,0.0,0.0,d:\PBCNet2.0\case\proQ\pickles\ligand_0.pkl,d:\PBCNet2.0\case\proQ\pickles\ligand_220.pkl,0.9105106592178345
ligand_0.pkl,ligand_2200.pkl,0.0,0.0,0.0,d:\PBCNet2.0\case\proQ\pickles\ligand_0.pkl,d:\PBCNet2.0\case\proQ\pickles\ligand_2200.pkl,1.052103877067566
ligand_0.pkl,ligand_2201.pkl,0.0,0.0,0.0,d:\PBCNet2.0\case\proQ\pickles\ligand_0.pkl,d:\PBCNet2.0\case\proQ\pickles\ligand_2201.pkl,0.6899229288101196
ligand_0.pkl,ligand_2202.pkl,0.0,0.0,0.0,d:\PBCNet2.0\case\proQ\pickles\ligand_0.pkl,d:\PBCNet2.0\case\proQ\pickles\ligand_2202.pkl,0.9450767040252686
ligand_0.pkl,ligand_2203.pkl,0.0,0.0,0.0,d:\PBCNet2.0\case\proQ\pickles\ligand_0.pkl,d:\PBCNet2.0\case\proQ\pickles\ligand_2203.pkl,0.8714461326599121
ligand_0.pkl,ligand_2204.pkl,0.0,0.0,0.0,d:\PBCNet2.0\case\proQ\pickles\ligand_0.pkl,d:\PBCNet2.0\case\proQ\pickles\ligand_2204.pkl,0.9250571727752686
ligand_0.pkl,ligand_2205.pkl,0.0,0.0,0.0,d:\PBCNet2.0\case\proQ\pickles\ligand_0.pkl,d:\PBCNet2.0\case\proQ\pickles\ligand_2205.pkl,0.9384876489639282
ligand_0.pkl,ligand_2206.pkl,0.0,0.0,0.0,d:\PBCNet2.0\case\proQ\pickles\ligand_0.pkl,d:\PBCNet2.0\case\proQ\pickles\ligand_2206.pkl,0.9977251291275024
ligand_0.pkl,ligand_2207.pkl,0.0,0.0,0.0,d:\PBCNet2.0\case\proQ\pickles\ligand_0.pkl,d:\PBCNet2.0\case\proQ\pickles\ligand_2207.pkl,0.7464278340339661
ligand_0.pkl,ligand_2208.pkl,0.0,0.0,0.0,d:\PBCNet2.0\case\proQ\pickles\ligand_0.pkl,d:\PBCNet2.0\case\proQ\pickles\ligand_2208.pkl,1.1262668371200562
ligand_0.pkl,ligand_2209.pkl,0.0,0.0,0.0,d:\PBCNet2.0\case\proQ\pickles\ligand_0.pkl,d:\PBCNet2.0\case\proQ\pickles\ligand_2209.pkl,0.8469042181968689
ligand_0.pkl,ligand_221.pkl,0.0,0.0,0.0,d:\PBCNet2.0\case\proQ\pickles\ligand_0.pkl,d:\PBCNet2.0\case\proQ\pickles\ligand_221.pkl,0.8350201845169067
ligand_0.pkl,ligand_2210.pkl,0.0,0.0,0.0,d:\PBCNet2.0\case\proQ\pickles\ligand_0.pkl,d:\PBCNet2.0\case\proQ\pickles\ligand_2210.pkl,0.9538904428482056
ligand_0.pkl,ligand_2211.pkl,0.0,0.0,0.0,d:\PBCNet2.0\case\proQ\pickles\ligand_0.pkl,d:\PBCNet2.0\case\proQ\pickles\ligand_2211.pkl,0.7878453731536865
ligand_0.pkl,ligand_2212.pkl,0.0,0.0,0.0,d:\PBCNet2.0\case\proQ\pickles\ligand_0.pkl,d:\PBCNet2.0\case\proQ\pickles\ligand_2212.pkl,0.916603684425354
ligand_0.pkl,ligand_2213.pkl,0.0,0.0,0.0,d:\PBCNet2.0\case\proQ\pickles\ligand_0.pkl,d:\PBCNet2.0\case\proQ\pickles\ligand_2213.pkl,0.9701254367828369
ligand_0.pkl,ligand_2214.pkl,0.0,0.0,0.0,d:\PBCNet2.0\case\proQ\pickles\ligand_0.pkl,d:\PBCNet2.0\case\proQ\pickles\ligand_2214.pkl,0.9073132276535034
ligand_0.pkl,ligand_2215.pkl,0.0,0.0,0.0,d:\PBCNet2.0\case\proQ\pickles\ligand_0.pkl,d:\PBCNet2.0\case\proQ\pickles\ligand_2215.pkl,0.9285601377487183
ligand_0.pkl,ligand_2216.pkl,0.0,0.0,0.0,d:\PBCNet2.0\case\proQ\pickles\ligand_0.pkl,d:\PBCNet2.0\case\proQ\pickles\ligand_2216.pkl,0.9331461191177368
ligand_0.pkl,ligand_2217.pkl,0.0,0.0,0.0,d:\PBCNet2.0\case\proQ\pickles\ligand_0.pkl,d:\PBCNet2.0\case\proQ\pickles\ligand_2217.pkl,0.8405202627182007
ligand_0.pkl,ligand_2218.pkl,0.0,0.0,0.0,d:\PBCNet2.0\case\proQ\pickles\ligand_0.pkl,d:\PBCNet2.0\case\proQ\pickles\ligand_2218.pkl,1.065996527671814
ligand_0.pkl,ligand_2219.pkl,0.0,0.0,0.0,d:\PBCNet2.0\case\proQ\pickles\ligand_0.pkl,d:\PBCNet2.0\case\proQ\pickles\ligand_2219.pkl,0.7572349309921265
ligand_0.pkl,ligand_222.pkl,0.0,0.0,0.0,d:\PBCNet2.0\case\proQ\pickles\ligand_0.pkl,d:\PBCNet2.0\case\proQ\pickles\ligand_222.pkl,0.911532998085022
ligand_0.pkl,ligand_2220.pkl,0.0,0.0,0.0,d:\PBCNet2.0\case\proQ\pickles\ligand_0.pkl,d:\PBCNet2.0\case\proQ\pickles\ligand_2220.pkl,0.9740344285964966
ligand_0.pkl,ligand_2221.pkl,0.0,0.0,0.0,d:\PBCNet2.0\case\proQ\pickles\ligand_0.pkl,d:\PBCNet2.0\case\proQ\pickles\ligand_2221.pkl,0.7773218154907227
ligand_0.pkl,ligand_2222.pkl,0.0,0.0,0.0,d:\PBCNet2.0\case\proQ\pickles\ligand_0.pkl,d:\PBCNet2.0\case\proQ\pickles\ligand_2222.pkl,0.914850115776062
ligand_0.pkl,ligand_2223.pkl,0.0,0.0,0.0,d:\PBCNet2.0\case\proQ\pickles\ligand_0.pkl,d:\PBCNet2.0\case\proQ\pickles\ligand_2223.pkl,1.0545085668563843
ligand_0.pkl,ligand_2224.pkl,0.0,0.0,0.0,d:\PBCNet2.0\case\proQ\pickles\ligand_0.pkl,d:\PBCNet2.0\case\proQ\pickles\ligand_2224.pkl,0.992620587348938
ligand_0.pkl,ligand_2225.pkl,0.0,0.0,0.0,d:\PBCNet2.0\case\proQ\pickles\ligand_0.pkl,d:\PBCNet2.0\case\proQ\pickles\ligand_2225.pkl,0.9413019418716431
ligand_0.pkl,ligand_2226.pkl,0.0,0.0,0.0,d:\PBCNet2.0\case\proQ\pickles\ligand_0.pkl,d:\PBCNet2.0\case\proQ\pickles\ligand_2226.pkl,0.9395056962966919
ligand_0.pkl,ligand_2227.pkl,0.0,0.0,0.0,d:\PBCNet2.0\case\proQ\pickles\ligand_0.pkl,d:\PBCNet2.0\case\proQ\pickles\ligand_2227.pkl,1.0739659070968628
ligand_0.pkl,ligand_2228.pkl,0.0,0.0,0.0,d:\PBCNet2.0\case\proQ\pickles\ligand_0.pkl,d:\PBCNet2.0\case\proQ\pickles\ligand_2228.pkl,0.9312200546264648
ligand_0.pkl,ligand_2229.pkl,0.0,0.0,0.0,d:\PBCNet2.0\case\proQ\pickles\ligand_0.pkl,d:\PBCNet2.0\case\proQ\pickles\ligand_2229.pkl,1.0309587717056274
ligand_0.pkl,ligand_223.pkl,0.0,0.0,0.0,d:\PBCNet2.0\case\proQ\pickles\ligand_0.pkl,d:\PBCNet2.0\case\proQ\pickles\ligand_223.pkl,0.8959439992904663
ligand_0.pkl,ligand_2230.pkl,0.0,0.0,0.0,d:\PBCNet2.0\case\proQ\pickles\ligand_0.pkl,d:\PBCNet2.0\case\proQ\pickles\ligand_2230.pkl,0.8282185792922974
ligand_0.pkl,ligand_2231.pkl,0.0,0.0,0.0,d:\PBCNet2.0\case\proQ\pickles\ligand_0.pkl,d:\PBCNet2.0\case\proQ\pickles\ligand_2231.pkl,1.0130027532577515
ligand_0.pkl,ligand_2232.pkl,0.0,0.0,0.0,d:\PBCNet2.0\case\proQ\pickles\ligand_0.pkl,d:\PBCNet2.0\case\proQ\pickles\ligand_2232.pkl,1.025962233543396
ligand_0.pkl,ligand_2233.pkl,0.0,0.0,0.0,d:\PBCNet2.0\case\proQ\pickles\ligand_0.pkl,d:\PBCNet2.0\case\proQ\pickles\ligand_2233.pkl,0.9769847393035889
ligand_0.pkl,ligand_2234.pkl,0.0,0.0,0.0,d:\PBCNet2.0\case\proQ\pickles\ligand_0.pkl,d:\PBCNet2.0\case\proQ\pickles\ligand_2234.pkl,0.9741858243942261
ligand_0.pkl,ligand_2235.pkl,0.0,0.0,0.0,d:\PBCNet2.0\case\proQ\pickles\ligand_0.pkl,d:\PBCNet2.0\case\proQ\pickles\ligand_2235.pkl,0.8974770307540894
ligand_0.pkl,ligand_2236.pkl,0.0,0.0,0.0,d:\PBCNet2.0\case\proQ\pickles\ligand_0.pkl,d:\PBCNet2.0\case\proQ\pickles\ligand_2236.pkl,0.9942793846130371
ligand_0.pkl,ligand_2237.pkl,0.0,0.0,0.0,d:\PBCNet2.0\case\proQ\pickles\ligand_0.pkl,d:\PBCNet2.0\case\proQ\pickles\ligand_2237.pkl,0.9839926958084106
ligand_0.pkl,ligand_2238.pkl,0.0,0.0,0.0,d:\PBCNet2.0\case\proQ\pickles\ligand_0.pkl,d:\PBCNet2.0\case\proQ\pickles\ligand_2238.pkl,0.9021421670913696
ligand_0.pkl,ligand_2239.pkl,0.0,0.0,0.0,d:\PBCNet2.0\case\proQ\pickles\ligand_0.pkl,d:\PBCNet2.0\case\proQ\pickles\ligand_2239.pkl,0.9630094766616821
ligand_0.pkl,ligand_224.pkl,0.0,0.0,0.0,d:\PBCNet2.0\case\proQ\pickles\ligand_0.pkl,d:\PBCNet2.0\case\proQ\pickles\ligand_224.pkl,0.9030426740646362
ligand_0.pkl,ligand_2240.pkl,0.0,0.0,0.0,d:\PBCNet2.0\case\proQ\pickles\ligand_0.pkl,d:\PBCNet2.0\case\proQ\pickles\ligand_2240.pkl,1.0834764242172241
ligand_0.pkl,ligand_2241.pkl,0.0,0.0,0.0,d:\PBCNet2.0\case\proQ\pickles\ligand_0.pkl,d:\PBCNet2.0\case\proQ\pickles\ligand_2241.pkl,0.9338855743408203
ligand_0.pkl,ligand_2242.pkl,0.0,0.0,0.0,d:\PBCNet2.0\case\proQ\pickles\ligand_0.pkl,d:\PBCNet2.0\case\proQ\pickles\ligand_2242.pkl,0.8460692167282104
ligand_0.pkl,ligand_2243.pkl,0.0,0.0,0.0,d:\PBCNet2.0\case\proQ\pickles\ligand_0.pkl,d:\PBCNet2.0\case\proQ\pickles\ligand_2243.pkl,0.8933432102203369
ligand_0.pkl,ligand_2244.pkl,0.0,0.0,0.0,d:\PBCNet2.0\case\proQ\pickles\ligand_0.pkl,d:\PBCNet2.0\case\proQ\pickles\ligand_2244.pkl,0.8863275051116943
ligand_0.pkl,ligand_2245.pkl,0.0,0.0,0.0,d:\PBCNet2.0\case\proQ\pickles\ligand_0.pkl,d:\PBCNet2.0\case\proQ\pickles\ligand_2245.pkl,0.9856868982315063
ligand_0.pkl,ligand_2246.pkl,0.0,0.0,0.0,d:\PBCNet2.0\case\proQ\pickles\ligand_0.pkl,d:\PBCNet2.0\case\proQ\pickles\ligand_2246.pkl,0.8725318908691406
ligand_0.pkl,ligand_2247.pkl,0.0,0.0,0.0,d:\PBCNet2.0\case\proQ\pickles\ligand_0.pkl,d:\PBCNet2.0\case\proQ\pickles\ligand_2247.pkl,0.8954428434371948
ligand_0.pkl,ligand_2248.pkl,0.0,0.0,0.0,d:\PBCNet2.0\case\proQ\pickles\ligand_0.pkl,d:\PBCNet2.0\case\proQ\pickles\ligand_2248.pkl,0.9629765748977661
ligand_0.pkl,ligand_2249.pkl,0.0,0.0,0.0,d:\PBCNet2.0\case\proQ\pickles\ligand_0.pkl,d:\PBCNet2.0\case\proQ\pickles\ligand_2249.pkl,0.743424117565155
ligand_0.pkl,ligand_225.pkl,0.0,0.0,0.0,d:\PBCNet2.0\case\proQ\pickles\ligand_0.pkl,d:\PBCNet2.0\case\proQ\pickles\ligand_225.pkl,0.8358306884765625
ligand_0.pkl,ligand_2250.pkl,0.0,0.0,0.0,d:\PBCNet2.0\case\proQ\pickles\ligand_0.pkl,d:\PBCNet2.0\case\proQ\pickles\ligand_2250.pkl,0.9264291524887085
ligand_0.pkl,ligand_2251.pkl,0.0,0.0,0.0,d:\PBCNet2.0\case\proQ\pickles\ligand_0.pkl,d:\PBCNet2.0\case\proQ\pickles\ligand_2251.pkl,0.9438707828521729
ligand_0.pkl,ligand_2252.pkl,0.0,0.0,0.0,d:\PBCNet2.0\case\proQ\pickles\ligand_0.pkl,d:\PBCNet2.0\case\proQ\pickles\ligand_2252.pkl,0.9607046842575073
ligand_0.pkl,ligand_2253.pkl,0.0,0.0,0.0,d:\PBCNet2.0\case\proQ\pickles\ligand_0.pkl,d:\PBCNet2.0\case\proQ\pickles\ligand_2253.pkl,1.0576447248458862
ligand_0.pkl,ligand_2254.pkl,0.0,0.0,0.0,d:\PBCNet2.0\case\proQ\pickles\ligand_0.pkl,d:\PBCNet2.0\case\proQ\pickles\ligand_2254.pkl,0.9721313714981079
ligand_0.pkl,ligand_2255.pkl,0.0,0.0,0.0,d:\PBCNet2.0\case\proQ\pickles\ligand_0.pkl,d:\PBCNet2.0\case\proQ\pickles\ligand_2255.pkl,0.9387218952178955
ligand_0.pkl,ligand_2256.pkl,0.0,0.0,0.0,d:\PBCNet2.0\case\proQ\pickles\ligand_0.pkl,d:\PBCNet2.0\case\proQ\pickles\ligand_2256.pkl,0.8858023881912231
ligand_0.pkl,ligand_2257.pkl,0.0,0.0,0.0,d:\PBCNet2.0\case\proQ\pickles\ligand_0.pkl,d:\PBCNet2.0\case\proQ\pickles\ligand_2257.pkl,1.0062285661697388
ligand_0.pkl,ligand_2258.pkl,0.0,0.0,0.0,d:\PBCNet2.0\case\proQ\pickles\ligand_0.pkl,d:\PBCNet2.0\case\proQ\pickles\ligand_2258.pkl,0.8819457292556763
ligand_0.pkl,ligand_2259.pkl,0.0,0.0,0.0,d:\PBCNet2.0\case\proQ\pickles\ligand_0.pkl,d:\PBCNet2.0\case\proQ\pickles\ligand_2259.pkl,0.9774988889694214
ligand_0.pkl,ligand_226.pkl,0.0,0.0,0.0,d:\PBCNet2.0\case\proQ\pickles\ligand_0.pkl,d:\PBCNet2.0\case\proQ\pickles\ligand_226.pkl,0.9442170858383179
ligand_0.pkl,ligand_2260.pkl,0.0,0.0,0.0,d:\PBCNet2.0\case\proQ\pickles\ligand_0.pkl,d:\PBCNet2.0\case\proQ\pickles\ligand_2260.pkl,0.8555834889411926
ligand_0.pkl,ligand_2261.pkl,0.0,0.0,0.0,d:\PBCNet2.0\case\proQ\pickles\ligand_0.pkl,d:\PBCNet2.0\case\proQ\pickles\ligand_2261.pkl,0.9801977872848511
ligand_0.pkl,ligand_2262.pkl,0.0,0.0,0.0,d:\PBCNet2.0\case\proQ\pickles\ligand_0.pkl,d:\PBCNet2.0\case\proQ\pickles\ligand_2262.pkl,0.8922271728515625
ligand_0.pkl,ligand_2263.pkl,0.0,0.0,0.0,d:\PBCNet2.0\case\proQ\pickles\ligand_0.pkl,d:\PBCNet2.0\case\proQ\pickles\ligand_2263.pkl,0.9582139253616333
ligand_0.pkl,ligand_2264.pkl,0.0,0.0,0.0,d:\PBCNet2.0\case\proQ\pickles\ligand_0.pkl,d:\PBCNet2.0\case\proQ\pickles\ligand_2264.pkl,1.0662471055984497
ligand_0.pkl,ligand_2265.pkl,0.0,0.0,0.0,d:\PBCNet2.0\case\proQ\pickles\ligand_0.pkl,d:\PBCNet2.0\case\proQ\pickles\ligand_2265.pkl,0.9896906614303589
ligand_0.pkl,ligand_2266.pkl,0.0,0.0,0.0,d:\PBCNet2.0\case\proQ\pickles\ligand_0.pkl,d:\PBCNet2.0\case\proQ\pickles\ligand_2266.pkl,0.9331576824188232
ligand_0.pkl,ligand_2267.pkl,0.0,0.0,0.0,d:\PBCNet2.0\case\proQ\pickles\ligand_0.pkl,d:\PBCNet2.0\case\proQ\pickles\ligand_2267.pkl,0.9890174865722656
ligand_0.pkl,ligand_2268.pkl,0.0,0.0,0.0,d:\PBCNet2.0\case\proQ\pickles\ligand_0.pkl,d:\PBCNet2.0\case\proQ\pickles\ligand_2268.pkl,0.7311925888061523
ligand_0.pkl,ligand_2269.pkl,0.0,0.0,0.0,d:\PBCNet2.0\case\proQ\pickles\ligand_0.pkl,d:\PBCNet2.0\case\proQ\pickles\ligand_2269.pkl,0.9322880506515503
ligand_0.pkl,ligand_227.pkl,0.0,0.0,0.0,d:\PBCNet2.0\case\proQ\pickles\ligand_0.pkl,d:\PBCNet2.0\case\proQ\pickles\ligand_227.pkl,1.0386183261871338
ligand_0.pkl,ligand_2270.pkl,0.0,0.0,0.0,d:\PBCNet2.0\case\proQ\pickles\ligand_0.pkl,d:\PBCNet2.0\case\proQ\pickles\ligand_2270.pkl,0.8222095966339111
ligand_0.pkl,ligand_2271.pkl,0.0,0.0,0.0,d:\PBCNet2.0\case\proQ\pickles\ligand_0.pkl,d:\PBCNet2.0\case\proQ\pickles\ligand_2271.pkl,0.9606648683547974
ligand_0.pkl,ligand_2272.pkl,0.0,0.0,0.0,d:\PBCNet2.0\case\proQ\pickles\ligand_0.pkl,d:\PBCNet2.0\case\proQ\pickles\ligand_2272.pkl,0.8889512419700623
ligand_0.pkl,ligand_2273.pkl,0.0,0.0,0.0,d:\PBCNet2.0\case\proQ\pickles\ligand_0.pkl,d:\PBCNet2.0\case\proQ\pickles\ligand_2273.pkl,0.9314309358596802
ligand_0.pkl,ligand_2274.pkl,0.0,0.0,0.0,d:\PBCNet2.0\case\proQ\pickles\ligand_0.pkl,d:\PBCNet2.0\case\proQ\pickles\ligand_2274.pkl,1.1243478059768677
ligand_0.pkl,ligand_2275.pkl,0.0,0.0,0.0,d:\PBCNet2.0\case\proQ\pickles\ligand_0.pkl,d:\PBCNet2.0\case\proQ\pickles\ligand_2275.pkl,0.9886859655380249
ligand_0.pkl,ligand_2276.pkl,0.0,0.0,0.0,d:\PBCNet2.0\case\proQ\pickles\ligand_0.pkl,d:\PBCNet2.0\case\proQ\pickles\ligand_2276.pkl,0.9152922630310059
ligand_0.pkl,ligand_2277.pkl,0.0,0.0,0.0,d:\PBCNet2.0\case\proQ\pickles\ligand_0.pkl,d:\PBCNet2.0\case\proQ\pickles\ligand_2277.pkl,0.8509982824325562
ligand_0.pkl,ligand_2278.pkl,0.0,0.0,0.0,d:\PBCNet2.0\case\proQ\pickles\ligand_0.pkl,d:\PBCNet2.0\case\proQ\pickles\ligand_2278.pkl,0.9342714548110962
ligand_0.pkl,ligand_2279.pkl,0.0,0.0,0.0,d:\PBCNet2.0\case\proQ\pickles\ligand_0.pkl,d:\PBCNet2.0\case\proQ\pickles\ligand_2279.pkl,0.9960905313491821
ligand_0.pkl,ligand_228.pkl,0.0,0.0,0.0,d:\PBCNet2.0\case\proQ\pickles\ligand_0.pkl,d:\PBCNet2.0\case\proQ\pickles\ligand_228.pkl,0.9223328828811646
ligand_0.pkl,ligand_2280.pkl,0.0,0.0,0.0,d:\PBCNet2.0\case\proQ\pickles\ligand_0.pkl,d:\PBCNet2.0\case\proQ\pickles\ligand_2280.pkl,0.8509477972984314
ligand_0.pkl,ligand_2281.pkl,0.0,0.0,0.0,d:\PBCNet2.0\case\proQ\pickles\ligand_0.pkl,d:\PBCNet2.0\case\proQ\pickles\ligand_2281.pkl,0.8132520914077759
ligand_0.pkl,ligand_2282.pkl,0.0,0.0,0.0,d:\PBCNet2.0\case\proQ\pickles\ligand_0.pkl,d:\PBCNet2.0\case\proQ\pickles\ligand_2282.pkl,0.9152768850326538
ligand_0.pkl,ligand_2283.pkl,0.0,0.0,0.0,d:\PBCNet2.0\case\proQ\pickles\ligand_0.pkl,d:\PBCNet2.0\case\proQ\pickles\ligand_2283.pkl,1.0079447031021118
ligand_0.pkl,ligand_2284.pkl,0.0,0.0,0.0,d:\PBCNet2.0\case\proQ\pickles\ligand_0.pkl,d:\PBCNet2.0\case\proQ\pickles\ligand_2284.pkl,1.1662675142288208
ligand_0.pkl,ligand_2285.pkl,0.0,0.0,0.0,d:\PBCNet2.0\case\proQ\pickles\ligand_0.pkl,d:\PBCNet2.0\case\proQ\pickles\ligand_2285.pkl,0.9346377849578857
ligand_0.pkl,ligand_2286.pkl,0.0,0.0,0.0,d:\PBCNet2.0\case\proQ\pickles\ligand_0.pkl,d:\PBCNet2.0\case\proQ\pickles\ligand_2286.pkl,0.9064875841140747
ligand_0.pkl,ligand_2287.pkl,0.0,0.0,0.0,d:\PBCNet2.0\case\proQ\pickles\ligand_0.pkl,d:\PBCNet2.0\case\proQ\pickles\ligand_2287.pkl,1.0851246118545532
ligand_0.pkl,ligand_2288.pkl,0.0,0.0,0.0,d:\PBCNet2.0\case\proQ\pickles\ligand_0.pkl,d:\PBCNet2.0\case\proQ\pickles\ligand_2288.pkl,0.9111920595169067
ligand_0.pkl,ligand_2289.pkl,0.0,0.0,0.0,d:\PBCNet2.0\case\proQ\pickles\ligand_0.pkl,d:\PBCNet2.0\case\proQ\pickles\ligand_2289.pkl,0.8711290955543518
ligand_0.pkl,ligand_229.pkl,0.0,0.0,0.0,d:\PBCNet2.0\case\proQ\pickles\ligand_0.pkl,d:\PBCNet2.0\case\proQ\pickles\ligand_229.pkl,0.9196910858154297
ligand_0.pkl,ligand_2290.pkl,0.0,0.0,0.0,d:\PBCNet2.0\case\proQ\pickles\ligand_0.pkl,d:\PBCNet2.0\case\proQ\pickles\ligand_2290.pkl,1.0266972780227661
ligand_0.pkl,ligand_2291.pkl,0.0,0.0,0.0,d:\PBCNet2.0\case\proQ\pickles\ligand_0.pkl,d:\PBCNet2.0\case\proQ\pickles\ligand_2291.pkl,0.9212077856063843
ligand_0.pkl,ligand_2292.pkl,0.0,0.0,0.0,d:\PBCNet2.0\case\proQ\pickles\ligand_0.pkl,d:\PBCNet2.0\case\proQ\pickles\ligand_2292.pkl,1.0040189027786255
ligand_0.pkl,ligand_2293.pkl,0.0,0.0,0.0,d:\PBCNet2.0\case\proQ\pickles\ligand_0.pkl,d:\PBCNet2.0\case\proQ\pickles\ligand_2293.pkl,0.9180635213851929
ligand_0.pkl,ligand_2294.pkl,0.0,0.0,0.0,d:\PBCNet2.0\case\proQ\pickles\ligand_0.pkl,d:\PBCNet2.0\case\proQ\pickles\ligand_2294.pkl,0.9792197942733765
ligand_0.pkl,ligand_2295.pkl,0.0,0.0,0.0,d:\PBCNet2.0\case\proQ\pickles\ligand_0.pkl,d:\PBCNet2.0\case\proQ\pickles\ligand_2295.pkl,0.9137967824935913
ligand_0.pkl,ligand_2296.pkl,0.0,0.0,0.0,d:\PBCNet2.0\case\proQ\pickles\ligand_0.pkl,d:\PBCNet2.0\case\proQ\pickles\ligand_2296.pkl,0.855472207069397
ligand_0.pkl,ligand_2297.pkl,0.0,0.0,0.0,d:\PBCNet2.0\case\proQ\pickles\ligand_0.pkl,d:\PBCNet2.0\case\proQ\pickles\ligand_2297.pkl,0.9228792190551758
ligand_0.pkl,ligand_2298.pkl,0.0,0.0,0.0,d:\PBCNet2.0\case\proQ\pickles\ligand_0.pkl,d:\PBCNet2.0\case\proQ\pickles\ligand_2298.pkl,0.819149911403656
ligand_0.pkl,ligand_2299.pkl,0.0,0.0,0.0,d:\PBCNet2.0\case\proQ\pickles\ligand_0.pkl,d:\PBCNet2.0\case\proQ\pickles\ligand_2299.pkl,0.8586591482162476
ligand_0.pkl,ligand_23.pkl,0.0,0.0,0.0,d:\PBCNet2.0\case\proQ\pickles\ligand_0.pkl,d:\PBCNet2.0\case\proQ\pickles\ligand_23.pkl,0.9506899118423462
ligand_0.pkl,ligand_230.pkl,0.0,0.0,0.0,d:\PBCNet2.0\case\proQ\pickles\ligand_0.pkl,d:\PBCNet2.0\case\proQ\pickles\ligand_230.pkl,0.9038394689559937
ligand_0.pkl,ligand_2300.pkl,0.0,0.0,0.0,d:\PBCNet2.0\case\proQ\pickles\ligand_0.pkl,d:\PBCNet2.0\case\proQ\pickles\ligand_2300.pkl,1.1102696657180786
ligand_0.pkl,ligand_2301.pkl,0.0,0.0,0.0,d:\PBCNet2.0\case\proQ\pickles\ligand_0.pkl,d:\PBCNet2.0\case\proQ\pickles\ligand_2301.pkl,0.9060271978378296
ligand_0.pkl,ligand_2302.pkl,0.0,0.0,0.0,d:\PBCNet2.0\case\proQ\pickles\ligand_0.pkl,d:\PBCNet2.0\case\proQ\pickles\ligand_2302.pkl,0.9135249853134155
ligand_0.pkl,ligand_2303.pkl,0.0,0.0,0.0,d:\PBCNet2.0\case\proQ\pickles\ligand_0.pkl,d:\PBCNet2.0\case\proQ\pickles\ligand_2303.pkl,1.013373613357544
ligand_0.pkl,ligand_2304.pkl,0.0,0.0,0.0,d:\PBCNet2.0\case\proQ\pickles\ligand_0.pkl,d:\PBCNet2.0\case\proQ\pickles\ligand_2304.pkl,0.8954534530639648
ligand_0.pkl,ligand_2305.pkl,0.0,0.0,0.0,d:\PBCNet2.0\case\proQ\pickles\ligand_0.pkl,d:\PBCNet2.0\case\proQ\pickles\ligand_2305.pkl,0.9857525825500488
ligand_0.pkl,ligand_2306.pkl,0.0,0.0,0.0,d:\PBCNet2.0\case\proQ\pickles\ligand_0.pkl,d:\PBCNet2.0\case\proQ\pickles\ligand_2306.pkl,0.921036958694458
ligand_0.pkl,ligand_2307.pkl,0.0,0.0,0.0,d:\PBCNet2.0\case\proQ\pickles\ligand_0.pkl,d:\PBCNet2.0\case\proQ\pickles\ligand_2307.pkl,0.9790552854537964
ligand_0.pkl,ligand_2308.pkl,0.0,0.0,0.0,d:\PBCNet2.0\case\proQ\pickles\ligand_0.pkl,d:\PBCNet2.0\case\proQ\pickles\ligand_2308.pkl,0.9254496097564697
ligand_0.pkl,ligand_2309.pkl,0.0,0.0,0.0,d:\PBCNet2.0\case\proQ\pickles\ligand_0.pkl,d:\PBCNet2.0\case\proQ\pickles\ligand_2309.pkl,0.8537605404853821
ligand_0.pkl,ligand_231.pkl,0.0,0.0,0.0,d:\PBCNet2.0\case\proQ\pickles\ligand_0.pkl,d:\PBCNet2.0\case\proQ\pickles\ligand_231.pkl,0.9469412565231323
ligand_0.pkl,ligand_2310.pkl,0.0,0.0,0.0,d:\PBCNet2.0\case\proQ\pickles\ligand_0.pkl,d:\PBCNet2.0\case\proQ\pickles\ligand_2310.pkl,1.0389424562454224
ligand_0.pkl,ligand_2311.pkl,0.0,0.0,0.0,d:\PBCNet2.0\case\proQ\pickles\ligand_0.pkl,d:\PBCNet2.0\case\proQ\pickles\ligand_2311.pkl,0.9696000814437866
ligand_0.pkl,ligand_2312.pkl,0.0,0.0,0.0,d:\PBCNet2.0\case\proQ\pickles\ligand_0.pkl,d:\PBCNet2.0\case\proQ\pickles\ligand_2312.pkl,0.8717473149299622
ligand_0.pkl,ligand_2313.pkl,0.0,0.0,0.0,d:\PBCNet2.0\case\proQ\pickles\ligand_0.pkl,d:\PBCNet2.0\case\proQ\pickles\ligand_2313.pkl,0.9203673601150513
ligand_0.pkl,ligand_2314.pkl,0.0,0.0,0.0,d:\PBCNet2.0\case\proQ\pickles\ligand_0.pkl,d:\PBCNet2.0\case\proQ\pickles\ligand_2314.pkl,0.8768526315689087
ligand_0.pkl,ligand_2315.pkl,0.0,0.0,0.0,d:\PBCNet2.0\case\proQ\pickles\ligand_0.pkl,d:\PBCNet2.0\case\proQ\pickles\ligand_2315.pkl,0.8549799919128418
ligand_0.pkl,ligand_2316.pkl,0.0,0.0,0.0,d:\PBCNet2.0\case\proQ\pickles\ligand_0.pkl,d:\PBCNet2.0\case\proQ\pickles\ligand_2316.pkl,0.9343489408493042
ligand_0.pkl,ligand_2317.pkl,0.0,0.0,0.0,d:\PBCNet2.0\case\proQ\pickles\ligand_0.pkl,d:\PBCNet2.0\case\proQ\pickles\ligand_2317.pkl,0.9263397455215454
ligand_0.pkl,ligand_2318.pkl,0.0,0.0,0.0,d:\PBCNet2.0\case\proQ\pickles\ligand_0.pkl,d:\PBCNet2.0\case\proQ\pickles\ligand_2318.pkl,0.9397422075271606
ligand_0.pkl,ligand_2319.pkl,0.0,0.0,0.0,d:\PBCNet2.0\case\proQ\pickles\ligand_0.pkl,d:\PBCNet2.0\case\proQ\pickles\ligand_2319.pkl,0.9300416707992554
ligand_0.pkl,ligand_232.pkl,0.0,0.0,0.0,d:\PBCNet2.0\case\proQ\pickles\ligand_0.pkl,d:\PBCNet2.0\case\proQ\pickles\ligand_232.pkl,0.9088257551193237
ligand_0.pkl,ligand_2320.pkl,0.0,0.0,0.0,d:\PBCNet2.0\case\proQ\pickles\ligand_0.pkl,d:\PBCNet2.0\case\proQ\pickles\ligand_2320.pkl,0.883226215839386
ligand_0.pkl,ligand_2321.pkl,0.0,0.0,0.0,d:\PBCNet2.0\case\proQ\pickles\ligand_0.pkl,d:\PBCNet2.0\case\proQ\pickles\ligand_2321.pkl,0.8406063318252563
ligand_0.pkl,ligand_2322.pkl,0.0,0.0,0.0,d:\PBCNet2.0\case\proQ\pickles\ligand_0.pkl,d:\PBCNet2.0\case\proQ\pickles\ligand_2322.pkl,0.7181190252304077
ligand_0.pkl,ligand_2323.pkl,0.0,0.0,0.0,d:\PBCNet2.0\case\proQ\pickles\ligand_0.pkl,d:\PBCNet2.0\case\proQ\pickles\ligand_2323.pkl,0.9665399789810181
ligand_0.pkl,ligand_2324.pkl,0.0,0.0,0.0,d:\PBCNet2.0\case\proQ\pickles\ligand_0.pkl,d:\PBCNet2.0\case\proQ\pickles\ligand_2324.pkl,0.8991425037384033
ligand_0.pkl,ligand_2325.pkl,0.0,0.0,0.0,d:\PBCNet2.0\case\proQ\pickles\ligand_0.pkl,d:\PBCNet2.0\case\proQ\pickles\ligand_2325.pkl,0.9359042644500732
ligand_0.pkl,ligand_2326.pkl,0.0,0.0,0.0,d:\PBCNet2.0\case\proQ\pickles\ligand_0.pkl,d:\PBCNet2.0\case\proQ\pickles\ligand_2326.pkl,0.9598246812820435
ligand_0.pkl,ligand_2327.pkl,0.0,0.0,0.0,d:\PBCNet2.0\case\proQ\pickles\ligand_0.pkl,d:\PBCNet2.0\case\proQ\pickles\ligand_2327.pkl,0.7140153646469116
ligand_0.pkl,ligand_2328.pkl,0.0,0.0,0.0,d:\PBCNet2.0\case\proQ\pickles\ligand_0.pkl,d:\PBCNet2.0\case\proQ\pickles\ligand_2328.pkl,0.9030474424362183
ligand_0.pkl,ligand_2329.pkl,0.0,0.0,0.0,d:\PBCNet2.0\case\proQ\pickles\ligand_0.pkl,d:\PBCNet2.0\case\proQ\pickles\ligand_2329.pkl,0.9854460954666138
ligand_0.pkl,ligand_233.pkl,0.0,0.0,0.0,d:\PBCNet2.0\case\proQ\pickles\ligand_0.pkl,d:\PBCNet2.0\case\proQ\pickles\ligand_233.pkl,0.8683273792266846
ligand_0.pkl,ligand_2330.pkl,0.0,0.0,0.0,d:\PBCNet2.0\case\proQ\pickles\ligand_0.pkl,d:\PBCNet2.0\case\proQ\pickles\ligand_2330.pkl,1.0751649141311646
ligand_0.pkl,ligand_2331.pkl,0.0,0.0,0.0,d:\PBCNet2.0\case\proQ\pickles\ligand_0.pkl,d:\PBCNet2.0\case\proQ\pickles\ligand_2331.pkl,0.9434856176376343
ligand_0.pkl,ligand_2332.pkl,0.0,0.0,0.0,d:\PBCNet2.0\case\proQ\pickles\ligand_0.pkl,d:\PBCNet2.0\case\proQ\pickles\ligand_2332.pkl,0.8869337439537048
ligand_0.pkl,ligand_2333.pkl,0.0,0.0,0.0,d:\PBCNet2.0\case\proQ\pickles\ligand_0.pkl,d:\PBCNet2.0\case\proQ\pickles\ligand_2333.pkl,0.7672564387321472
ligand_0.pkl,ligand_2334.pkl,0.0,0.0,0.0,d:\PBCNet2.0\case\proQ\pickles\ligand_0.pkl,d:\PBCNet2.0\case\proQ\pickles\ligand_2334.pkl,0.9524058103561401
ligand_0.pkl,ligand_2335.pkl,0.0,0.0,0.0,d:\PBCNet2.0\case\proQ\pickles\ligand_0.pkl,d:\PBCNet2.0\case\proQ\pickles\ligand_2335.pkl,1.114713430404663
ligand_0.pkl,ligand_2336.pkl,0.0,0.0,0.0,d:\PBCNet2.0\case\proQ\pickles\ligand_0.pkl,d:\PBCNet2.0\case\proQ\pickles\ligand_2336.pkl,0.8929706811904907
ligand_0.pkl,ligand_2337.pkl,0.0,0.0,0.0,d:\PBCNet2.0\case\proQ\pickles\ligand_0.pkl,d:\PBCNet2.0\case\proQ\pickles\ligand_2337.pkl,0.8966621160507202
ligand_0.pkl,ligand_2338.pkl,0.0,0.0,0.0,d:\PBCNet2.0\case\proQ\pickles\ligand_0.pkl,d:\PBCNet2.0\case\proQ\pickles\ligand_2338.pkl,1.0459482669830322
ligand_0.pkl,ligand_2339.pkl,0.0,0.0,0.0,d:\PBCNet2.0\case\proQ\pickles\ligand_0.pkl,d:\PBCNet2.0\case\proQ\pickles\ligand_2339.pkl,1.0509812831878662
ligand_0.pkl,ligand_234.pkl,0.0,0.0,0.0,d:\PBCNet2.0\case\proQ\pickles\ligand_0.pkl,d:\PBCNet2.0\case\proQ\pickles\ligand_234.pkl,0.9003793001174927
ligand_0.pkl,ligand_2340.pkl,0.0,0.0,0.0,d:\PBCNet2.0\case\proQ\pickles\ligand_0.pkl,d:\PBCNet2.0\case\proQ\pickles\ligand_2340.pkl,0.8764833807945251
ligand_0.pkl,ligand_2341.pkl,0.0,0.0,0.0,d:\PBCNet2.0\case\proQ\pickles\ligand_0.pkl,d:\PBCNet2.0\case\proQ\pickles\ligand_2341.pkl,0.8898519277572632
ligand_0.pkl,ligand_2342.pkl,0.0,0.0,0.0,d:\PBCNet2.0\case\proQ\pickles\ligand_0.pkl,d:\PBCNet2.0\case\proQ\pickles\ligand_2342.pkl,0.8779736757278442
ligand_0.pkl,ligand_2343.pkl,0.0,0.0,0.0,d:\PBCNet2.0\case\proQ\pickles\ligand_0.pkl,d:\PBCNet2.0\case\proQ\pickles\ligand_2343.pkl,1.0735057592391968
ligand_0.pkl,ligand_2344.pkl,0.0,0.0,0.0,d:\PBCNet2.0\case\proQ\pickles\ligand_0.pkl,d:\PBCNet2.0\case\proQ\pickles\ligand_2344.pkl,0.7924901247024536
ligand_0.pkl,ligand_2345.pkl,0.0,0.0,0.0,d:\PBCNet2.0\case\proQ\pickles\ligand_0.pkl,d:\PBCNet2.0\case\proQ\pickles\ligand_2345.pkl,0.9734998941421509
ligand_0.pkl,ligand_2346.pkl,0.0,0.0,0.0,d:\PBCNet2.0\case\proQ\pickles\ligand_0.pkl,d:\PBCNet2.0\case\proQ\pickles\ligand_2346.pkl,0.9749964475631714
ligand_0.pkl,ligand_2347.pkl,0.0,0.0,0.0,d:\PBCNet2.0\case\proQ\pickles\ligand_0.pkl,d:\PBCNet2.0\case\proQ\pickles\ligand_2347.pkl,0.9527515172958374
ligand_0.pkl,ligand_2348.pkl,0.0,0.0,0.0,d:\PBCNet2.0\case\proQ\pickles\ligand_0.pkl,d:\PBCNet2.0\case\proQ\pickles\ligand_2348.pkl,0.9425104856491089
ligand_0.pkl,ligand_2349.pkl,0.0,0.0,0.0,d:\PBCNet2.0\case\proQ\pickles\ligand_0.pkl,d:\PBCNet2.0\case\proQ\pickles\ligand_2349.pkl,0.9199855327606201
ligand_0.pkl,ligand_235.pkl,0.0,0.0,0.0,d:\PBCNet2.0\case\proQ\pickles\ligand_0.pkl,d:\PBCNet2.0\case\proQ\pickles\ligand_235.pkl,0.8409916758537292
ligand_0.pkl,ligand_2350.pkl,0.0,0.0,0.0,d:\PBCNet2.0\case\proQ\pickles\ligand_0.pkl,d:\PBCNet2.0\case\proQ\pickles\ligand_2350.pkl,0.7767783403396606
ligand_0.pkl,ligand_2351.pkl,0.0,0.0,0.0,d:\PBCNet2.0\case\proQ\pickles\ligand_0.pkl,d:\PBCNet2.0\case\proQ\pickles\ligand_2351.pkl,0.9187408685684204
ligand_0.pkl,ligand_2352.pkl,0.0,0.0,0.0,d:\PBCNet2.0\case\proQ\pickles\ligand_0.pkl,d:\PBCNet2.0\case\proQ\pickles\ligand_2352.pkl,0.8223742842674255
ligand_0.pkl,ligand_2353.pkl,0.0,0.0,0.0,d:\PBCNet2.0\case\proQ\pickles\ligand_0.pkl,d:\PBCNet2.0\case\proQ\pickles\ligand_2353.pkl,0.9752033948898315
ligand_0.pkl,ligand_2354.pkl,0.0,0.0,0.0,d:\PBCNet2.0\case\proQ\pickles\ligand_0.pkl,d:\PBCNet2.0\case\proQ\pickles\ligand_2354.pkl,1.0776597261428833
ligand_0.pkl,ligand_2355.pkl,0.0,0.0,0.0,d:\PBCNet2.0\case\proQ\pickles\ligand_0.pkl,d:\PBCNet2.0\case\proQ\pickles\ligand_2355.pkl,0.9331854581832886
ligand_0.pkl,ligand_2356.pkl,0.0,0.0,0.0,d:\PBCNet2.0\case\proQ\pickles\ligand_0.pkl,d:\PBCNet2.0\case\proQ\pickles\ligand_2356.pkl,0.9080575704574585
ligand_0.pkl,ligand_2357.pkl,0.0,0.0,0.0,d:\PBCNet2.0\case\proQ\pickles\ligand_0.pkl,d:\PBCNet2.0\case\proQ\pickles\ligand_2357.pkl,0.9400253295898438
ligand_0.pkl,ligand_2358.pkl,0.0,0.0,0.0,d:\PBCNet2.0\case\proQ\pickles\ligand_0.pkl,d:\PBCNet2.0\case\proQ\pickles\ligand_2358.pkl,0.8906942009925842
ligand_0.pkl,ligand_2359.pkl,0.0,0.0,0.0,d:\PBCNet2.0\case\proQ\pickles\ligand_0.pkl,d:\PBCNet2.0\case\proQ\pickles\ligand_2359.pkl,1.0596050024032593
ligand_0.pkl,ligand_236.pkl,0.0,0.0,0.0,d:\PBCNet2.0\case\proQ\pickles\ligand_0.pkl,d:\PBCNet2.0\case\proQ\pickles\ligand_236.pkl,0.8796096444129944
ligand_0.pkl,ligand_2360.pkl,0.0,0.0,0.0,d:\PBCNet2.0\case\proQ\pickles\ligand_0.pkl,d:\PBCNet2.0\case\proQ\pickles\ligand_2360.pkl,0.8375908136367798
ligand_0.pkl,ligand_2361.pkl,0.0,0.0,0.0,d:\PBCNet2.0\case\proQ\pickles\ligand_0.pkl,d:\PBCNet2.0\case\proQ\pickles\ligand_2361.pkl,0.8934394717216492
ligand_0.pkl,ligand_2362.pkl,0.0,0.0,0.0,d:\PBCNet2.0\case\proQ\pickles\ligand_0.pkl,d:\PBCNet2.0\case\proQ\pickles\ligand_2362.pkl,0.9488979578018188
ligand_0.pkl,ligand_2363.pkl,0.0,0.0,0.0,d:\PBCNet2.0\case\proQ\pickles\ligand_0.pkl,d:\PBCNet2.0\case\proQ\pickles\ligand_2363.pkl,1.0358319282531738
ligand_0.pkl,ligand_2364.pkl,0.0,0.0,0.0,d:\PBCNet2.0\case\proQ\pickles\ligand_0.pkl,d:\PBCNet2.0\case\proQ\pickles\ligand_2364.pkl,1.0197101831436157
ligand_0.pkl,ligand_2365.pkl,0.0,0.0,0.0,d:\PBCNet2.0\case\proQ\pickles\ligand_0.pkl,d:\PBCNet2.0\case\proQ\pickles\ligand_2365.pkl,1.0171173810958862
ligand_0.pkl,ligand_2366.pkl,0.0,0.0,0.0,d:\PBCNet2.0\case\proQ\pickles\ligand_0.pkl,d:\PBCNet2.0\case\proQ\pickles\ligand_2366.pkl,0.9918855428695679
ligand_0.pkl,ligand_2367.pkl,0.0,0.0,0.0,d:\PBCNet2.0\case\proQ\pickles\ligand_0.pkl,d:\PBCNet2.0\case\proQ\pickles\ligand_2367.pkl,0.8776254653930664
ligand_0.pkl,ligand_2368.pkl,0.0,0.0,0.0,d:\PBCNet2.0\case\proQ\pickles\ligand_0.pkl,d:\PBCNet2.0\case\proQ\pickles\ligand_2368.pkl,0.9342622756958008
ligand_0.pkl,ligand_2369.pkl,0.0,0.0,0.0,d:\PBCNet2.0\case\proQ\pickles\ligand_0.pkl,d:\PBCNet2.0\case\proQ\pickles\ligand_2369.pkl,0.8747140169143677
ligand_0.pkl,ligand_237.pkl,0.0,0.0,0.0,d:\PBCNet2.0\case\proQ\pickles\ligand_0.pkl,d:\PBCNet2.0\case\proQ\pickles\ligand_237.pkl,0.9336243867874146
ligand_0.pkl,ligand_2370.pkl,0.0,0.0,0.0,d:\PBCNet2.0\case\proQ\pickles\ligand_0.pkl,d:\PBCNet2.0\case\proQ\pickles\ligand_2370.pkl,0.9291712045669556
ligand_0.pkl,ligand_2371.pkl,0.0,0.0,0.0,d:\PBCNet2.0\case\proQ\pickles\ligand_0.pkl,d:\PBCNet2.0\case\proQ\pickles\ligand_2371.pkl,0.9502605199813843
ligand_0.pkl,ligand_2372.pkl,0.0,0.0,0.0,d:\PBCNet2.0\case\proQ\pickles\ligand_0.pkl,d:\PBCNet2.0\case\proQ\pickles\ligand_2372.pkl,1.0121716260910034
ligand_0.pkl,ligand_2373.pkl,0.0,0.0,0.0,d:\PBCNet2.0\case\proQ\pickles\ligand_0.pkl,d:\PBCNet2.0\case\proQ\pickles\ligand_2373.pkl,0.9351086616516113
ligand_0.pkl,ligand_2374.pkl,0.0,0.0,0.0,d:\PBCNet2.0\case\proQ\pickles\ligand_0.pkl,d:\PBCNet2.0\case\proQ\pickles\ligand_2374.pkl,1.1558051109313965
ligand_0.pkl,ligand_2375.pkl,0.0,0.0,0.0,d:\PBCNet2.0\case\proQ\pickles\ligand_0.pkl,d:\PBCNet2.0\case\proQ\pickles\ligand_2375.pkl,0.9070124626159668
ligand_0.pkl,ligand_2376.pkl,0.0,0.0,0.0,d:\PBCNet2.0\case\proQ\pickles\ligand_0.pkl,d:\PBCNet2.0\case\proQ\pickles\ligand_2376.pkl,0.9125605821609497
ligand_0.pkl,ligand_2377.pkl,0.0,0.0,0.0,d:\PBCNet2.0\case\proQ\pickles\ligand_0.pkl,d:\PBCNet2.0\case\proQ\pickles\ligand_2377.pkl,0.9383920431137085
ligand_0.pkl,ligand_2378.pkl,0.0,0.0,0.0,d:\PBCNet2.0\case\proQ\pickles\ligand_0.pkl,d:\PBCNet2.0\case\proQ\pickles\ligand_2378.pkl,0.6895879507064819
ligand_0.pkl,ligand_2379.pkl,0.0,0.0,0.0,d:\PBCNet2.0\case\proQ\pickles\ligand_0.pkl,d:\PBCNet2.0\case\proQ\pickles\ligand_2379.pkl,0.9545683860778809
ligand_0.pkl,ligand_238.pkl,0.0,0.0,0.0,d:\PBCNet2.0\case\proQ\pickles\ligand_0.pkl,d:\PBCNet2.0\case\proQ\pickles\ligand_238.pkl,0.8803520202636719
ligand_0.pkl,ligand_2380.pkl,0.0,0.0,0.0,d:\PBCNet2.0\case\proQ\pickles\ligand_0.pkl,d:\PBCNet2.0\case\proQ\pickles\ligand_2380.pkl,0.867176353931427
ligand_0.pkl,ligand_2381.pkl,0.0,0.0,0.0,d:\PBCNet2.0\case\proQ\pickles\ligand_0.pkl,d:\PBCNet2.0\case\proQ\pickles\ligand_2381.pkl,0.9546808004379272
ligand_0.pkl,ligand_2382.pkl,0.0,0.0,0.0,d:\PBCNet2.0\case\proQ\pickles\ligand_0.pkl,d:\PBCNet2.0\case\proQ\pickles\ligand_2382.pkl,0.9742624759674072
ligand_0.pkl,ligand_2383.pkl,0.0,0.0,0.0,d:\PBCNet2.0\case\proQ\pickles\ligand_0.pkl,d:\PBCNet2.0\case\proQ\pickles\ligand_2383.pkl,0.8199574947357178
ligand_0.pkl,ligand_2384.pkl,0.0,0.0,0.0,d:\PBCNet2.0\case\proQ\pickles\ligand_0.pkl,d:\PBCNet2.0\case\proQ\pickles\ligand_2384.pkl,0.9393923282623291
ligand_0.pkl,ligand_2385.pkl,0.0,0.0,0.0,d:\PBCNet2.0\case\proQ\pickles\ligand_0.pkl,d:\PBCNet2.0\case\proQ\pickles\ligand_2385.pkl,0.9225870370864868
ligand_0.pkl,ligand_2386.pkl,0.0,0.0,0.0,d:\PBCNet2.0\case\proQ\pickles\ligand_0.pkl,d:\PBCNet2.0\case\proQ\pickles\ligand_2386.pkl,0.901603102684021
ligand_0.pkl,ligand_2388.pkl,0.0,0.0,0.0,d:\PBCNet2.0\case\proQ\pickles\ligand_0.pkl,d:\PBCNet2.0\case\proQ\pickles\ligand_2388.pkl,0.9542312622070312
ligand_0.pkl,ligand_2389.pkl,0.0,0.0,0.0,d:\PBCNet2.0\case\proQ\pickles\ligand_0.pkl,d:\PBCNet2.0\case\proQ\pickles\ligand_2389.pkl,0.93553626537323
ligand_0.pkl,ligand_239.pkl,0.0,0.0,0.0,d:\PBCNet2.0\case\proQ\pickles\ligand_0.pkl,d:\PBCNet2.0\case\proQ\pickles\ligand_239.pkl,0.9958549737930298
ligand_0.pkl,ligand_2390.pkl,0.0,0.0,0.0,d:\PBCNet2.0\case\proQ\pickles\ligand_0.pkl,d:\PBCNet2.0\case\proQ\pickles\ligand_2390.pkl,0.8998470306396484
ligand_0.pkl,ligand_2391.pkl,0.0,0.0,0.0,d:\PBCNet2.0\case\proQ\pickles\ligand_0.pkl,d:\PBCNet2.0\case\proQ\pickles\ligand_2391.pkl,1.0977357625961304
ligand_0.pkl,ligand_2392.pkl,0.0,0.0,0.0,d:\PBCNet2.0\case\proQ\pickles\ligand_0.pkl,d:\PBCNet2.0\case\proQ\pickles\ligand_2392.pkl,0.6717509627342224
ligand_0.pkl,ligand_2393.pkl,0.0,0.0,0.0,d:\PBCNet2.0\case\proQ\pickles\ligand_0.pkl,d:\PBCNet2.0\case\proQ\pickles\ligand_2393.pkl,0.9251111745834351
ligand_0.pkl,ligand_2394.pkl,0.0,0.0,0.0,d:\PBCNet2.0\case\proQ\pickles\ligand_0.pkl,d:\PBCNet2.0\case\proQ\pickles\ligand_2394.pkl,0.8792518377304077
ligand_0.pkl,ligand_2395.pkl,0.0,0.0,0.0,d:\PBCNet2.0\case\proQ\pickles\ligand_0.pkl,d:\PBCNet2.0\case\proQ\pickles\ligand_2395.pkl,0.9766861200332642
ligand_0.pkl,ligand_2396.pkl,0.0,0.0,0.0,d:\PBCNet2.0\case\proQ\pickles\ligand_0.pkl,d:\PBCNet2.0\case\proQ\pickles\ligand_2396.pkl,0.9447797536849976
ligand_0.pkl,ligand_2397.pkl,0.0,0.0,0.0,d:\PBCNet2.0\case\proQ\pickles\ligand_0.pkl,d:\PBCNet2.0\case\proQ\pickles\ligand_2397.pkl,0.8382192850112915
ligand_0.pkl,ligand_2398.pkl,0.0,0.0,0.0,d:\PBCNet2.0\case\proQ\pickles\ligand_0.pkl,d:\PBCNet2.0\case\proQ\pickles\ligand_2398.pkl,0.16436024010181427
ligand_0.pkl,ligand_2399.pkl,0.0,0.0,0.0,d:\PBCNet2.0\case\proQ\pickles\ligand_0.pkl,d:\PBCNet2.0\case\proQ\pickles\ligand_2399.pkl,0.9941753149032593
ligand_0.pkl,ligand_24.pkl,0.0,0.0,0.0,d:\PBCNet2.0\case\proQ\pickles\ligand_0.pkl,d:\PBCNet2.0\case\proQ\pickles\ligand_24.pkl,0.9474524259567261
ligand_0.pkl,ligand_240.pkl,0.0,0.0,0.0,d:\PBCNet2.0\case\proQ\pickles\ligand_0.pkl,d:\PBCNet2.0\case\proQ\pickles\ligand_240.pkl,0.8841648101806641
ligand_0.pkl,ligand_2400.pkl,0.0,0.0,0.0,d:\PBCNet2.0\case\proQ\pickles\ligand_0.pkl,d:\PBCNet2.0\case\proQ\pickles\ligand_2400.pkl,1.0904253721237183
ligand_0.pkl,ligand_2401.pkl,0.0,0.0,0.0,d:\PBCNet2.0\case\proQ\pickles\ligand_0.pkl,d:\PBCNet2.0\case\proQ\pickles\ligand_2401.pkl,0.8674600124359131
ligand_0.pkl,ligand_2402.pkl,0.0,0.0,0.0,d:\PBCNet2.0\case\proQ\pickles\ligand_0.pkl,d:\PBCNet2.0\case\proQ\pickles\ligand_2402.pkl,0.8656916618347168
ligand_0.pkl,ligand_2403.pkl,0.0,0.0,0.0,d:\PBCNet2.0\case\proQ\pickles\ligand_0.pkl,d:\PBCNet2.0\case\proQ\pickles\ligand_2403.pkl,0.9823399782180786
ligand_0.pkl,ligand_2404.pkl,0.0,0.0,0.0,d:\PBCNet2.0\case\proQ\pickles\ligand_0.pkl,d:\PBCNet2.0\case\proQ\pickles\ligand_2404.pkl,0.7979215383529663
ligand_0.pkl,ligand_2405.pkl,0.0,0.0,0.0,d:\PBCNet2.0\case\proQ\pickles\ligand_0.pkl,d:\PBCNet2.0\case\proQ\pickles\ligand_2405.pkl,0.9336978197097778
ligand_0.pkl,ligand_2406.pkl,0.0,0.0,0.0,d:\PBCNet2.0\case\proQ\pickles\ligand_0.pkl,d:\PBCNet2.0\case\proQ\pickles\ligand_2406.pkl,0.9323674440383911
ligand_0.pkl,ligand_2407.pkl,0.0,0.0,0.0,d:\PBCNet2.0\case\proQ\pickles\ligand_0.pkl,d:\PBCNet2.0\case\proQ\pickles\ligand_2407.pkl,0.8934582471847534
ligand_0.pkl,ligand_2408.pkl,0.0,0.0,0.0,d:\PBCNet2.0\case\proQ\pickles\ligand_0.pkl,d:\PBCNet2.0\case\proQ\pickles\ligand_2408.pkl,0.9697927236557007
ligand_0.pkl,ligand_2409.pkl,0.0,0.0,0.0,d:\PBCNet2.0\case\proQ\pickles\ligand_0.pkl,d:\PBCNet2.0\case\proQ\pickles\ligand_2409.pkl,0.9605158567428589
ligand_0.pkl,ligand_241.pkl,0.0,0.0,0.0,d:\PBCNet2.0\case\proQ\pickles\ligand_0.pkl,d:\PBCNet2.0\case\proQ\pickles\ligand_241.pkl,0.9349915981292725
ligand_0.pkl,ligand_2410.pkl,0.0,0.0,0.0,d:\PBCNet2.0\case\proQ\pickles\ligand_0.pkl,d:\PBCNet2.0\case\proQ\pickles\ligand_2410.pkl,0.8520888090133667
ligand_0.pkl,ligand_2411.pkl,0.0,0.0,0.0,d:\PBCNet2.0\case\proQ\pickles\ligand_0.pkl,d:\PBCNet2.0\case\proQ\pickles\ligand_2411.pkl,0.9736378192901611
ligand_0.pkl,ligand_2412.pkl,0.0,0.0,0.0,d:\PBCNet2.0\case\proQ\pickles\ligand_0.pkl,d:\PBCNet2.0\case\proQ\pickles\ligand_2412.pkl,0.9603003263473511
ligand_0.pkl,ligand_2413.pkl,0.0,0.0,0.0,d:\PBCNet2.0\case\proQ\pickles\ligand_0.pkl,d:\PBCNet2.0\case\proQ\pickles\ligand_2413.pkl,0.9711463451385498
ligand_0.pkl,ligand_2414.pkl,0.0,0.0,0.0,d:\PBCNet2.0\case\proQ\pickles\ligand_0.pkl,d:\PBCNet2.0\case\proQ\pickles\ligand_2414.pkl,0.9062387943267822
ligand_0.pkl,ligand_2415.pkl,0.0,0.0,0.0,d:\PBCNet2.0\case\proQ\pickles\ligand_0.pkl,d:\PBCNet2.0\case\proQ\pickles\ligand_2415.pkl,0.7659286260604858
ligand_0.pkl,ligand_2416.pkl,0.0,0.0,0.0,d:\PBCNet2.0\case\proQ\pickles\ligand_0.pkl,d:\PBCNet2.0\case\proQ\pickles\ligand_2416.pkl,0.9399179220199585
ligand_0.pkl,ligand_2417.pkl,0.0,0.0,0.0,d:\PBCNet2.0\case\proQ\pickles\ligand_0.pkl,d:\PBCNet2.0\case\proQ\pickles\ligand_2417.pkl,0.8649469017982483
ligand_0.pkl,ligand_2418.pkl,0.0,0.0,0.0,d:\PBCNet2.0\case\proQ\pickles\ligand_0.pkl,d:\PBCNet2.0\case\proQ\pickles\ligand_2418.pkl,0.9549623727798462
ligand_0.pkl,ligand_2419.pkl,0.0,0.0,0.0,d:\PBCNet2.0\case\proQ\pickles\ligand_0.pkl,d:\PBCNet2.0\case\proQ\pickles\ligand_2419.pkl,0.8373986482620239
ligand_0.pkl,ligand_242.pkl,0.0,0.0,0.0,d:\PBCNet2.0\case\proQ\pickles\ligand_0.pkl,d:\PBCNet2.0\case\proQ\pickles\ligand_242.pkl,0.7701877951622009
ligand_0.pkl,ligand_2420.pkl,0.0,0.0,0.0,d:\PBCNet2.0\case\proQ\pickles\ligand_0.pkl,d:\PBCNet2.0\case\proQ\pickles\ligand_2420.pkl,0.829413890838623
ligand_0.pkl,ligand_2421.pkl,0.0,0.0,0.0,d:\PBCNet2.0\case\proQ\pickles\ligand_0.pkl,d:\PBCNet2.0\case\proQ\pickles\ligand_2421.pkl,0.9690232276916504
ligand_0.pkl,ligand_2422.pkl,0.0,0.0,0.0,d:\PBCNet2.0\case\proQ\pickles\ligand_0.pkl,d:\PBCNet2.0\case\proQ\pickles\ligand_2422.pkl,1.008509635925293
ligand_0.pkl,ligand_2423.pkl,0.0,0.0,0.0,d:\PBCNet2.0\case\proQ\pickles\ligand_0.pkl,d:\PBCNet2.0\case\proQ\pickles\ligand_2423.pkl,0.9074766635894775
ligand_0.pkl,ligand_2424.pkl,0.0,0.0,0.0,d:\PBCNet2.0\case\proQ\pickles\ligand_0.pkl,d:\PBCNet2.0\case\proQ\pickles\ligand_2424.pkl,0.9160441160202026
ligand_0.pkl,ligand_2425.pkl,0.0,0.0,0.0,d:\PBCNet2.0\case\proQ\pickles\ligand_0.pkl,d:\PBCNet2.0\case\proQ\pickles\ligand_2425.pkl,1.083917498588562
ligand_0.pkl,ligand_2426.pkl,0.0,0.0,0.0,d:\PBCNet2.0\case\proQ\pickles\ligand_0.pkl,d:\PBCNet2.0\case\proQ\pickles\ligand_2426.pkl,1.0047757625579834
ligand_0.pkl,ligand_2427.pkl,0.0,0.0,0.0,d:\PBCNet2.0\case\proQ\pickles\ligand_0.pkl,d:\PBCNet2.0\case\proQ\pickles\ligand_2427.pkl,0.9094537496566772
ligand_0.pkl,ligand_2428.pkl,0.0,0.0,0.0,d:\PBCNet2.0\case\proQ\pickles\ligand_0.pkl,d:\PBCNet2.0\case\proQ\pickles\ligand_2428.pkl,0.9037247896194458
ligand_0.pkl,ligand_2429.pkl,0.0,0.0,0.0,d:\PBCNet2.0\case\proQ\pickles\ligand_0.pkl,d:\PBCNet2.0\case\proQ\pickles\ligand_2429.pkl,1.0122705698013306
ligand_0.pkl,ligand_243.pkl,0.0,0.0,0.0,d:\PBCNet2.0\case\proQ\pickles\ligand_0.pkl,d:\PBCNet2.0\case\proQ\pickles\ligand_243.pkl,0.9382228851318359
ligand_0.pkl,ligand_2430.pkl,0.0,0.0,0.0,d:\PBCNet2.0\case\proQ\pickles\ligand_0.pkl,d:\PBCNet2.0\case\proQ\pickles\ligand_2430.pkl,0.9326779842376709
ligand_0.pkl,ligand_2431.pkl,0.0,0.0,0.0,d:\PBCNet2.0\case\proQ\pickles\ligand_0.pkl,d:\PBCNet2.0\case\proQ\pickles\ligand_2431.pkl,0.9033328294754028
ligand_0.pkl,ligand_2432.pkl,0.0,0.0,0.0,d:\PBCNet2.0\case\proQ\pickles\ligand_0.pkl,d:\PBCNet2.0\case\proQ\pickles\ligand_2432.pkl,0.913129448890686
ligand_0.pkl,ligand_2433.pkl,0.0,0.0,0.0,d:\PBCNet2.0\case\proQ\pickles\ligand_0.pkl,d:\PBCNet2.0\case\proQ\pickles\ligand_2433.pkl,0.8872684240341187
ligand_0.pkl,ligand_2434.pkl,0.0,0.0,0.0,d:\PBCNet2.0\case\proQ\pickles\ligand_0.pkl,d:\PBCNet2.0\case\proQ\pickles\ligand_2434.pkl,0.8657421469688416
ligand_0.pkl,ligand_2435.pkl,0.0,0.0,0.0,d:\PBCNet2.0\case\proQ\pickles\ligand_0.pkl,d:\PBCNet2.0\case\proQ\pickles\ligand_2435.pkl,0.9462655782699585
ligand_0.pkl,ligand_2436.pkl,0.0,0.0,0.0,d:\PBCNet2.0\case\proQ\pickles\ligand_0.pkl,d:\PBCNet2.0\case\proQ\pickles\ligand_2436.pkl,0.8709651231765747
ligand_0.pkl,ligand_2437.pkl,0.0,0.0,0.0,d:\PBCNet2.0\case\proQ\pickles\ligand_0.pkl,d:\PBCNet2.0\case\proQ\pickles\ligand_2437.pkl,0.8906436562538147
ligand_0.pkl,ligand_2438.pkl,0.0,0.0,0.0,d:\PBCNet2.0\case\proQ\pickles\ligand_0.pkl,d:\PBCNet2.0\case\proQ\pickles\ligand_2438.pkl,0.87158203125
ligand_0.pkl,ligand_2439.pkl,0.0,0.0,0.0,d:\PBCNet2.0\case\proQ\pickles\ligand_0.pkl,d:\PBCNet2.0\case\proQ\pickles\ligand_2439.pkl,0.9258474111557007
ligand_0.pkl,ligand_244.pkl,0.0,0.0,0.0,d:\PBCNet2.0\case\proQ\pickles\ligand_0.pkl,d:\PBCNet2.0\case\proQ\pickles\ligand_244.pkl,1.1770581007003784
ligand_0.pkl,ligand_2440.pkl,0.0,0.0,0.0,d:\PBCNet2.0\case\proQ\pickles\ligand_0.pkl,d:\PBCNet2.0\case\proQ\pickles\ligand_2440.pkl,1.0882008075714111
ligand_0.pkl,ligand_2441.pkl,0.0,0.0,0.0,d:\PBCNet2.0\case\proQ\pickles\ligand_0.pkl,d:\PBCNet2.0\case\proQ\pickles\ligand_2441.pkl,0.8891226053237915
ligand_0.pkl,ligand_2442.pkl,0.0,0.0,0.0,d:\PBCNet2.0\case\proQ\pickles\ligand_0.pkl,d:\PBCNet2.0\case\proQ\pickles\ligand_2442.pkl,0.9359687566757202
ligand_0.pkl,ligand_2443.pkl,0.0,0.0,0.0,d:\PBCNet2.0\case\proQ\pickles\ligand_0.pkl,d:\PBCNet2.0\case\proQ\pickles\ligand_2443.pkl,0.8674246668815613
ligand_0.pkl,ligand_2444.pkl,0.0,0.0,0.0,d:\PBCNet2.0\case\proQ\pickles\ligand_0.pkl,d:\PBCNet2.0\case\proQ\pickles\ligand_2444.pkl,0.9076337814331055
ligand_0.pkl,ligand_2445.pkl,0.0,0.0,0.0,d:\PBCNet2.0\case\proQ\pickles\ligand_0.pkl,d:\PBCNet2.0\case\proQ\pickles\ligand_2445.pkl,0.9419711828231812
ligand_0.pkl,ligand_2446.pkl,0.0,0.0,0.0,d:\PBCNet2.0\case\proQ\pickles\ligand_0.pkl,d:\PBCNet2.0\case\proQ\pickles\ligand_2446.pkl,0.9049893617630005
ligand_0.pkl,ligand_2447.pkl,0.0,0.0,0.0,d:\PBCNet2.0\case\proQ\pickles\ligand_0.pkl,d:\PBCNet2.0\case\proQ\pickles\ligand_2447.pkl,0.9767571687698364
ligand_0.pkl,ligand_2448.pkl,0.0,0.0,0.0,d:\PBCNet2.0\case\proQ\pickles\ligand_0.pkl,d:\PBCNet2.0\case\proQ\pickles\ligand_2448.pkl,0.9915585517883301
ligand_0.pkl,ligand_2449.pkl,0.0,0.0,0.0,d:\PBCNet2.0\case\proQ\pickles\ligand_0.pkl,d:\PBCNet2.0\case\proQ\pickles\ligand_2449.pkl,0.8714559674263
ligand_0.pkl,ligand_245.pkl,0.0,0.0,0.0,d:\PBCNet2.0\case\proQ\pickles\ligand_0.pkl,d:\PBCNet2.0\case\proQ\pickles\ligand_245.pkl,0.9166734218597412
ligand_0.pkl,ligand_2450.pkl,0.0,0.0,0.0,d:\PBCNet2.0\case\proQ\pickles\ligand_0.pkl,d:\PBCNet2.0\case\proQ\pickles\ligand_2450.pkl,0.9192425012588501
ligand_0.pkl,ligand_2451.pkl,0.0,0.0,0.0,d:\PBCNet2.0\case\proQ\pickles\ligand_0.pkl,d:\PBCNet2.0\case\proQ\pickles\ligand_2451.pkl,0.9253846406936646
ligand_0.pkl,ligand_2452.pkl,0.0,0.0,0.0,d:\PBCNet2.0\case\proQ\pickles\ligand_0.pkl,d:\PBCNet2.0\case\proQ\pickles\ligand_2452.pkl,0.8799107670783997
ligand_0.pkl,ligand_2453.pkl,0.0,0.0,0.0,d:\PBCNet2.0\case\proQ\pickles\ligand_0.pkl,d:\PBCNet2.0\case\proQ\pickles\ligand_2453.pkl,0.9081933498382568
ligand_0.pkl,ligand_2454.pkl,0.0,0.0,0.0,d:\PBCNet2.0\case\proQ\pickles\ligand_0.pkl,d:\PBCNet2.0\case\proQ\pickles\ligand_2454.pkl,0.8782922625541687
ligand_0.pkl,ligand_2455.pkl,0.0,0.0,0.0,d:\PBCNet2.0\case\proQ\pickles\ligand_0.pkl,d:\PBCNet2.0\case\proQ\pickles\ligand_2455.pkl,0.9962040185928345
ligand_0.pkl,ligand_2456.pkl,0.0,0.0,0.0,d:\PBCNet2.0\case\proQ\pickles\ligand_0.pkl,d:\PBCNet2.0\case\proQ\pickles\ligand_2456.pkl,1.0172438621520996
ligand_0.pkl,ligand_2457.pkl,0.0,0.0,0.0,d:\PBCNet2.0\case\proQ\pickles\ligand_0.pkl,d:\PBCNet2.0\case\proQ\pickles\ligand_2457.pkl,0.8792731761932373
ligand_0.pkl,ligand_2458.pkl,0.0,0.0,0.0,d:\PBCNet2.0\case\proQ\pickles\ligand_0.pkl,d:\PBCNet2.0\case\proQ\pickles\ligand_2458.pkl,0.9560253620147705
ligand_0.pkl,ligand_2459.pkl,0.0,0.0,0.0,d:\PBCNet2.0\case\proQ\pickles\ligand_0.pkl,d:\PBCNet2.0\case\proQ\pickles\ligand_2459.pkl,0.8835127353668213
ligand_0.pkl,ligand_246.pkl,0.0,0.0,0.0,d:\PBCNet2.0\case\proQ\pickles\ligand_0.pkl,d:\PBCNet2.0\case\proQ\pickles\ligand_246.pkl,0.8825942873954773
ligand_0.pkl,ligand_2460.pkl,0.0,0.0,0.0,d:\PBCNet2.0\case\proQ\pickles\ligand_0.pkl,d:\PBCNet2.0\case\proQ\pickles\ligand_2460.pkl,0.9061537981033325
ligand_0.pkl,ligand_2461.pkl,0.0,0.0,0.0,d:\PBCNet2.0\case\proQ\pickles\ligand_0.pkl,d:\PBCNet2.0\case\proQ\pickles\ligand_2461.pkl,0.9511808156967163
ligand_0.pkl,ligand_2462.pkl,0.0,0.0,0.0,d:\PBCNet2.0\case\proQ\pickles\ligand_0.pkl,d:\PBCNet2.0\case\proQ\pickles\ligand_2462.pkl,0.8843438625335693
ligand_0.pkl,ligand_2463.pkl,0.0,0.0,0.0,d:\PBCNet2.0\case\proQ\pickles\ligand_0.pkl,d:\PBCNet2.0\case\proQ\pickles\ligand_2463.pkl,0.9020198583602905
ligand_0.pkl,ligand_2464.pkl,0.0,0.0,0.0,d:\PBCNet2.0\case\proQ\pickles\ligand_0.pkl,d:\PBCNet2.0\case\proQ\pickles\ligand_2464.pkl,0.9092236757278442
ligand_0.pkl,ligand_2465.pkl,0.0,0.0,0.0,d:\PBCNet2.0\case\proQ\pickles\ligand_0.pkl,d:\PBCNet2.0\case\proQ\pickles\ligand_2465.pkl,0.7929986119270325
ligand_0.pkl,ligand_2466.pkl,0.0,0.0,0.0,d:\PBCNet2.0\case\proQ\pickles\ligand_0.pkl,d:\PBCNet2.0\case\proQ\pickles\ligand_2466.pkl,0.9510217905044556
ligand_0.pkl,ligand_2467.pkl,0.0,0.0,0.0,d:\PBCNet2.0\case\proQ\pickles\ligand_0.pkl,d:\PBCNet2.0\case\proQ\pickles\ligand_2467.pkl,0.8734694123268127
ligand_0.pkl,ligand_2468.pkl,0.0,0.0,0.0,d:\PBCNet2.0\case\proQ\pickles\ligand_0.pkl,d:\PBCNet2.0\case\proQ\pickles\ligand_2468.pkl,0.8994678258895874
ligand_0.pkl,ligand_2469.pkl,0.0,0.0,0.0,d:\PBCNet2.0\case\proQ\pickles\ligand_0.pkl,d:\PBCNet2.0\case\proQ\pickles\ligand_2469.pkl,0.9591654539108276
ligand_0.pkl,ligand_247.pkl,0.0,0.0,0.0,d:\PBCNet2.0\case\proQ\pickles\ligand_0.pkl,d:\PBCNet2.0\case\proQ\pickles\ligand_247.pkl,0.8623784780502319
ligand_0.pkl,ligand_2470.pkl,0.0,0.0,0.0,d:\PBCNet2.0\case\proQ\pickles\ligand_0.pkl,d:\PBCNet2.0\case\proQ\pickles\ligand_2470.pkl,0.7661178708076477
ligand_0.pkl,ligand_2471.pkl,0.0,0.0,0.0,d:\PBCNet2.0\case\proQ\pickles\ligand_0.pkl,d:\PBCNet2.0\case\proQ\pickles\ligand_2471.pkl,0.7773433923721313
ligand_0.pkl,ligand_2472.pkl,0.0,0.0,0.0,d:\PBCNet2.0\case\proQ\pickles\ligand_0.pkl,d:\PBCNet2.0\case\proQ\pickles\ligand_2472.pkl,1.0076273679733276
ligand_0.pkl,ligand_2473.pkl,0.0,0.0,0.0,d:\PBCNet2.0\case\proQ\pickles\ligand_0.pkl,d:\PBCNet2.0\case\proQ\pickles\ligand_2473.pkl,0.9891699552536011
ligand_0.pkl,ligand_2474.pkl,0.0,0.0,0.0,d:\PBCNet2.0\case\proQ\pickles\ligand_0.pkl,d:\PBCNet2.0\case\proQ\pickles\ligand_2474.pkl,1.0030416250228882
ligand_0.pkl,ligand_2475.pkl,0.0,0.0,0.0,d:\PBCNet2.0\case\proQ\pickles\ligand_0.pkl,d:\PBCNet2.0\case\proQ\pickles\ligand_2475.pkl,0.926500678062439
ligand_0.pkl,ligand_2476.pkl,0.0,0.0,0.0,d:\PBCNet2.0\case\proQ\pickles\ligand_0.pkl,d:\PBCNet2.0\case\proQ\pickles\ligand_2476.pkl,0.941520094871521
ligand_0.pkl,ligand_2477.pkl,0.0,0.0,0.0,d:\PBCNet2.0\case\proQ\pickles\ligand_0.pkl,d:\PBCNet2.0\case\proQ\pickles\ligand_2477.pkl,0.9039415121078491
ligand_0.pkl,ligand_2478.pkl,0.0,0.0,0.0,d:\PBCNet2.0\case\proQ\pickles\ligand_0.pkl,d:\PBCNet2.0\case\proQ\pickles\ligand_2478.pkl,0.8881266117095947
ligand_0.pkl,ligand_2479.pkl,0.0,0.0,0.0,d:\PBCNet2.0\case\proQ\pickles\ligand_0.pkl,d:\PBCNet2.0\case\proQ\pickles\ligand_2479.pkl,0.9303382635116577
ligand_0.pkl,ligand_248.pkl,0.0,0.0,0.0,d:\PBCNet2.0\case\proQ\pickles\ligand_0.pkl,d:\PBCNet2.0\case\proQ\pickles\ligand_248.pkl,0.8954330682754517
ligand_0.pkl,ligand_2480.pkl,0.0,0.0,0.0,d:\PBCNet2.0\case\proQ\pickles\ligand_0.pkl,d:\PBCNet2.0\case\proQ\pickles\ligand_2480.pkl,0.8658261299133301
ligand_0.pkl,ligand_2481.pkl,0.0,0.0,0.0,d:\PBCNet2.0\case\proQ\pickles\ligand_0.pkl,d:\PBCNet2.0\case\proQ\pickles\ligand_2481.pkl,0.9062403440475464
ligand_0.pkl,ligand_2482.pkl,0.0,0.0,0.0,d:\PBCNet2.0\case\proQ\pickles\ligand_0.pkl,d:\PBCNet2.0\case\proQ\pickles\ligand_2482.pkl,0.931157112121582
ligand_0.pkl,ligand_2483.pkl,0.0,0.0,0.0,d:\PBCNet2.0\case\proQ\pickles\ligand_0.pkl,d:\PBCNet2.0\case\proQ\pickles\ligand_2483.pkl,0.8654502034187317
ligand_0.pkl,ligand_2484.pkl,0.0,0.0,0.0,d:\PBCNet2.0\case\proQ\pickles\ligand_0.pkl,d:\PBCNet2.0\case\proQ\pickles\ligand_2484.pkl,0.8115946054458618
ligand_0.pkl,ligand_2485.pkl,0.0,0.0,0.0,d:\PBCNet2.0\case\proQ\pickles\ligand_0.pkl,d:\PBCNet2.0\case\proQ\pickles\ligand_2485.pkl,0.9994503259658813
ligand_0.pkl,ligand_2486.pkl,0.0,0.0,0.0,d:\PBCNet2.0\case\proQ\pickles\ligand_0.pkl,d:\PBCNet2.0\case\proQ\pickles\ligand_2486.pkl,0.9073501825332642
ligand_0.pkl,ligand_2487.pkl,0.0,0.0,0.0,d:\PBCNet2.0\case\proQ\pickles\ligand_0.pkl,d:\PBCNet2.0\case\proQ\pickles\ligand_2487.pkl,0.9790234565734863
ligand_0.pkl,ligand_2488.pkl,0.0,0.0,0.0,d:\PBCNet2.0\case\proQ\pickles\ligand_0.pkl,d:\PBCNet2.0\case\proQ\pickles\ligand_2488.pkl,0.6057708859443665
ligand_0.pkl,ligand_2489.pkl,0.0,0.0,0.0,d:\PBCNet2.0\case\proQ\pickles\ligand_0.pkl,d:\PBCNet2.0\case\proQ\pickles\ligand_2489.pkl,0.9731528759002686
ligand_0.pkl,ligand_249.pkl,0.0,0.0,0.0,d:\PBCNet2.0\case\proQ\pickles\ligand_0.pkl,d:\PBCNet2.0\case\proQ\pickles\ligand_249.pkl,0.9658740758895874
ligand_0.pkl,ligand_2490.pkl,0.0,0.0,0.0,d:\PBCNet2.0\case\proQ\pickles\ligand_0.pkl,d:\PBCNet2.0\case\proQ\pickles\ligand_2490.pkl,0.9194713830947876
ligand_0.pkl,ligand_2491.pkl,0.0,0.0,0.0,d:\PBCNet2.0\case\proQ\pickles\ligand_0.pkl,d:\PBCNet2.0\case\proQ\pickles\ligand_2491.pkl,0.9619928598403931
ligand_0.pkl,ligand_2492.pkl,0.0,0.0,0.0,d:\PBCNet2.0\case\proQ\pickles\ligand_0.pkl,d:\PBCNet2.0\case\proQ\pickles\ligand_2492.pkl,0.963850736618042
ligand_0.pkl,ligand_2493.pkl,0.0,0.0,0.0,d:\PBCNet2.0\case\proQ\pickles\ligand_0.pkl,d:\PBCNet2.0\case\proQ\pickles\ligand_2493.pkl,0.8174168467521667
ligand_0.pkl,ligand_2494.pkl,0.0,0.0,0.0,d:\PBCNet2.0\case\proQ\pickles\ligand_0.pkl,d:\PBCNet2.0\case\proQ\pickles\ligand_2494.pkl,0.44357621669769287
ligand_0.pkl,ligand_2495.pkl,0.0,0.0,0.0,d:\PBCNet2.0\case\proQ\pickles\ligand_0.pkl,d:\PBCNet2.0\case\proQ\pickles\ligand_2495.pkl,0.8760776519775391
ligand_0.pkl,ligand_2496.pkl,0.0,0.0,0.0,d:\PBCNet2.0\case\proQ\pickles\ligand_0.pkl,d:\PBCNet2.0\case\proQ\pickles\ligand_2496.pkl,0.7671252489089966
ligand_0.pkl,ligand_2497.pkl,0.0,0.0,0.0,d:\PBCNet2.0\case\proQ\pickles\ligand_0.pkl,d:\PBCNet2.0\case\proQ\pickles\ligand_2497.pkl,0.9037078619003296
ligand_0.pkl,ligand_2498.pkl,0.0,0.0,0.0,d:\PBCNet2.0\case\proQ\pickles\ligand_0.pkl,d:\PBCNet2.0\case\proQ\pickles\ligand_2498.pkl,0.8135669827461243
ligand_0.pkl,ligand_2499.pkl,0.0,0.0,0.0,d:\PBCNet2.0\case\proQ\pickles\ligand_0.pkl,d:\PBCNet2.0\case\proQ\pickles\ligand_2499.pkl,0.7900381088256836
ligand_0.pkl,ligand_25.pkl,0.0,0.0,0.0,d:\PBCNet2.0\case\proQ\pickles\ligand_0.pkl,d:\PBCNet2.0\case\proQ\pickles\ligand_25.pkl,0.9186443090438843
ligand_0.pkl,ligand_250.pkl,0.0,0.0,0.0,d:\PBCNet2.0\case\proQ\pickles\ligand_0.pkl,d:\PBCNet2.0\case\proQ\pickles\ligand_250.pkl,0.8008836507797241
ligand_0.pkl,ligand_2500.pkl,0.0,0.0,0.0,d:\PBCNet2.0\case\proQ\pickles\ligand_0.pkl,d:\PBCNet2.0\case\proQ\pickles\ligand_2500.pkl,0.9069274663925171
ligand_0.pkl,ligand_2501.pkl,0.0,0.0,0.0,d:\PBCNet2.0\case\proQ\pickles\ligand_0.pkl,d:\PBCNet2.0\case\proQ\pickles\ligand_2501.pkl,0.9374285936355591
ligand_0.pkl,ligand_2502.pkl,0.0,0.0,0.0,d:\PBCNet2.0\case\proQ\pickles\ligand_0.pkl,d:\PBCNet2.0\case\proQ\pickles\ligand_2502.pkl,0.8925086259841919
ligand_0.pkl,ligand_2503.pkl,0.0,0.0,0.0,d:\PBCNet2.0\case\proQ\pickles\ligand_0.pkl,d:\PBCNet2.0\case\proQ\pickles\ligand_2503.pkl,0.9247837066650391
ligand_0.pkl,ligand_2504.pkl,0.0,0.0,0.0,d:\PBCNet2.0\case\proQ\pickles\ligand_0.pkl,d:\PBCNet2.0\case\proQ\pickles\ligand_2504.pkl,0.9912517070770264
ligand_0.pkl,ligand_2505.pkl,0.0,0.0,0.0,d:\PBCNet2.0\case\proQ\pickles\ligand_0.pkl,d:\PBCNet2.0\case\proQ\pickles\ligand_2505.pkl,0.8208796977996826
ligand_0.pkl,ligand_2506.pkl,0.0,0.0,0.0,d:\PBCNet2.0\case\proQ\pickles\ligand_0.pkl,d:\PBCNet2.0\case\proQ\pickles\ligand_2506.pkl,0.8431974649429321
ligand_0.pkl,ligand_2507.pkl,0.0,0.0,0.0,d:\PBCNet2.0\case\proQ\pickles\ligand_0.pkl,d:\PBCNet2.0\case\proQ\pickles\ligand_2507.pkl,0.9358404874801636
ligand_0.pkl,ligand_2508.pkl,0.0,0.0,0.0,d:\PBCNet2.0\case\proQ\pickles\ligand_0.pkl,d:\PBCNet2.0\case\proQ\pickles\ligand_2508.pkl,0.8893204927444458
ligand_0.pkl,ligand_2509.pkl,0.0,0.0,0.0,d:\PBCNet2.0\case\proQ\pickles\ligand_0.pkl,d:\PBCNet2.0\case\proQ\pickles\ligand_2509.pkl,0.9157034158706665
ligand_0.pkl,ligand_251.pkl,0.0,0.0,0.0,d:\PBCNet2.0\case\proQ\pickles\ligand_0.pkl,d:\PBCNet2.0\case\proQ\pickles\ligand_251.pkl,0.9956680536270142
ligand_0.pkl,ligand_2510.pkl,0.0,0.0,0.0,d:\PBCNet2.0\case\proQ\pickles\ligand_0.pkl,d:\PBCNet2.0\case\proQ\pickles\ligand_2510.pkl,0.9583576917648315
ligand_0.pkl,ligand_2511.pkl,0.0,0.0,0.0,d:\PBCNet2.0\case\proQ\pickles\ligand_0.pkl,d:\PBCNet2.0\case\proQ\pickles\ligand_2511.pkl,0.7751696109771729
ligand_0.pkl,ligand_2512.pkl,0.0,0.0,0.0,d:\PBCNet2.0\case\proQ\pickles\ligand_0.pkl,d:\PBCNet2.0\case\proQ\pickles\ligand_2512.pkl,0.9398406744003296
ligand_0.pkl,ligand_2513.pkl,0.0,0.0,0.0,d:\PBCNet2.0\case\proQ\pickles\ligand_0.pkl,d:\PBCNet2.0\case\proQ\pickles\ligand_2513.pkl,0.8946124911308289
ligand_0.pkl,ligand_2514.pkl,0.0,0.0,0.0,d:\PBCNet2.0\case\proQ\pickles\ligand_0.pkl,d:\PBCNet2.0\case\proQ\pickles\ligand_2514.pkl,0.966368556022644
ligand_0.pkl,ligand_2515.pkl,0.0,0.0,0.0,d:\PBCNet2.0\case\proQ\pickles\ligand_0.pkl,d:\PBCNet2.0\case\proQ\pickles\ligand_2515.pkl,0.9555248022079468
ligand_0.pkl,ligand_2516.pkl,0.0,0.0,0.0,d:\PBCNet2.0\case\proQ\pickles\ligand_0.pkl,d:\PBCNet2.0\case\proQ\pickles\ligand_2516.pkl,0.9644185304641724
ligand_0.pkl,ligand_2517.pkl,0.0,0.0,0.0,d:\PBCNet2.0\case\proQ\pickles\ligand_0.pkl,d:\PBCNet2.0\case\proQ\pickles\ligand_2517.pkl,0.9426542520523071
ligand_0.pkl,ligand_2518.pkl,0.0,0.0,0.0,d:\PBCNet2.0\case\proQ\pickles\ligand_0.pkl,d:\PBCNet2.0\case\proQ\pickles\ligand_2518.pkl,0.9221652746200562
ligand_0.pkl,ligand_2519.pkl,0.0,0.0,0.0,d:\PBCNet2.0\case\proQ\pickles\ligand_0.pkl,d:\PBCNet2.0\case\proQ\pickles\ligand_2519.pkl,0.9515281915664673
ligand_0.pkl,ligand_252.pkl,0.0,0.0,0.0,d:\PBCNet2.0\case\proQ\pickles\ligand_0.pkl,d:\PBCNet2.0\case\proQ\pickles\ligand_252.pkl,0.8437231183052063
ligand_0.pkl,ligand_2520.pkl,0.0,0.0,0.0,d:\PBCNet2.0\case\proQ\pickles\ligand_0.pkl,d:\PBCNet2.0\case\proQ\pickles\ligand_2520.pkl,0.3892405033111572
ligand_0.pkl,ligand_2521.pkl,0.0,0.0,0.0,d:\PBCNet2.0\case\proQ\pickles\ligand_0.pkl,d:\PBCNet2.0\case\proQ\pickles\ligand_2521.pkl,0.9658581018447876
ligand_0.pkl,ligand_2522.pkl,0.0,0.0,0.0,d:\PBCNet2.0\case\proQ\pickles\ligand_0.pkl,d:\PBCNet2.0\case\proQ\pickles\ligand_2522.pkl,1.1144744157791138
ligand_0.pkl,ligand_2523.pkl,0.0,0.0,0.0,d:\PBCNet2.0\case\proQ\pickles\ligand_0.pkl,d:\PBCNet2.0\case\proQ\pickles\ligand_2523.pkl,0.9342266321182251
ligand_0.pkl,ligand_2524.pkl,0.0,0.0,0.0,d:\PBCNet2.0\case\proQ\pickles\ligand_0.pkl,d:\PBCNet2.0\case\proQ\pickles\ligand_2524.pkl,1.028293490409851
ligand_0.pkl,ligand_2525.pkl,0.0,0.0,0.0,d:\PBCNet2.0\case\proQ\pickles\ligand_0.pkl,d:\PBCNet2.0\case\proQ\pickles\ligand_2525.pkl,0.9036425352096558
ligand_0.pkl,ligand_2526.pkl,0.0,0.0,0.0,d:\PBCNet2.0\case\proQ\pickles\ligand_0.pkl,d:\PBCNet2.0\case\proQ\pickles\ligand_2526.pkl,0.9409011602401733
ligand_0.pkl,ligand_2527.pkl,0.0,0.0,0.0,d:\PBCNet2.0\case\proQ\pickles\ligand_0.pkl,d:\PBCNet2.0\case\proQ\pickles\ligand_2527.pkl,0.9255403280258179
ligand_0.pkl,ligand_2528.pkl,0.0,0.0,0.0,d:\PBCNet2.0\case\proQ\pickles\ligand_0.pkl,d:\PBCNet2.0\case\proQ\pickles\ligand_2528.pkl,0.9478830099105835
ligand_0.pkl,ligand_2529.pkl,0.0,0.0,0.0,d:\PBCNet2.0\case\proQ\pickles\ligand_0.pkl,d:\PBCNet2.0\case\proQ\pickles\ligand_2529.pkl,0.944024920463562
ligand_0.pkl,ligand_253.pkl,0.0,0.0,0.0,d:\PBCNet2.0\case\proQ\pickles\ligand_0.pkl,d:\PBCNet2.0\case\proQ\pickles\ligand_253.pkl,0.9303349256515503
ligand_0.pkl,ligand_2530.pkl,0.0,0.0,0.0,d:\PBCNet2.0\case\proQ\pickles\ligand_0.pkl,d:\PBCNet2.0\case\proQ\pickles\ligand_2530.pkl,0.9533193111419678
ligand_0.pkl,ligand_2531.pkl,0.0,0.0,0.0,d:\PBCNet2.0\case\proQ\pickles\ligand_0.pkl,d:\PBCNet2.0\case\proQ\pickles\ligand_2531.pkl,1.237470269203186
ligand_0.pkl,ligand_2532.pkl,0.0,0.0,0.0,d:\PBCNet2.0\case\proQ\pickles\ligand_0.pkl,d:\PBCNet2.0\case\proQ\pickles\ligand_2532.pkl,0.9512609243392944
ligand_0.pkl,ligand_2533.pkl,0.0,0.0,0.0,d:\PBCNet2.0\case\proQ\pickles\ligand_0.pkl,d:\PBCNet2.0\case\proQ\pickles\ligand_2533.pkl,1.0000566244125366
ligand_0.pkl,ligand_2534.pkl,0.0,0.0,0.0,d:\PBCNet2.0\case\proQ\pickles\ligand_0.pkl,d:\PBCNet2.0\case\proQ\pickles\ligand_2534.pkl,0.9825719594955444
ligand_0.pkl,ligand_2535.pkl,0.0,0.0,0.0,d:\PBCNet2.0\case\proQ\pickles\ligand_0.pkl,d:\PBCNet2.0\case\proQ\pickles\ligand_2535.pkl,1.0131064653396606
ligand_0.pkl,ligand_2536.pkl,0.0,0.0,0.0,d:\PBCNet2.0\case\proQ\pickles\ligand_0.pkl,d:\PBCNet2.0\case\proQ\pickles\ligand_2536.pkl,1.0213518142700195
ligand_0.pkl,ligand_2537.pkl,0.0,0.0,0.0,d:\PBCNet2.0\case\proQ\pickles\ligand_0.pkl,d:\PBCNet2.0\case\proQ\pickles\ligand_2537.pkl,0.9405701160430908
ligand_0.pkl,ligand_2538.pkl,0.0,0.0,0.0,d:\PBCNet2.0\case\proQ\pickles\ligand_0.pkl,d:\PBCNet2.0\case\proQ\pickles\ligand_2538.pkl,1.0396729707717896
ligand_0.pkl,ligand_2539.pkl,0.0,0.0,0.0,d:\PBCNet2.0\case\proQ\pickles\ligand_0.pkl,d:\PBCNet2.0\case\proQ\pickles\ligand_2539.pkl,0.9659131765365601
ligand_0.pkl,ligand_254.pkl,0.0,0.0,0.0,d:\PBCNet2.0\case\proQ\pickles\ligand_0.pkl,d:\PBCNet2.0\case\proQ\pickles\ligand_254.pkl,1.0149998664855957
ligand_0.pkl,ligand_2540.pkl,0.0,0.0,0.0,d:\PBCNet2.0\case\proQ\pickles\ligand_0.pkl,d:\PBCNet2.0\case\proQ\pickles\ligand_2540.pkl,0.9757672548294067
ligand_0.pkl,ligand_2541.pkl,0.0,0.0,0.0,d:\PBCNet2.0\case\proQ\pickles\ligand_0.pkl,d:\PBCNet2.0\case\proQ\pickles\ligand_2541.pkl,0.9817216396331787
ligand_0.pkl,ligand_2542.pkl,0.0,0.0,0.0,d:\PBCNet2.0\case\proQ\pickles\ligand_0.pkl,d:\PBCNet2.0\case\proQ\pickles\ligand_2542.pkl,0.4621029496192932
ligand_0.pkl,ligand_2543.pkl,0.0,0.0,0.0,d:\PBCNet2.0\case\proQ\pickles\ligand_0.pkl,d:\PBCNet2.0\case\proQ\pickles\ligand_2543.pkl,0.6038276553153992
ligand_0.pkl,ligand_2544.pkl,0.0,0.0,0.0,d:\PBCNet2.0\case\proQ\pickles\ligand_0.pkl,d:\PBCNet2.0\case\proQ\pickles\ligand_2544.pkl,0.9134812355041504
ligand_0.pkl,ligand_2545.pkl,0.0,0.0,0.0,d:\PBCNet2.0\case\proQ\pickles\ligand_0.pkl,d:\PBCNet2.0\case\proQ\pickles\ligand_2545.pkl,0.862688422203064
ligand_0.pkl,ligand_2546.pkl,0.0,0.0,0.0,d:\PBCNet2.0\case\proQ\pickles\ligand_0.pkl,d:\PBCNet2.0\case\proQ\pickles\ligand_2546.pkl,0.9132934808731079
ligand_0.pkl,ligand_2547.pkl,0.0,0.0,0.0,d:\PBCNet2.0\case\proQ\pickles\ligand_0.pkl,d:\PBCNet2.0\case\proQ\pickles\ligand_2547.pkl,1.050757884979248
ligand_0.pkl,ligand_2548.pkl,0.0,0.0,0.0,d:\PBCNet2.0\case\proQ\pickles\ligand_0.pkl,d:\PBCNet2.0\case\proQ\pickles\ligand_2548.pkl,0.9368072748184204
ligand_0.pkl,ligand_2549.pkl,0.0,0.0,0.0,d:\PBCNet2.0\case\proQ\pickles\ligand_0.pkl,d:\PBCNet2.0\case\proQ\pickles\ligand_2549.pkl,0.9808930158615112
ligand_0.pkl,ligand_255.pkl,0.0,0.0,0.0,d:\PBCNet2.0\case\proQ\pickles\ligand_0.pkl,d:\PBCNet2.0\case\proQ\pickles\ligand_255.pkl,0.8920463919639587
ligand_0.pkl,ligand_2550.pkl,0.0,0.0,0.0,d:\PBCNet2.0\case\proQ\pickles\ligand_0.pkl,d:\PBCNet2.0\case\proQ\pickles\ligand_2550.pkl,0.9041398763656616
ligand_0.pkl,ligand_2551.pkl,0.0,0.0,0.0,d:\PBCNet2.0\case\proQ\pickles\ligand_0.pkl,d:\PBCNet2.0\case\proQ\pickles\ligand_2551.pkl,0.9541007280349731
ligand_0.pkl,ligand_2552.pkl,0.0,0.0,0.0,d:\PBCNet2.0\case\proQ\pickles\ligand_0.pkl,d:\PBCNet2.0\case\proQ\pickles\ligand_2552.pkl,0.9230223894119263
ligand_0.pkl,ligand_2553.pkl,0.0,0.0,0.0,d:\PBCNet2.0\case\proQ\pickles\ligand_0.pkl,d:\PBCNet2.0\case\proQ\pickles\ligand_2553.pkl,0.9319756031036377
ligand_0.pkl,ligand_2554.pkl,0.0,0.0,0.0,d:\PBCNet2.0\case\proQ\pickles\ligand_0.pkl,d:\PBCNet2.0\case\proQ\pickles\ligand_2554.pkl,0.9545557498931885
ligand_0.pkl,ligand_2555.pkl,0.0,0.0,0.0,d:\PBCNet2.0\case\proQ\pickles\ligand_0.pkl,d:\PBCNet2.0\case\proQ\pickles\ligand_2555.pkl,0.9486051797866821
ligand_0.pkl,ligand_2556.pkl,0.0,0.0,0.0,d:\PBCNet2.0\case\proQ\pickles\ligand_0.pkl,d:\PBCNet2.0\case\proQ\pickles\ligand_2556.pkl,0.9334121942520142
ligand_0.pkl,ligand_2557.pkl,0.0,0.0,0.0,d:\PBCNet2.0\case\proQ\pickles\ligand_0.pkl,d:\PBCNet2.0\case\proQ\pickles\ligand_2557.pkl,1.0447126626968384
ligand_0.pkl,ligand_2558.pkl,0.0,0.0,0.0,d:\PBCNet2.0\case\proQ\pickles\ligand_0.pkl,d:\PBCNet2.0\case\proQ\pickles\ligand_2558.pkl,0.8580521941184998
ligand_0.pkl,ligand_2559.pkl,0.0,0.0,0.0,d:\PBCNet2.0\case\proQ\pickles\ligand_0.pkl,d:\PBCNet2.0\case\proQ\pickles\ligand_2559.pkl,0.8803503513336182
ligand_0.pkl,ligand_256.pkl,0.0,0.0,0.0,d:\PBCNet2.0\case\proQ\pickles\ligand_0.pkl,d:\PBCNet2.0\case\proQ\pickles\ligand_256.pkl,0.8040573596954346
ligand_0.pkl,ligand_2560.pkl,0.0,0.0,0.0,d:\PBCNet2.0\case\proQ\pickles\ligand_0.pkl,d:\PBCNet2.0\case\proQ\pickles\ligand_2560.pkl,0.9258660078048706
ligand_0.pkl,ligand_2561.pkl,0.0,0.0,0.0,d:\PBCNet2.0\case\proQ\pickles\ligand_0.pkl,d:\PBCNet2.0\case\proQ\pickles\ligand_2561.pkl,0.9485851526260376
ligand_0.pkl,ligand_2562.pkl,0.0,0.0,0.0,d:\PBCNet2.0\case\proQ\pickles\ligand_0.pkl,d:\PBCNet2.0\case\proQ\pickles\ligand_2562.pkl,0.9018387794494629
ligand_0.pkl,ligand_2563.pkl,0.0,0.0,0.0,d:\PBCNet2.0\case\proQ\pickles\ligand_0.pkl,d:\PBCNet2.0\case\proQ\pickles\ligand_2563.pkl,0.8801175951957703
ligand_0.pkl,ligand_2564.pkl,0.0,0.0,0.0,d:\PBCNet2.0\case\proQ\pickles\ligand_0.pkl,d:\PBCNet2.0\case\proQ\pickles\ligand_2564.pkl,0.9730023145675659
ligand_0.pkl,ligand_2565.pkl,0.0,0.0,0.0,d:\PBCNet2.0\case\proQ\pickles\ligand_0.pkl,d:\PBCNet2.0\case\proQ\pickles\ligand_2565.pkl,1.0772336721420288
ligand_0.pkl,ligand_2566.pkl,0.0,0.0,0.0,d:\PBCNet2.0\case\proQ\pickles\ligand_0.pkl,d:\PBCNet2.0\case\proQ\pickles\ligand_2566.pkl,0.904295802116394
ligand_0.pkl,ligand_2567.pkl,0.0,0.0,0.0,d:\PBCNet2.0\case\proQ\pickles\ligand_0.pkl,d:\PBCNet2.0\case\proQ\pickles\ligand_2567.pkl,0.8777923583984375
ligand_0.pkl,ligand_2568.pkl,0.0,0.0,0.0,d:\PBCNet2.0\case\proQ\pickles\ligand_0.pkl,d:\PBCNet2.0\case\proQ\pickles\ligand_2568.pkl,0.936994194984436
ligand_0.pkl,ligand_2569.pkl,0.0,0.0,0.0,d:\PBCNet2.0\case\proQ\pickles\ligand_0.pkl,d:\PBCNet2.0\case\proQ\pickles\ligand_2569.pkl,0.8755836486816406
ligand_0.pkl,ligand_257.pkl,0.0,0.0,0.0,d:\PBCNet2.0\case\proQ\pickles\ligand_0.pkl,d:\PBCNet2.0\case\proQ\pickles\ligand_257.pkl,0.8668034672737122
ligand_0.pkl,ligand_2570.pkl,0.0,0.0,0.0,d:\PBCNet2.0\case\proQ\pickles\ligand_0.pkl,d:\PBCNet2.0\case\proQ\pickles\ligand_2570.pkl,0.9626721143722534
ligand_0.pkl,ligand_2571.pkl,0.0,0.0,0.0,d:\PBCNet2.0\case\proQ\pickles\ligand_0.pkl,d:\PBCNet2.0\case\proQ\pickles\ligand_2571.pkl,0.8810402154922485
ligand_0.pkl,ligand_2572.pkl,0.0,0.0,0.0,d:\PBCNet2.0\case\proQ\pickles\ligand_0.pkl,d:\PBCNet2.0\case\proQ\pickles\ligand_2572.pkl,0.9074023962020874
ligand_0.pkl,ligand_2573.pkl,0.0,0.0,0.0,d:\PBCNet2.0\case\proQ\pickles\ligand_0.pkl,d:\PBCNet2.0\case\proQ\pickles\ligand_2573.pkl,0.9240769147872925
ligand_0.pkl,ligand_2574.pkl,0.0,0.0,0.0,d:\PBCNet2.0\case\proQ\pickles\ligand_0.pkl,d:\PBCNet2.0\case\proQ\pickles\ligand_2574.pkl,0.8013832569122314
ligand_0.pkl,ligand_2575.pkl,0.0,0.0,0.0,d:\PBCNet2.0\case\proQ\pickles\ligand_0.pkl,d:\PBCNet2.0\case\proQ\pickles\ligand_2575.pkl,0.7395675778388977
ligand_0.pkl,ligand_2576.pkl,0.0,0.0,0.0,d:\PBCNet2.0\case\proQ\pickles\ligand_0.pkl,d:\PBCNet2.0\case\proQ\pickles\ligand_2576.pkl,0.8730729818344116
ligand_0.pkl,ligand_2577.pkl,0.0,0.0,0.0,d:\PBCNet2.0\case\proQ\pickles\ligand_0.pkl,d:\PBCNet2.0\case\proQ\pickles\ligand_2577.pkl,0.9260116815567017
ligand_0.pkl,ligand_2578.pkl,0.0,0.0,0.0,d:\PBCNet2.0\case\proQ\pickles\ligand_0.pkl,d:\PBCNet2.0\case\proQ\pickles\ligand_2578.pkl,0.9112974405288696
ligand_0.pkl,ligand_2579.pkl,0.0,0.0,0.0,d:\PBCNet2.0\case\proQ\pickles\ligand_0.pkl,d:\PBCNet2.0\case\proQ\pickles\ligand_2579.pkl,0.958182692527771
ligand_0.pkl,ligand_258.pkl,0.0,0.0,0.0,d:\PBCNet2.0\case\proQ\pickles\ligand_0.pkl,d:\PBCNet2.0\case\proQ\pickles\ligand_258.pkl,0.904472827911377
ligand_0.pkl,ligand_2580.pkl,0.0,0.0,0.0,d:\PBCNet2.0\case\proQ\pickles\ligand_0.pkl,d:\PBCNet2.0\case\proQ\pickles\ligand_2580.pkl,0.8834041357040405
ligand_0.pkl,ligand_2581.pkl,0.0,0.0,0.0,d:\PBCNet2.0\case\proQ\pickles\ligand_0.pkl,d:\PBCNet2.0\case\proQ\pickles\ligand_2581.pkl,0.9197759628295898
ligand_0.pkl,ligand_2582.pkl,0.0,0.0,0.0,d:\PBCNet2.0\case\proQ\pickles\ligand_0.pkl,d:\PBCNet2.0\case\proQ\pickles\ligand_2582.pkl,0.9575073719024658
ligand_0.pkl,ligand_2583.pkl,0.0,0.0,0.0,d:\PBCNet2.0\case\proQ\pickles\ligand_0.pkl,d:\PBCNet2.0\case\proQ\pickles\ligand_2583.pkl,0.9149876832962036
ligand_0.pkl,ligand_2584.pkl,0.0,0.0,0.0,d:\PBCNet2.0\case\proQ\pickles\ligand_0.pkl,d:\PBCNet2.0\case\proQ\pickles\ligand_2584.pkl,0.9073952436447144
ligand_0.pkl,ligand_2585.pkl,0.0,0.0,0.0,d:\PBCNet2.0\case\proQ\pickles\ligand_0.pkl,d:\PBCNet2.0\case\proQ\pickles\ligand_2585.pkl,0.9618189334869385
ligand_0.pkl,ligand_2586.pkl,0.0,0.0,0.0,d:\PBCNet2.0\case\proQ\pickles\ligand_0.pkl,d:\PBCNet2.0\case\proQ\pickles\ligand_2586.pkl,0.9144409894943237
ligand_0.pkl,ligand_2587.pkl,0.0,0.0,0.0,d:\PBCNet2.0\case\proQ\pickles\ligand_0.pkl,d:\PBCNet2.0\case\proQ\pickles\ligand_2587.pkl,0.882257878780365
ligand_0.pkl,ligand_2588.pkl,0.0,0.0,0.0,d:\PBCNet2.0\case\proQ\pickles\ligand_0.pkl,d:\PBCNet2.0\case\proQ\pickles\ligand_2588.pkl,0.9252337217330933
ligand_0.pkl,ligand_2589.pkl,0.0,0.0,0.0,d:\PBCNet2.0\case\proQ\pickles\ligand_0.pkl,d:\PBCNet2.0\case\proQ\pickles\ligand_2589.pkl,0.9282491207122803
ligand_0.pkl,ligand_259.pkl,0.0,0.0,0.0,d:\PBCNet2.0\case\proQ\pickles\ligand_0.pkl,d:\PBCNet2.0\case\proQ\pickles\ligand_259.pkl,0.8643137216567993
ligand_0.pkl,ligand_2590.pkl,0.0,0.0,0.0,d:\PBCNet2.0\case\proQ\pickles\ligand_0.pkl,d:\PBCNet2.0\case\proQ\pickles\ligand_2590.pkl,0.9693088531494141
ligand_0.pkl,ligand_2591.pkl,0.0,0.0,0.0,d:\PBCNet2.0\case\proQ\pickles\ligand_0.pkl,d:\PBCNet2.0\case\proQ\pickles\ligand_2591.pkl,1.0336171388626099
ligand_0.pkl,ligand_2592.pkl,0.0,0.0,0.0,d:\PBCNet2.0\case\proQ\pickles\ligand_0.pkl,d:\PBCNet2.0\case\proQ\pickles\ligand_2592.pkl,0.8987449407577515
ligand_0.pkl,ligand_2593.pkl,0.0,0.0,0.0,d:\PBCNet2.0\case\proQ\pickles\ligand_0.pkl,d:\PBCNet2.0\case\proQ\pickles\ligand_2593.pkl,0.823756754398346
ligand_0.pkl,ligand_2594.pkl,0.0,0.0,0.0,d:\PBCNet2.0\case\proQ\pickles\ligand_0.pkl,d:\PBCNet2.0\case\proQ\pickles\ligand_2594.pkl,0.7688179016113281
ligand_0.pkl,ligand_2595.pkl,0.0,0.0,0.0,d:\PBCNet2.0\case\proQ\pickles\ligand_0.pkl,d:\PBCNet2.0\case\proQ\pickles\ligand_2595.pkl,0.7672780156135559
ligand_0.pkl,ligand_2596.pkl,0.0,0.0,0.0,d:\PBCNet2.0\case\proQ\pickles\ligand_0.pkl,d:\PBCNet2.0\case\proQ\pickles\ligand_2596.pkl,0.8429921865463257
ligand_0.pkl,ligand_2597.pkl,0.0,0.0,0.0,d:\PBCNet2.0\case\proQ\pickles\ligand_0.pkl,d:\PBCNet2.0\case\proQ\pickles\ligand_2597.pkl,0.9499664306640625
ligand_0.pkl,ligand_2598.pkl,0.0,0.0,0.0,d:\PBCNet2.0\case\proQ\pickles\ligand_0.pkl,d:\PBCNet2.0\case\proQ\pickles\ligand_2598.pkl,0.9245585203170776
ligand_0.pkl,ligand_2599.pkl,0.0,0.0,0.0,d:\PBCNet2.0\case\proQ\pickles\ligand_0.pkl,d:\PBCNet2.0\case\proQ\pickles\ligand_2599.pkl,0.9495218992233276
ligand_0.pkl,ligand_26.pkl,0.0,0.0,0.0,d:\PBCNet2.0\case\proQ\pickles\ligand_0.pkl,d:\PBCNet2.0\case\proQ\pickles\ligand_26.pkl,0.8981995582580566
ligand_0.pkl,ligand_260.pkl,0.0,0.0,0.0,d:\PBCNet2.0\case\proQ\pickles\ligand_0.pkl,d:\PBCNet2.0\case\proQ\pickles\ligand_260.pkl,0.793049693107605
ligand_0.pkl,ligand_2600.pkl,0.0,0.0,0.0,d:\PBCNet2.0\case\proQ\pickles\ligand_0.pkl,d:\PBCNet2.0\case\proQ\pickles\ligand_2600.pkl,0.7859230637550354
ligand_0.pkl,ligand_2601.pkl,0.0,0.0,0.0,d:\PBCNet2.0\case\proQ\pickles\ligand_0.pkl,d:\PBCNet2.0\case\proQ\pickles\ligand_2601.pkl,0.9398144483566284
ligand_0.pkl,ligand_2602.pkl,0.0,0.0,0.0,d:\PBCNet2.0\case\proQ\pickles\ligand_0.pkl,d:\PBCNet2.0\case\proQ\pickles\ligand_2602.pkl,0.9260247945785522
ligand_0.pkl,ligand_2603.pkl,0.0,0.0,0.0,d:\PBCNet2.0\case\proQ\pickles\ligand_0.pkl,d:\PBCNet2.0\case\proQ\pickles\ligand_2603.pkl,0.9170924425125122
ligand_0.pkl,ligand_2604.pkl,0.0,0.0,0.0,d:\PBCNet2.0\case\proQ\pickles\ligand_0.pkl,d:\PBCNet2.0\case\proQ\pickles\ligand_2604.pkl,0.9544733762741089
ligand_0.pkl,ligand_2605.pkl,0.0,0.0,0.0,d:\PBCNet2.0\case\proQ\pickles\ligand_0.pkl,d:\PBCNet2.0\case\proQ\pickles\ligand_2605.pkl,0.9623548984527588
ligand_0.pkl,ligand_2606.pkl,0.0,0.0,0.0,d:\PBCNet2.0\case\proQ\pickles\ligand_0.pkl,d:\PBCNet2.0\case\proQ\pickles\ligand_2606.pkl,0.9548484086990356
ligand_0.pkl,ligand_2607.pkl,0.0,0.0,0.0,d:\PBCNet2.0\case\proQ\pickles\ligand_0.pkl,d:\PBCNet2.0\case\proQ\pickles\ligand_2607.pkl,0.9426672458648682
ligand_0.pkl,ligand_2608.pkl,0.0,0.0,0.0,d:\PBCNet2.0\case\proQ\pickles\ligand_0.pkl,d:\PBCNet2.0\case\proQ\pickles\ligand_2608.pkl,0.9754527807235718
ligand_0.pkl,ligand_2609.pkl,0.0,0.0,0.0,d:\PBCNet2.0\case\proQ\pickles\ligand_0.pkl,d:\PBCNet2.0\case\proQ\pickles\ligand_2609.pkl,0.9865789413452148
ligand_0.pkl,ligand_261.pkl,0.0,0.0,0.0,d:\PBCNet2.0\case\proQ\pickles\ligand_0.pkl,d:\PBCNet2.0\case\proQ\pickles\ligand_261.pkl,0.90589439868927
ligand_0.pkl,ligand_2610.pkl,0.0,0.0,0.0,d:\PBCNet2.0\case\proQ\pickles\ligand_0.pkl,d:\PBCNet2.0\case\proQ\pickles\ligand_2610.pkl,0.9455119371414185
ligand_0.pkl,ligand_2611.pkl,0.0,0.0,0.0,d:\PBCNet2.0\case\proQ\pickles\ligand_0.pkl,d:\PBCNet2.0\case\proQ\pickles\ligand_2611.pkl,0.9238342046737671
ligand_0.pkl,ligand_2612.pkl,0.0,0.0,0.0,d:\PBCNet2.0\case\proQ\pickles\ligand_0.pkl,d:\PBCNet2.0\case\proQ\pickles\ligand_2612.pkl,0.9435142278671265
ligand_0.pkl,ligand_2613.pkl,0.0,0.0,0.0,d:\PBCNet2.0\case\proQ\pickles\ligand_0.pkl,d:\PBCNet2.0\case\proQ\pickles\ligand_2613.pkl,1.046160340309143
ligand_0.pkl,ligand_2614.pkl,0.0,0.0,0.0,d:\PBCNet2.0\case\proQ\pickles\ligand_0.pkl,d:\PBCNet2.0\case\proQ\pickles\ligand_2614.pkl,0.9375008344650269
ligand_0.pkl,ligand_2615.pkl,0.0,0.0,0.0,d:\PBCNet2.0\case\proQ\pickles\ligand_0.pkl,d:\PBCNet2.0\case\proQ\pickles\ligand_2615.pkl,0.9606314897537231
ligand_0.pkl,ligand_2616.pkl,0.0,0.0,0.0,d:\PBCNet2.0\case\proQ\pickles\ligand_0.pkl,d:\PBCNet2.0\case\proQ\pickles\ligand_2616.pkl,0.9299790859222412
ligand_0.pkl,ligand_2617.pkl,0.0,0.0,0.0,d:\PBCNet2.0\case\proQ\pickles\ligand_0.pkl,d:\PBCNet2.0\case\proQ\pickles\ligand_2617.pkl,1.021864891052246
ligand_0.pkl,ligand_2618.pkl,0.0,0.0,0.0,d:\PBCNet2.0\case\proQ\pickles\ligand_0.pkl,d:\PBCNet2.0\case\proQ\pickles\ligand_2618.pkl,0.8707460165023804
ligand_0.pkl,ligand_2619.pkl,0.0,0.0,0.0,d:\PBCNet2.0\case\proQ\pickles\ligand_0.pkl,d:\PBCNet2.0\case\proQ\pickles\ligand_2619.pkl,0.8530617952346802
ligand_0.pkl,ligand_262.pkl,0.0,0.0,0.0,d:\PBCNet2.0\case\proQ\pickles\ligand_0.pkl,d:\PBCNet2.0\case\proQ\pickles\ligand_262.pkl,0.8947395086288452
ligand_0.pkl,ligand_2620.pkl,0.0,0.0,0.0,d:\PBCNet2.0\case\proQ\pickles\ligand_0.pkl,d:\PBCNet2.0\case\proQ\pickles\ligand_2620.pkl,0.9574908018112183
ligand_0.pkl,ligand_2621.pkl,0.0,0.0,0.0,d:\PBCNet2.0\case\proQ\pickles\ligand_0.pkl,d:\PBCNet2.0\case\proQ\pickles\ligand_2621.pkl,1.0112560987472534
ligand_0.pkl,ligand_2622.pkl,0.0,0.0,0.0,d:\PBCNet2.0\case\proQ\pickles\ligand_0.pkl,d:\PBCNet2.0\case\proQ\pickles\ligand_2622.pkl,0.9543275833129883
ligand_0.pkl,ligand_2623.pkl,0.0,0.0,0.0,d:\PBCNet2.0\case\proQ\pickles\ligand_0.pkl,d:\PBCNet2.0\case\proQ\pickles\ligand_2623.pkl,0.9369109869003296
ligand_0.pkl,ligand_2624.pkl,0.0,0.0,0.0,d:\PBCNet2.0\case\proQ\pickles\ligand_0.pkl,d:\PBCNet2.0\case\proQ\pickles\ligand_2624.pkl,0.9304157495498657
ligand_0.pkl,ligand_2625.pkl,0.0,0.0,0.0,d:\PBCNet2.0\case\proQ\pickles\ligand_0.pkl,d:\PBCNet2.0\case\proQ\pickles\ligand_2625.pkl,0.9137145280838013
ligand_0.pkl,ligand_2626.pkl,0.0,0.0,0.0,d:\PBCNet2.0\case\proQ\pickles\ligand_0.pkl,d:\PBCNet2.0\case\proQ\pickles\ligand_2626.pkl,0.8806054592132568
ligand_0.pkl,ligand_2627.pkl,0.0,0.0,0.0,d:\PBCNet2.0\case\proQ\pickles\ligand_0.pkl,d:\PBCNet2.0\case\proQ\pickles\ligand_2627.pkl,0.904006838798523
ligand_0.pkl,ligand_2628.pkl,0.0,0.0,0.0,d:\PBCNet2.0\case\proQ\pickles\ligand_0.pkl,d:\PBCNet2.0\case\proQ\pickles\ligand_2628.pkl,0.8992310762405396
ligand_0.pkl,ligand_2629.pkl,0.0,0.0,0.0,d:\PBCNet2.0\case\proQ\pickles\ligand_0.pkl,d:\PBCNet2.0\case\proQ\pickles\ligand_2629.pkl,0.9354015588760376
ligand_0.pkl,ligand_263.pkl,0.0,0.0,0.0,d:\PBCNet2.0\case\proQ\pickles\ligand_0.pkl,d:\PBCNet2.0\case\proQ\pickles\ligand_263.pkl,0.8988834619522095
ligand_0.pkl,ligand_2630.pkl,0.0,0.0,0.0,d:\PBCNet2.0\case\proQ\pickles\ligand_0.pkl,d:\PBCNet2.0\case\proQ\pickles\ligand_2630.pkl,0.9543691873550415
ligand_0.pkl,ligand_2631.pkl,0.0,0.0,0.0,d:\PBCNet2.0\case\proQ\pickles\ligand_0.pkl,d:\PBCNet2.0\case\proQ\pickles\ligand_2631.pkl,0.5820380449295044
ligand_0.pkl,ligand_2632.pkl,0.0,0.0,0.0,d:\PBCNet2.0\case\proQ\pickles\ligand_0.pkl,d:\PBCNet2.0\case\proQ\pickles\ligand_2632.pkl,0.8972129821777344
ligand_0.pkl,ligand_2633.pkl,0.0,0.0,0.0,d:\PBCNet2.0\case\proQ\pickles\ligand_0.pkl,d:\PBCNet2.0\case\proQ\pickles\ligand_2633.pkl,1.0259310007095337
ligand_0.pkl,ligand_2634.pkl,0.0,0.0,0.0,d:\PBCNet2.0\case\proQ\pickles\ligand_0.pkl,d:\PBCNet2.0\case\proQ\pickles\ligand_2634.pkl,0.9536503553390503
ligand_0.pkl,ligand_2635.pkl,0.0,0.0,0.0,d:\PBCNet2.0\case\proQ\pickles\ligand_0.pkl,d:\PBCNet2.0\case\proQ\pickles\ligand_2635.pkl,0.8986194133758545
ligand_0.pkl,ligand_2636.pkl,0.0,0.0,0.0,d:\PBCNet2.0\case\proQ\pickles\ligand_0.pkl,d:\PBCNet2.0\case\proQ\pickles\ligand_2636.pkl,0.956190824508667
ligand_0.pkl,ligand_2637.pkl,0.0,0.0,0.0,d:\PBCNet2.0\case\proQ\pickles\ligand_0.pkl,d:\PBCNet2.0\case\proQ\pickles\ligand_2637.pkl,0.9363924264907837
ligand_0.pkl,ligand_2638.pkl,0.0,0.0,0.0,d:\PBCNet2.0\case\proQ\pickles\ligand_0.pkl,d:\PBCNet2.0\case\proQ\pickles\ligand_2638.pkl,0.9118369817733765
ligand_0.pkl,ligand_2639.pkl,0.0,0.0,0.0,d:\PBCNet2.0\case\proQ\pickles\ligand_0.pkl,d:\PBCNet2.0\case\proQ\pickles\ligand_2639.pkl,0.9837139844894409
ligand_0.pkl,ligand_264.pkl,0.0,0.0,0.0,d:\PBCNet2.0\case\proQ\pickles\ligand_0.pkl,d:\PBCNet2.0\case\proQ\pickles\ligand_264.pkl,1.000766634941101
ligand_0.pkl,ligand_2640.pkl,0.0,0.0,0.0,d:\PBCNet2.0\case\proQ\pickles\ligand_0.pkl,d:\PBCNet2.0\case\proQ\pickles\ligand_2640.pkl,1.002668857574463
ligand_0.pkl,ligand_2641.pkl,0.0,0.0,0.0,d:\PBCNet2.0\case\proQ\pickles\ligand_0.pkl,d:\PBCNet2.0\case\proQ\pickles\ligand_2641.pkl,0.9321796894073486
ligand_0.pkl,ligand_2642.pkl,0.0,0.0,0.0,d:\PBCNet2.0\case\proQ\pickles\ligand_0.pkl,d:\PBCNet2.0\case\proQ\pickles\ligand_2642.pkl,0.9737714529037476
ligand_0.pkl,ligand_2643.pkl,0.0,0.0,0.0,d:\PBCNet2.0\case\proQ\pickles\ligand_0.pkl,d:\PBCNet2.0\case\proQ\pickles\ligand_2643.pkl,1.0094325542449951
ligand_0.pkl,ligand_2644.pkl,0.0,0.0,0.0,d:\PBCNet2.0\case\proQ\pickles\ligand_0.pkl,d:\PBCNet2.0\case\proQ\pickles\ligand_2644.pkl,0.41722583770751953
ligand_0.pkl,ligand_2645.pkl,0.0,0.0,0.0,d:\PBCNet2.0\case\proQ\pickles\ligand_0.pkl,d:\PBCNet2.0\case\proQ\pickles\ligand_2645.pkl,1.001762866973877
ligand_0.pkl,ligand_2646.pkl,0.0,0.0,0.0,d:\PBCNet2.0\case\proQ\pickles\ligand_0.pkl,d:\PBCNet2.0\case\proQ\pickles\ligand_2646.pkl,0.952903151512146
ligand_0.pkl,ligand_2647.pkl,0.0,0.0,0.0,d:\PBCNet2.0\case\proQ\pickles\ligand_0.pkl,d:\PBCNet2.0\case\proQ\pickles\ligand_2647.pkl,0.8936469554901123
ligand_0.pkl,ligand_2648.pkl,0.0,0.0,0.0,d:\PBCNet2.0\case\proQ\pickles\ligand_0.pkl,d:\PBCNet2.0\case\proQ\pickles\ligand_2648.pkl,0.9072211980819702
ligand_0.pkl,ligand_2649.pkl,0.0,0.0,0.0,d:\PBCNet2.0\case\proQ\pickles\ligand_0.pkl,d:\PBCNet2.0\case\proQ\pickles\ligand_2649.pkl,0.971497654914856
ligand_0.pkl,ligand_265.pkl,0.0,0.0,0.0,d:\PBCNet2.0\case\proQ\pickles\ligand_0.pkl,d:\PBCNet2.0\case\proQ\pickles\ligand_265.pkl,0.9044574499130249
ligand_0.pkl,ligand_2650.pkl,0.0,0.0,0.0,d:\PBCNet2.0\case\proQ\pickles\ligand_0.pkl,d:\PBCNet2.0\case\proQ\pickles\ligand_2650.pkl,0.8609703183174133
ligand_0.pkl,ligand_2651.pkl,0.0,0.0,0.0,d:\PBCNet2.0\case\proQ\pickles\ligand_0.pkl,d:\PBCNet2.0\case\proQ\pickles\ligand_2651.pkl,0.9767786264419556
ligand_0.pkl,ligand_2652.pkl,0.0,0.0,0.0,d:\PBCNet2.0\case\proQ\pickles\ligand_0.pkl,d:\PBCNet2.0\case\proQ\pickles\ligand_2652.pkl,0.8858628273010254
ligand_0.pkl,ligand_2653.pkl,0.0,0.0,0.0,d:\PBCNet2.0\case\proQ\pickles\ligand_0.pkl,d:\PBCNet2.0\case\proQ\pickles\ligand_2653.pkl,1.0696536302566528
ligand_0.pkl,ligand_2654.pkl,0.0,0.0,0.0,d:\PBCNet2.0\case\proQ\pickles\ligand_0.pkl,d:\PBCNet2.0\case\proQ\pickles\ligand_2654.pkl,0.853169858455658
ligand_0.pkl,ligand_2655.pkl,0.0,0.0,0.0,d:\PBCNet2.0\case\proQ\pickles\ligand_0.pkl,d:\PBCNet2.0\case\proQ\pickles\ligand_2655.pkl,0.8973311185836792
ligand_0.pkl,ligand_2656.pkl,0.0,0.0,0.0,d:\PBCNet2.0\case\proQ\pickles\ligand_0.pkl,d:\PBCNet2.0\case\proQ\pickles\ligand_2656.pkl,0.8319733142852783
ligand_0.pkl,ligand_2657.pkl,0.0,0.0,0.0,d:\PBCNet2.0\case\proQ\pickles\ligand_0.pkl,d:\PBCNet2.0\case\proQ\pickles\ligand_2657.pkl,1.0026342868804932
ligand_0.pkl,ligand_2658.pkl,0.0,0.0,0.0,d:\PBCNet2.0\case\proQ\pickles\ligand_0.pkl,d:\PBCNet2.0\case\proQ\pickles\ligand_2658.pkl,0.9434137344360352
ligand_0.pkl,ligand_2659.pkl,0.0,0.0,0.0,d:\PBCNet2.0\case\proQ\pickles\ligand_0.pkl,d:\PBCNet2.0\case\proQ\pickles\ligand_2659.pkl,0.9385472536087036
ligand_0.pkl,ligand_266.pkl,0.0,0.0,0.0,d:\PBCNet2.0\case\proQ\pickles\ligand_0.pkl,d:\PBCNet2.0\case\proQ\pickles\ligand_266.pkl,0.9143379926681519
ligand_0.pkl,ligand_2660.pkl,0.0,0.0,0.0,d:\PBCNet2.0\case\proQ\pickles\ligand_0.pkl,d:\PBCNet2.0\case\proQ\pickles\ligand_2660.pkl,0.8563731908798218
ligand_0.pkl,ligand_2661.pkl,0.0,0.0,0.0,d:\PBCNet2.0\case\proQ\pickles\ligand_0.pkl,d:\PBCNet2.0\case\proQ\pickles\ligand_2661.pkl,0.9900193214416504
ligand_0.pkl,ligand_2662.pkl,0.0,0.0,0.0,d:\PBCNet2.0\case\proQ\pickles\ligand_0.pkl,d:\PBCNet2.0\case\proQ\pickles\ligand_2662.pkl,0.8326417803764343
ligand_0.pkl,ligand_2663.pkl,0.0,0.0,0.0,d:\PBCNet2.0\case\proQ\pickles\ligand_0.pkl,d:\PBCNet2.0\case\proQ\pickles\ligand_2663.pkl,0.8741055727005005
ligand_0.pkl,ligand_2664.pkl,0.0,0.0,0.0,d:\PBCNet2.0\case\proQ\pickles\ligand_0.pkl,d:\PBCNet2.0\case\proQ\pickles\ligand_2664.pkl,0.9404561519622803
ligand_0.pkl,ligand_2665.pkl,0.0,0.0,0.0,d:\PBCNet2.0\case\proQ\pickles\ligand_0.pkl,d:\PBCNet2.0\case\proQ\pickles\ligand_2665.pkl,0.9489086866378784
ligand_0.pkl,ligand_2666.pkl,0.0,0.0,0.0,d:\PBCNet2.0\case\proQ\pickles\ligand_0.pkl,d:\PBCNet2.0\case\proQ\pickles\ligand_2666.pkl,1.073598027229309
ligand_0.pkl,ligand_2667.pkl,0.0,0.0,0.0,d:\PBCNet2.0\case\proQ\pickles\ligand_0.pkl,d:\PBCNet2.0\case\proQ\pickles\ligand_2667.pkl,0.8745027780532837
ligand_0.pkl,ligand_2668.pkl,0.0,0.0,0.0,d:\PBCNet2.0\case\proQ\pickles\ligand_0.pkl,d:\PBCNet2.0\case\proQ\pickles\ligand_2668.pkl,0.9909014701843262
ligand_0.pkl,ligand_2669.pkl,0.0,0.0,0.0,d:\PBCNet2.0\case\proQ\pickles\ligand_0.pkl,d:\PBCNet2.0\case\proQ\pickles\ligand_2669.pkl,0.8891704082489014
ligand_0.pkl,ligand_267.pkl,0.0,0.0,0.0,d:\PBCNet2.0\case\proQ\pickles\ligand_0.pkl,d:\PBCNet2.0\case\proQ\pickles\ligand_267.pkl,0.8774696588516235
ligand_0.pkl,ligand_2670.pkl,0.0,0.0,0.0,d:\PBCNet2.0\case\proQ\pickles\ligand_0.pkl,d:\PBCNet2.0\case\proQ\pickles\ligand_2670.pkl,0.9872020483016968
ligand_0.pkl,ligand_2671.pkl,0.0,0.0,0.0,d:\PBCNet2.0\case\proQ\pickles\ligand_0.pkl,d:\PBCNet2.0\case\proQ\pickles\ligand_2671.pkl,-0.653668224811554
ligand_0.pkl,ligand_2672.pkl,0.0,0.0,0.0,d:\PBCNet2.0\case\proQ\pickles\ligand_0.pkl,d:\PBCNet2.0\case\proQ\pickles\ligand_2672.pkl,0.9024484157562256
ligand_0.pkl,ligand_2673.pkl,0.0,0.0,0.0,d:\PBCNet2.0\case\proQ\pickles\ligand_0.pkl,d:\PBCNet2.0\case\proQ\pickles\ligand_2673.pkl,0.8598679304122925
ligand_0.pkl,ligand_2674.pkl,0.0,0.0,0.0,d:\PBCNet2.0\case\proQ\pickles\ligand_0.pkl,d:\PBCNet2.0\case\proQ\pickles\ligand_2674.pkl,0.864683985710144
ligand_0.pkl,ligand_2675.pkl,0.0,0.0,0.0,d:\PBCNet2.0\case\proQ\pickles\ligand_0.pkl,d:\PBCNet2.0\case\proQ\pickles\ligand_2675.pkl,1.0064245462417603
ligand_0.pkl,ligand_2676.pkl,0.0,0.0,0.0,d:\PBCNet2.0\case\proQ\pickles\ligand_0.pkl,d:\PBCNet2.0\case\proQ\pickles\ligand_2676.pkl,0.798377513885498
ligand_0.pkl,ligand_2677.pkl,0.0,0.0,0.0,d:\PBCNet2.0\case\proQ\pickles\ligand_0.pkl,d:\PBCNet2.0\case\proQ\pickles\ligand_2677.pkl,0.8553226590156555
ligand_0.pkl,ligand_2678.pkl,0.0,0.0,0.0,d:\PBCNet2.0\case\proQ\pickles\ligand_0.pkl,d:\PBCNet2.0\case\proQ\pickles\ligand_2678.pkl,0.9088551998138428
ligand_0.pkl,ligand_2679.pkl,0.0,0.0,0.0,d:\PBCNet2.0\case\proQ\pickles\ligand_0.pkl,d:\PBCNet2.0\case\proQ\pickles\ligand_2679.pkl,0.6970813274383545
ligand_0.pkl,ligand_268.pkl,0.0,0.0,0.0,d:\PBCNet2.0\case\proQ\pickles\ligand_0.pkl,d:\PBCNet2.0\case\proQ\pickles\ligand_268.pkl,0.6872320771217346
ligand_0.pkl,ligand_2680.pkl,0.0,0.0,0.0,d:\PBCNet2.0\case\proQ\pickles\ligand_0.pkl,d:\PBCNet2.0\case\proQ\pickles\ligand_2680.pkl,0.9515568017959595
ligand_0.pkl,ligand_2681.pkl,0.0,0.0,0.0,d:\PBCNet2.0\case\proQ\pickles\ligand_0.pkl,d:\PBCNet2.0\case\proQ\pickles\ligand_2681.pkl,0.914681077003479
ligand_0.pkl,ligand_2682.pkl,0.0,0.0,0.0,d:\PBCNet2.0\case\proQ\pickles\ligand_0.pkl,d:\PBCNet2.0\case\proQ\pickles\ligand_2682.pkl,0.9056612253189087
ligand_0.pkl,ligand_2683.pkl,0.0,0.0,0.0,d:\PBCNet2.0\case\proQ\pickles\ligand_0.pkl,d:\PBCNet2.0\case\proQ\pickles\ligand_2683.pkl,0.8909591436386108
ligand_0.pkl,ligand_2684.pkl,0.0,0.0,0.0,d:\PBCNet2.0\case\proQ\pickles\ligand_0.pkl,d:\PBCNet2.0\case\proQ\pickles\ligand_2684.pkl,0.9221005439758301
ligand_0.pkl,ligand_2685.pkl,0.0,0.0,0.0,d:\PBCNet2.0\case\proQ\pickles\ligand_0.pkl,d:\PBCNet2.0\case\proQ\pickles\ligand_2685.pkl,0.8490728139877319
ligand_0.pkl,ligand_2686.pkl,0.0,0.0,0.0,d:\PBCNet2.0\case\proQ\pickles\ligand_0.pkl,d:\PBCNet2.0\case\proQ\pickles\ligand_2686.pkl,1.0339940786361694
ligand_0.pkl,ligand_2687.pkl,0.0,0.0,0.0,d:\PBCNet2.0\case\proQ\pickles\ligand_0.pkl,d:\PBCNet2.0\case\proQ\pickles\ligand_2687.pkl,1.023886799812317
ligand_0.pkl,ligand_2688.pkl,0.0,0.0,0.0,d:\PBCNet2.0\case\proQ\pickles\ligand_0.pkl,d:\PBCNet2.0\case\proQ\pickles\ligand_2688.pkl,0.9445809125900269
ligand_0.pkl,ligand_2689.pkl,0.0,0.0,0.0,d:\PBCNet2.0\case\proQ\pickles\ligand_0.pkl,d:\PBCNet2.0\case\proQ\pickles\ligand_2689.pkl,0.8250035047531128
ligand_0.pkl,ligand_269.pkl,0.0,0.0,0.0,d:\PBCNet2.0\case\proQ\pickles\ligand_0.pkl,d:\PBCNet2.0\case\proQ\pickles\ligand_269.pkl,0.9196208715438843
ligand_0.pkl,ligand_2690.pkl,0.0,0.0,0.0,d:\PBCNet2.0\case\proQ\pickles\ligand_0.pkl,d:\PBCNet2.0\case\proQ\pickles\ligand_2690.pkl,1.0227696895599365
ligand_0.pkl,ligand_2691.pkl,0.0,0.0,0.0,d:\PBCNet2.0\case\proQ\pickles\ligand_0.pkl,d:\PBCNet2.0\case\proQ\pickles\ligand_2691.pkl,0.8893632888793945
ligand_0.pkl,ligand_2692.pkl,0.0,0.0,0.0,d:\PBCNet2.0\case\proQ\pickles\ligand_0.pkl,d:\PBCNet2.0\case\proQ\pickles\ligand_2692.pkl,0.925129771232605
ligand_0.pkl,ligand_2693.pkl,0.0,0.0,0.0,d:\PBCNet2.0\case\proQ\pickles\ligand_0.pkl,d:\PBCNet2.0\case\proQ\pickles\ligand_2693.pkl,0.8538272976875305
ligand_0.pkl,ligand_2694.pkl,0.0,0.0,0.0,d:\PBCNet2.0\case\proQ\pickles\ligand_0.pkl,d:\PBCNet2.0\case\proQ\pickles\ligand_2694.pkl,0.9588751792907715
ligand_0.pkl,ligand_2695.pkl,0.0,0.0,0.0,d:\PBCNet2.0\case\proQ\pickles\ligand_0.pkl,d:\PBCNet2.0\case\proQ\pickles\ligand_2695.pkl,0.9858711957931519
ligand_0.pkl,ligand_2696.pkl,0.0,0.0,0.0,d:\PBCNet2.0\case\proQ\pickles\ligand_0.pkl,d:\PBCNet2.0\case\proQ\pickles\ligand_2696.pkl,1.0170289278030396
ligand_0.pkl,ligand_2697.pkl,0.0,0.0,0.0,d:\PBCNet2.0\case\proQ\pickles\ligand_0.pkl,d:\PBCNet2.0\case\proQ\pickles\ligand_2697.pkl,0.9366661310195923
ligand_0.pkl,ligand_2698.pkl,0.0,0.0,0.0,d:\PBCNet2.0\case\proQ\pickles\ligand_0.pkl,d:\PBCNet2.0\case\proQ\pickles\ligand_2698.pkl,1.007851004600525
ligand_0.pkl,ligand_2699.pkl,0.0,0.0,0.0,d:\PBCNet2.0\case\proQ\pickles\ligand_0.pkl,d:\PBCNet2.0\case\proQ\pickles\ligand_2699.pkl,1.0618979930877686
ligand_0.pkl,ligand_27.pkl,0.0,0.0,0.0,d:\PBCNet2.0\case\proQ\pickles\ligand_0.pkl,d:\PBCNet2.0\case\proQ\pickles\ligand_27.pkl,0.890587568283081
ligand_0.pkl,ligand_270.pkl,0.0,0.0,0.0,d:\PBCNet2.0\case\proQ\pickles\ligand_0.pkl,d:\PBCNet2.0\case\proQ\pickles\ligand_270.pkl,0.8584693074226379
ligand_0.pkl,ligand_2700.pkl,0.0,0.0,0.0,d:\PBCNet2.0\case\proQ\pickles\ligand_0.pkl,d:\PBCNet2.0\case\proQ\pickles\ligand_2700.pkl,0.9774479866027832
ligand_0.pkl,ligand_2701.pkl,0.0,0.0,0.0,d:\PBCNet2.0\case\proQ\pickles\ligand_0.pkl,d:\PBCNet2.0\case\proQ\pickles\ligand_2701.pkl,0.9264534711837769
ligand_0.pkl,ligand_2702.pkl,0.0,0.0,0.0,d:\PBCNet2.0\case\proQ\pickles\ligand_0.pkl,d:\PBCNet2.0\case\proQ\pickles\ligand_2702.pkl,1.0141290426254272
ligand_0.pkl,ligand_2703.pkl,0.0,0.0,0.0,d:\PBCNet2.0\case\proQ\pickles\ligand_0.pkl,d:\PBCNet2.0\case\proQ\pickles\ligand_2703.pkl,0.9367080926895142
ligand_0.pkl,ligand_2704.pkl,0.0,0.0,0.0,d:\PBCNet2.0\case\proQ\pickles\ligand_0.pkl,d:\PBCNet2.0\case\proQ\pickles\ligand_2704.pkl,0.9328035116195679
ligand_0.pkl,ligand_2705.pkl,0.0,0.0,0.0,d:\PBCNet2.0\case\proQ\pickles\ligand_0.pkl,d:\PBCNet2.0\case\proQ\pickles\ligand_2705.pkl,0.9626494646072388
ligand_0.pkl,ligand_2706.pkl,0.0,0.0,0.0,d:\PBCNet2.0\case\proQ\pickles\ligand_0.pkl,d:\PBCNet2.0\case\proQ\pickles\ligand_2706.pkl,0.9639228582382202
ligand_0.pkl,ligand_2707.pkl,0.0,0.0,0.0,d:\PBCNet2.0\case\proQ\pickles\ligand_0.pkl,d:\PBCNet2.0\case\proQ\pickles\ligand_2707.pkl,0.8484350442886353
ligand_0.pkl,ligand_2708.pkl,0.0,0.0,0.0,d:\PBCNet2.0\case\proQ\pickles\ligand_0.pkl,d:\PBCNet2.0\case\proQ\pickles\ligand_2708.pkl,0.9079241752624512
ligand_0.pkl,ligand_2709.pkl,0.0,0.0,0.0,d:\PBCNet2.0\case\proQ\pickles\ligand_0.pkl,d:\PBCNet2.0\case\proQ\pickles\ligand_2709.pkl,0.830685019493103
ligand_0.pkl,ligand_271.pkl,0.0,0.0,0.0,d:\PBCNet2.0\case\proQ\pickles\ligand_0.pkl,d:\PBCNet2.0\case\proQ\pickles\ligand_271.pkl,0.8133829236030579
ligand_0.pkl,ligand_2710.pkl,0.0,0.0,0.0,d:\PBCNet2.0\case\proQ\pickles\ligand_0.pkl,d:\PBCNet2.0\case\proQ\pickles\ligand_2710.pkl,0.9723914861679077
ligand_0.pkl,ligand_2711.pkl,0.0,0.0,0.0,d:\PBCNet2.0\case\proQ\pickles\ligand_0.pkl,d:\PBCNet2.0\case\proQ\pickles\ligand_2711.pkl,1.0069959163665771
ligand_0.pkl,ligand_2712.pkl,0.0,0.0,0.0,d:\PBCNet2.0\case\proQ\pickles\ligand_0.pkl,d:\PBCNet2.0\case\proQ\pickles\ligand_2712.pkl,1.015648365020752
ligand_0.pkl,ligand_2713.pkl,0.0,0.0,0.0,d:\PBCNet2.0\case\proQ\pickles\ligand_0.pkl,d:\PBCNet2.0\case\proQ\pickles\ligand_2713.pkl,1.0416051149368286
ligand_0.pkl,ligand_2714.pkl,0.0,0.0,0.0,d:\PBCNet2.0\case\proQ\pickles\ligand_0.pkl,d:\PBCNet2.0\case\proQ\pickles\ligand_2714.pkl,0.9164048433303833
ligand_0.pkl,ligand_2715.pkl,0.0,0.0,0.0,d:\PBCNet2.0\case\proQ\pickles\ligand_0.pkl,d:\PBCNet2.0\case\proQ\pickles\ligand_2715.pkl,0.8879562616348267
ligand_0.pkl,ligand_2716.pkl,0.0,0.0,0.0,d:\PBCNet2.0\case\proQ\pickles\ligand_0.pkl,d:\PBCNet2.0\case\proQ\pickles\ligand_2716.pkl,1.039794921875
ligand_0.pkl,ligand_2717.pkl,0.0,0.0,0.0,d:\PBCNet2.0\case\proQ\pickles\ligand_0.pkl,d:\PBCNet2.0\case\proQ\pickles\ligand_2717.pkl,0.9281723499298096
ligand_0.pkl,ligand_2718.pkl,0.0,0.0,0.0,d:\PBCNet2.0\case\proQ\pickles\ligand_0.pkl,d:\PBCNet2.0\case\proQ\pickles\ligand_2718.pkl,0.9619923830032349
ligand_0.pkl,ligand_2719.pkl,0.0,0.0,0.0,d:\PBCNet2.0\case\proQ\pickles\ligand_0.pkl,d:\PBCNet2.0\case\proQ\pickles\ligand_2719.pkl,0.9015473127365112
ligand_0.pkl,ligand_272.pkl,0.0,0.0,0.0,d:\PBCNet2.0\case\proQ\pickles\ligand_0.pkl,d:\PBCNet2.0\case\proQ\pickles\ligand_272.pkl,0.9516608715057373
ligand_0.pkl,ligand_2720.pkl,0.0,0.0,0.0,d:\PBCNet2.0\case\proQ\pickles\ligand_0.pkl,d:\PBCNet2.0\case\proQ\pickles\ligand_2720.pkl,0.28307437896728516
ligand_0.pkl,ligand_2721.pkl,0.0,0.0,0.0,d:\PBCNet2.0\case\proQ\pickles\ligand_0.pkl,d:\PBCNet2.0\case\proQ\pickles\ligand_2721.pkl,0.9751604795455933
ligand_0.pkl,ligand_2722.pkl,0.0,0.0,0.0,d:\PBCNet2.0\case\proQ\pickles\ligand_0.pkl,d:\PBCNet2.0\case\proQ\pickles\ligand_2722.pkl,0.8886975049972534
ligand_0.pkl,ligand_2723.pkl,0.0,0.0,0.0,d:\PBCNet2.0\case\proQ\pickles\ligand_0.pkl,d:\PBCNet2.0\case\proQ\pickles\ligand_2723.pkl,0.9653147459030151
ligand_0.pkl,ligand_2724.pkl,0.0,0.0,0.0,d:\PBCNet2.0\case\proQ\pickles\ligand_0.pkl,d:\PBCNet2.0\case\proQ\pickles\ligand_2724.pkl,0.9422000646591187
ligand_0.pkl,ligand_2725.pkl,0.0,0.0,0.0,d:\PBCNet2.0\case\proQ\pickles\ligand_0.pkl,d:\PBCNet2.0\case\proQ\pickles\ligand_2725.pkl,0.721908688545227
ligand_0.pkl,ligand_2726.pkl,0.0,0.0,0.0,d:\PBCNet2.0\case\proQ\pickles\ligand_0.pkl,d:\PBCNet2.0\case\proQ\pickles\ligand_2726.pkl,0.9317322969436646
ligand_0.pkl,ligand_2727.pkl,0.0,0.0,0.0,d:\PBCNet2.0\case\proQ\pickles\ligand_0.pkl,d:\PBCNet2.0\case\proQ\pickles\ligand_2727.pkl,1.0208114385604858
ligand_0.pkl,ligand_2728.pkl,0.0,0.0,0.0,d:\PBCNet2.0\case\proQ\pickles\ligand_0.pkl,d:\PBCNet2.0\case\proQ\pickles\ligand_2728.pkl,0.9176980257034302
ligand_0.pkl,ligand_2729.pkl,0.0,0.0,0.0,d:\PBCNet2.0\case\proQ\pickles\ligand_0.pkl,d:\PBCNet2.0\case\proQ\pickles\ligand_2729.pkl,0.844535768032074
ligand_0.pkl,ligand_273.pkl,0.0,0.0,0.0,d:\PBCNet2.0\case\proQ\pickles\ligand_0.pkl,d:\PBCNet2.0\case\proQ\pickles\ligand_273.pkl,0.9505280256271362
ligand_0.pkl,ligand_2730.pkl,0.0,0.0,0.0,d:\PBCNet2.0\case\proQ\pickles\ligand_0.pkl,d:\PBCNet2.0\case\proQ\pickles\ligand_2730.pkl,0.9116209745407104
ligand_0.pkl,ligand_2731.pkl,0.0,0.0,0.0,d:\PBCNet2.0\case\proQ\pickles\ligand_0.pkl,d:\PBCNet2.0\case\proQ\pickles\ligand_2731.pkl,1.0225181579589844
ligand_0.pkl,ligand_2732.pkl,0.0,0.0,0.0,d:\PBCNet2.0\case\proQ\pickles\ligand_0.pkl,d:\PBCNet2.0\case\proQ\pickles\ligand_2732.pkl,-0.29901546239852905
ligand_0.pkl,ligand_2733.pkl,0.0,0.0,0.0,d:\PBCNet2.0\case\proQ\pickles\ligand_0.pkl,d:\PBCNet2.0\case\proQ\pickles\ligand_2733.pkl,1.0638939142227173
ligand_0.pkl,ligand_2734.pkl,0.0,0.0,0.0,d:\PBCNet2.0\case\proQ\pickles\ligand_0.pkl,d:\PBCNet2.0\case\proQ\pickles\ligand_2734.pkl,0.9463649988174438
ligand_0.pkl,ligand_2735.pkl,0.0,0.0,0.0,d:\PBCNet2.0\case\proQ\pickles\ligand_0.pkl,d:\PBCNet2.0\case\proQ\pickles\ligand_2735.pkl,1.002663493156433
ligand_0.pkl,ligand_2736.pkl,0.0,0.0,0.0,d:\PBCNet2.0\case\proQ\pickles\ligand_0.pkl,d:\PBCNet2.0\case\proQ\pickles\ligand_2736.pkl,0.9152970314025879
ligand_0.pkl,ligand_2737.pkl,0.0,0.0,0.0,d:\PBCNet2.0\case\proQ\pickles\ligand_0.pkl,d:\PBCNet2.0\case\proQ\pickles\ligand_2737.pkl,0.9762591123580933
ligand_0.pkl,ligand_2738.pkl,0.0,0.0,0.0,d:\PBCNet2.0\case\proQ\pickles\ligand_0.pkl,d:\PBCNet2.0\case\proQ\pickles\ligand_2738.pkl,1.0022557973861694
ligand_0.pkl,ligand_2739.pkl,0.0,0.0,0.0,d:\PBCNet2.0\case\proQ\pickles\ligand_0.pkl,d:\PBCNet2.0\case\proQ\pickles\ligand_2739.pkl,0.7335306406021118
ligand_0.pkl,ligand_274.pkl,0.0,0.0,0.0,d:\PBCNet2.0\case\proQ\pickles\ligand_0.pkl,d:\PBCNet2.0\case\proQ\pickles\ligand_274.pkl,0.8801694512367249
ligand_0.pkl,ligand_2740.pkl,0.0,0.0,0.0,d:\PBCNet2.0\case\proQ\pickles\ligand_0.pkl,d:\PBCNet2.0\case\proQ\pickles\ligand_2740.pkl,0.8513075113296509
ligand_0.pkl,ligand_2741.pkl,0.0,0.0,0.0,d:\PBCNet2.0\case\proQ\pickles\ligand_0.pkl,d:\PBCNet2.0\case\proQ\pickles\ligand_2741.pkl,0.9312528371810913
ligand_0.pkl,ligand_2742.pkl,0.0,0.0,0.0,d:\PBCNet2.0\case\proQ\pickles\ligand_0.pkl,d:\PBCNet2.0\case\proQ\pickles\ligand_2742.pkl,0.9939335584640503
ligand_0.pkl,ligand_2743.pkl,0.0,0.0,0.0,d:\PBCNet2.0\case\proQ\pickles\ligand_0.pkl,d:\PBCNet2.0\case\proQ\pickles\ligand_2743.pkl,0.9345993995666504
ligand_0.pkl,ligand_2744.pkl,0.0,0.0,0.0,d:\PBCNet2.0\case\proQ\pickles\ligand_0.pkl,d:\PBCNet2.0\case\proQ\pickles\ligand_2744.pkl,0.9272302389144897
ligand_0.pkl,ligand_2745.pkl,0.0,0.0,0.0,d:\PBCNet2.0\case\proQ\pickles\ligand_0.pkl,d:\PBCNet2.0\case\proQ\pickles\ligand_2745.pkl,0.9429763555526733
ligand_0.pkl,ligand_2746.pkl,0.0,0.0,0.0,d:\PBCNet2.0\case\proQ\pickles\ligand_0.pkl,d:\PBCNet2.0\case\proQ\pickles\ligand_2746.pkl,0.8274444341659546
ligand_0.pkl,ligand_2747.pkl,0.0,0.0,0.0,d:\PBCNet2.0\case\proQ\pickles\ligand_0.pkl,d:\PBCNet2.0\case\proQ\pickles\ligand_2747.pkl,0.9699976444244385
ligand_0.pkl,ligand_2748.pkl,0.0,0.0,0.0,d:\PBCNet2.0\case\proQ\pickles\ligand_0.pkl,d:\PBCNet2.0\case\proQ\pickles\ligand_2748.pkl,0.47127765417099
ligand_0.pkl,ligand_2749.pkl,0.0,0.0,0.0,d:\PBCNet2.0\case\proQ\pickles\ligand_0.pkl,d:\PBCNet2.0\case\proQ\pickles\ligand_2749.pkl,0.9040769338607788
ligand_0.pkl,ligand_275.pkl,0.0,0.0,0.0,d:\PBCNet2.0\case\proQ\pickles\ligand_0.pkl,d:\PBCNet2.0\case\proQ\pickles\ligand_275.pkl,0.927374005317688
ligand_0.pkl,ligand_2750.pkl,0.0,0.0,0.0,d:\PBCNet2.0\case\proQ\pickles\ligand_0.pkl,d:\PBCNet2.0\case\proQ\pickles\ligand_2750.pkl,0.9060910940170288
ligand_0.pkl,ligand_2751.pkl,0.0,0.0,0.0,d:\PBCNet2.0\case\proQ\pickles\ligand_0.pkl,d:\PBCNet2.0\case\proQ\pickles\ligand_2751.pkl,0.8926327228546143
ligand_0.pkl,ligand_2752.pkl,0.0,0.0,0.0,d:\PBCNet2.0\case\proQ\pickles\ligand_0.pkl,d:\PBCNet2.0\case\proQ\pickles\ligand_2752.pkl,0.9822710752487183
ligand_0.pkl,ligand_2753.pkl,0.0,0.0,0.0,d:\PBCNet2.0\case\proQ\pickles\ligand_0.pkl,d:\PBCNet2.0\case\proQ\pickles\ligand_2753.pkl,0.9043068885803223
ligand_0.pkl,ligand_2754.pkl,0.0,0.0,0.0,d:\PBCNet2.0\case\proQ\pickles\ligand_0.pkl,d:\PBCNet2.0\case\proQ\pickles\ligand_2754.pkl,0.9463773965835571
ligand_0.pkl,ligand_2755.pkl,0.0,0.0,0.0,d:\PBCNet2.0\case\proQ\pickles\ligand_0.pkl,d:\PBCNet2.0\case\proQ\pickles\ligand_2755.pkl,0.9798916578292847
ligand_0.pkl,ligand_2756.pkl,0.0,0.0,0.0,d:\PBCNet2.0\case\proQ\pickles\ligand_0.pkl,d:\PBCNet2.0\case\proQ\pickles\ligand_2756.pkl,0.889705240726471
ligand_0.pkl,ligand_2757.pkl,0.0,0.0,0.0,d:\PBCNet2.0\case\proQ\pickles\ligand_0.pkl,d:\PBCNet2.0\case\proQ\pickles\ligand_2757.pkl,0.8682317733764648
ligand_0.pkl,ligand_2758.pkl,0.0,0.0,0.0,d:\PBCNet2.0\case\proQ\pickles\ligand_0.pkl,d:\PBCNet2.0\case\proQ\pickles\ligand_2758.pkl,0.5883574485778809
ligand_0.pkl,ligand_2759.pkl,0.0,0.0,0.0,d:\PBCNet2.0\case\proQ\pickles\ligand_0.pkl,d:\PBCNet2.0\case\proQ\pickles\ligand_2759.pkl,1.0137795209884644
ligand_0.pkl,ligand_276.pkl,0.0,0.0,0.0,d:\PBCNet2.0\case\proQ\pickles\ligand_0.pkl,d:\PBCNet2.0\case\proQ\pickles\ligand_276.pkl,0.8802165985107422
ligand_0.pkl,ligand_2760.pkl,0.0,0.0,0.0,d:\PBCNet2.0\case\proQ\pickles\ligand_0.pkl,d:\PBCNet2.0\case\proQ\pickles\ligand_2760.pkl,0.9211890697479248
ligand_0.pkl,ligand_2761.pkl,0.0,0.0,0.0,d:\PBCNet2.0\case\proQ\pickles\ligand_0.pkl,d:\PBCNet2.0\case\proQ\pickles\ligand_2761.pkl,1.0351957082748413
ligand_0.pkl,ligand_2762.pkl,0.0,0.0,0.0,d:\PBCNet2.0\case\proQ\pickles\ligand_0.pkl,d:\PBCNet2.0\case\proQ\pickles\ligand_2762.pkl,0.994336724281311
ligand_0.pkl,ligand_2763.pkl,0.0,0.0,0.0,d:\PBCNet2.0\case\proQ\pickles\ligand_0.pkl,d:\PBCNet2.0\case\proQ\pickles\ligand_2763.pkl,0.9880751371383667
ligand_0.pkl,ligand_2764.pkl,0.0,0.0,0.0,d:\PBCNet2.0\case\proQ\pickles\ligand_0.pkl,d:\PBCNet2.0\case\proQ\pickles\ligand_2764.pkl,0.9914973974227905
ligand_0.pkl,ligand_2765.pkl,0.0,0.0,0.0,d:\PBCNet2.0\case\proQ\pickles\ligand_0.pkl,d:\PBCNet2.0\case\proQ\pickles\ligand_2765.pkl,0.9719201326370239
ligand_0.pkl,ligand_2766.pkl,0.0,0.0,0.0,d:\PBCNet2.0\case\proQ\pickles\ligand_0.pkl,d:\PBCNet2.0\case\proQ\pickles\ligand_2766.pkl,1.0148106813430786
ligand_0.pkl,ligand_2767.pkl,0.0,0.0,0.0,d:\PBCNet2.0\case\proQ\pickles\ligand_0.pkl,d:\PBCNet2.0\case\proQ\pickles\ligand_2767.pkl,0.8618221282958984
ligand_0.pkl,ligand_2768.pkl,0.0,0.0,0.0,d:\PBCNet2.0\case\proQ\pickles\ligand_0.pkl,d:\PBCNet2.0\case\proQ\pickles\ligand_2768.pkl,0.933024525642395
ligand_0.pkl,ligand_2769.pkl,0.0,0.0,0.0,d:\PBCNet2.0\case\proQ\pickles\ligand_0.pkl,d:\PBCNet2.0\case\proQ\pickles\ligand_2769.pkl,0.8483372926712036
ligand_0.pkl,ligand_277.pkl,0.0,0.0,0.0,d:\PBCNet2.0\case\proQ\pickles\ligand_0.pkl,d:\PBCNet2.0\case\proQ\pickles\ligand_277.pkl,0.9617141485214233
ligand_0.pkl,ligand_2770.pkl,0.0,0.0,0.0,d:\PBCNet2.0\case\proQ\pickles\ligand_0.pkl,d:\PBCNet2.0\case\proQ\pickles\ligand_2770.pkl,0.9599637985229492
ligand_0.pkl,ligand_2771.pkl,0.0,0.0,0.0,d:\PBCNet2.0\case\proQ\pickles\ligand_0.pkl,d:\PBCNet2.0\case\proQ\pickles\ligand_2771.pkl,0.9774552583694458
ligand_0.pkl,ligand_2772.pkl,0.0,0.0,0.0,d:\PBCNet2.0\case\proQ\pickles\ligand_0.pkl,d:\PBCNet2.0\case\proQ\pickles\ligand_2772.pkl,0.9339557886123657
ligand_0.pkl,ligand_2773.pkl,0.0,0.0,0.0,d:\PBCNet2.0\case\proQ\pickles\ligand_0.pkl,d:\PBCNet2.0\case\proQ\pickles\ligand_2773.pkl,0.9621301889419556
ligand_0.pkl,ligand_2774.pkl,0.0,0.0,0.0,d:\PBCNet2.0\case\proQ\pickles\ligand_0.pkl,d:\PBCNet2.0\case\proQ\pickles\ligand_2774.pkl,0.8959351778030396
ligand_0.pkl,ligand_2775.pkl,0.0,0.0,0.0,d:\PBCNet2.0\case\proQ\pickles\ligand_0.pkl,d:\PBCNet2.0\case\proQ\pickles\ligand_2775.pkl,0.8706411123275757
ligand_0.pkl,ligand_2776.pkl,0.0,0.0,0.0,d:\PBCNet2.0\case\proQ\pickles\ligand_0.pkl,d:\PBCNet2.0\case\proQ\pickles\ligand_2776.pkl,0.9187757968902588
ligand_0.pkl,ligand_2777.pkl,0.0,0.0,0.0,d:\PBCNet2.0\case\proQ\pickles\ligand_0.pkl,d:\PBCNet2.0\case\proQ\pickles\ligand_2777.pkl,0.8613364696502686
ligand_0.pkl,ligand_2778.pkl,0.0,0.0,0.0,d:\PBCNet2.0\case\proQ\pickles\ligand_0.pkl,d:\PBCNet2.0\case\proQ\pickles\ligand_2778.pkl,0.8909580707550049
ligand_0.pkl,ligand_2779.pkl,0.0,0.0,0.0,d:\PBCNet2.0\case\proQ\pickles\ligand_0.pkl,d:\PBCNet2.0\case\proQ\pickles\ligand_2779.pkl,1.0630568265914917
ligand_0.pkl,ligand_278.pkl,0.0,0.0,0.0,d:\PBCNet2.0\case\proQ\pickles\ligand_0.pkl,d:\PBCNet2.0\case\proQ\pickles\ligand_278.pkl,0.9195948839187622
ligand_0.pkl,ligand_2780.pkl,0.0,0.0,0.0,d:\PBCNet2.0\case\proQ\pickles\ligand_0.pkl,d:\PBCNet2.0\case\proQ\pickles\ligand_2780.pkl,0.8691731691360474
ligand_0.pkl,ligand_2781.pkl,0.0,0.0,0.0,d:\PBCNet2.0\case\proQ\pickles\ligand_0.pkl,d:\PBCNet2.0\case\proQ\pickles\ligand_2781.pkl,0.9989479780197144
ligand_0.pkl,ligand_2782.pkl,0.0,0.0,0.0,d:\PBCNet2.0\case\proQ\pickles\ligand_0.pkl,d:\PBCNet2.0\case\proQ\pickles\ligand_2782.pkl,0.9187973737716675
ligand_0.pkl,ligand_2783.pkl,0.0,0.0,0.0,d:\PBCNet2.0\case\proQ\pickles\ligand_0.pkl,d:\PBCNet2.0\case\proQ\pickles\ligand_2783.pkl,0.8857618570327759
ligand_0.pkl,ligand_2784.pkl,0.0,0.0,0.0,d:\PBCNet2.0\case\proQ\pickles\ligand_0.pkl,d:\PBCNet2.0\case\proQ\pickles\ligand_2784.pkl,0.9311927556991577
ligand_0.pkl,ligand_2785.pkl,0.0,0.0,0.0,d:\PBCNet2.0\case\proQ\pickles\ligand_0.pkl,d:\PBCNet2.0\case\proQ\pickles\ligand_2785.pkl,1.0157557725906372
ligand_0.pkl,ligand_2786.pkl,0.0,0.0,0.0,d:\PBCNet2.0\case\proQ\pickles\ligand_0.pkl,d:\PBCNet2.0\case\proQ\pickles\ligand_2786.pkl,0.8550423979759216
ligand_0.pkl,ligand_2787.pkl,0.0,0.0,0.0,d:\PBCNet2.0\case\proQ\pickles\ligand_0.pkl,d:\PBCNet2.0\case\proQ\pickles\ligand_2787.pkl,1.0033560991287231
ligand_0.pkl,ligand_2788.pkl,0.0,0.0,0.0,d:\PBCNet2.0\case\proQ\pickles\ligand_0.pkl,d:\PBCNet2.0\case\proQ\pickles\ligand_2788.pkl,0.9123409986495972
ligand_0.pkl,ligand_2789.pkl,0.0,0.0,0.0,d:\PBCNet2.0\case\proQ\pickles\ligand_0.pkl,d:\PBCNet2.0\case\proQ\pickles\ligand_2789.pkl,0.9754005670547485
ligand_0.pkl,ligand_279.pkl,0.0,0.0,0.0,d:\PBCNet2.0\case\proQ\pickles\ligand_0.pkl,d:\PBCNet2.0\case\proQ\pickles\ligand_279.pkl,0.7657406330108643
ligand_0.pkl,ligand_2790.pkl,0.0,0.0,0.0,d:\PBCNet2.0\case\proQ\pickles\ligand_0.pkl,d:\PBCNet2.0\case\proQ\pickles\ligand_2790.pkl,0.962058424949646
ligand_0.pkl,ligand_2791.pkl,0.0,0.0,0.0,d:\PBCNet2.0\case\proQ\pickles\ligand_0.pkl,d:\PBCNet2.0\case\proQ\pickles\ligand_2791.pkl,0.9463814496994019
ligand_0.pkl,ligand_2792.pkl,0.0,0.0,0.0,d:\PBCNet2.0\case\proQ\pickles\ligand_0.pkl,d:\PBCNet2.0\case\proQ\pickles\ligand_2792.pkl,1.0445911884307861
ligand_0.pkl,ligand_2793.pkl,0.0,0.0,0.0,d:\PBCNet2.0\case\proQ\pickles\ligand_0.pkl,d:\PBCNet2.0\case\proQ\pickles\ligand_2793.pkl,0.8820421695709229
ligand_0.pkl,ligand_2794.pkl,0.0,0.0,0.0,d:\PBCNet2.0\case\proQ\pickles\ligand_0.pkl,d:\PBCNet2.0\case\proQ\pickles\ligand_2794.pkl,0.9950896501541138
ligand_0.pkl,ligand_2795.pkl,0.0,0.0,0.0,d:\PBCNet2.0\case\proQ\pickles\ligand_0.pkl,d:\PBCNet2.0\case\proQ\pickles\ligand_2795.pkl,0.8039746880531311
ligand_0.pkl,ligand_2796.pkl,0.0,0.0,0.0,d:\PBCNet2.0\case\proQ\pickles\ligand_0.pkl,d:\PBCNet2.0\case\proQ\pickles\ligand_2796.pkl,0.8553803563117981
ligand_0.pkl,ligand_2797.pkl,0.0,0.0,0.0,d:\PBCNet2.0\case\proQ\pickles\ligand_0.pkl,d:\PBCNet2.0\case\proQ\pickles\ligand_2797.pkl,0.9391635656356812
ligand_0.pkl,ligand_2798.pkl,0.0,0.0,0.0,d:\PBCNet2.0\case\proQ\pickles\ligand_0.pkl,d:\PBCNet2.0\case\proQ\pickles\ligand_2798.pkl,0.9051419496536255
ligand_0.pkl,ligand_2799.pkl,0.0,0.0,0.0,d:\PBCNet2.0\case\proQ\pickles\ligand_0.pkl,d:\PBCNet2.0\case\proQ\pickles\ligand_2799.pkl,0.9778493642807007
ligand_0.pkl,ligand_28.pkl,0.0,0.0,0.0,d:\PBCNet2.0\case\proQ\pickles\ligand_0.pkl,d:\PBCNet2.0\case\proQ\pickles\ligand_28.pkl,0.5113505125045776
ligand_0.pkl,ligand_280.pkl,0.0,0.0,0.0,d:\PBCNet2.0\case\proQ\pickles\ligand_0.pkl,d:\PBCNet2.0\case\proQ\pickles\ligand_280.pkl,0.9505518674850464
ligand_0.pkl,ligand_2800.pkl,0.0,0.0,0.0,d:\PBCNet2.0\case\proQ\pickles\ligand_0.pkl,d:\PBCNet2.0\case\proQ\pickles\ligand_2800.pkl,1.0701733827590942
ligand_0.pkl,ligand_2801.pkl,0.0,0.0,0.0,d:\PBCNet2.0\case\proQ\pickles\ligand_0.pkl,d:\PBCNet2.0\case\proQ\pickles\ligand_2801.pkl,0.9144589900970459
ligand_0.pkl,ligand_2802.pkl,0.0,0.0,0.0,d:\PBCNet2.0\case\proQ\pickles\ligand_0.pkl,d:\PBCNet2.0\case\proQ\pickles\ligand_2802.pkl,0.544089674949646
ligand_0.pkl,ligand_2803.pkl,0.0,0.0,0.0,d:\PBCNet2.0\case\proQ\pickles\ligand_0.pkl,d:\PBCNet2.0\case\proQ\pickles\ligand_2803.pkl,0.9478254318237305
ligand_0.pkl,ligand_2804.pkl,0.0,0.0,0.0,d:\PBCNet2.0\case\proQ\pickles\ligand_0.pkl,d:\PBCNet2.0\case\proQ\pickles\ligand_2804.pkl,0.9676296710968018
ligand_0.pkl,ligand_2805.pkl,0.0,0.0,0.0,d:\PBCNet2.0\case\proQ\pickles\ligand_0.pkl,d:\PBCNet2.0\case\proQ\pickles\ligand_2805.pkl,0.9168847799301147
ligand_0.pkl,ligand_2806.pkl,0.0,0.0,0.0,d:\PBCNet2.0\case\proQ\pickles\ligand_0.pkl,d:\PBCNet2.0\case\proQ\pickles\ligand_2806.pkl,0.8757177591323853
ligand_0.pkl,ligand_2807.pkl,0.0,0.0,0.0,d:\PBCNet2.0\case\proQ\pickles\ligand_0.pkl,d:\PBCNet2.0\case\proQ\pickles\ligand_2807.pkl,1.0006998777389526
ligand_0.pkl,ligand_2808.pkl,0.0,0.0,0.0,d:\PBCNet2.0\case\proQ\pickles\ligand_0.pkl,d:\PBCNet2.0\case\proQ\pickles\ligand_2808.pkl,0.8809484243392944
ligand_0.pkl,ligand_2809.pkl,0.0,0.0,0.0,d:\PBCNet2.0\case\proQ\pickles\ligand_0.pkl,d:\PBCNet2.0\case\proQ\pickles\ligand_2809.pkl,0.9669358730316162
ligand_0.pkl,ligand_281.pkl,0.0,0.0,0.0,d:\PBCNet2.0\case\proQ\pickles\ligand_0.pkl,d:\PBCNet2.0\case\proQ\pickles\ligand_281.pkl,0.6014494895935059
ligand_0.pkl,ligand_2810.pkl,0.0,0.0,0.0,d:\PBCNet2.0\case\proQ\pickles\ligand_0.pkl,d:\PBCNet2.0\case\proQ\pickles\ligand_2810.pkl,0.7224308252334595
ligand_0.pkl,ligand_2811.pkl,0.0,0.0,0.0,d:\PBCNet2.0\case\proQ\pickles\ligand_0.pkl,d:\PBCNet2.0\case\proQ\pickles\ligand_2811.pkl,0.9592405557632446
ligand_0.pkl,ligand_2812.pkl,0.0,0.0,0.0,d:\PBCNet2.0\case\proQ\pickles\ligand_0.pkl,d:\PBCNet2.0\case\proQ\pickles\ligand_2812.pkl,1.0337833166122437
ligand_0.pkl,ligand_2813.pkl,0.0,0.0,0.0,d:\PBCNet2.0\case\proQ\pickles\ligand_0.pkl,d:\PBCNet2.0\case\proQ\pickles\ligand_2813.pkl,0.9197777509689331
ligand_0.pkl,ligand_2814.pkl,0.0,0.0,0.0,d:\PBCNet2.0\case\proQ\pickles\ligand_0.pkl,d:\PBCNet2.0\case\proQ\pickles\ligand_2814.pkl,0.8645644783973694
ligand_0.pkl,ligand_2815.pkl,0.0,0.0,0.0,d:\PBCNet2.0\case\proQ\pickles\ligand_0.pkl,d:\PBCNet2.0\case\proQ\pickles\ligand_2815.pkl,0.8080627918243408
ligand_0.pkl,ligand_2816.pkl,0.0,0.0,0.0,d:\PBCNet2.0\case\proQ\pickles\ligand_0.pkl,d:\PBCNet2.0\case\proQ\pickles\ligand_2816.pkl,0.779607892036438
ligand_0.pkl,ligand_2817.pkl,0.0,0.0,0.0,d:\PBCNet2.0\case\proQ\pickles\ligand_0.pkl,d:\PBCNet2.0\case\proQ\pickles\ligand_2817.pkl,0.9133316278457642
ligand_0.pkl,ligand_2818.pkl,0.0,0.0,0.0,d:\PBCNet2.0\case\proQ\pickles\ligand_0.pkl,d:\PBCNet2.0\case\proQ\pickles\ligand_2818.pkl,0.8937038779258728
ligand_0.pkl,ligand_2819.pkl,0.0,0.0,0.0,d:\PBCNet2.0\case\proQ\pickles\ligand_0.pkl,d:\PBCNet2.0\case\proQ\pickles\ligand_2819.pkl,0.9434307813644409
ligand_0.pkl,ligand_282.pkl,0.0,0.0,0.0,d:\PBCNet2.0\case\proQ\pickles\ligand_0.pkl,d:\PBCNet2.0\case\proQ\pickles\ligand_282.pkl,0.8156648874282837
ligand_0.pkl,ligand_2820.pkl,0.0,0.0,0.0,d:\PBCNet2.0\case\proQ\pickles\ligand_0.pkl,d:\PBCNet2.0\case\proQ\pickles\ligand_2820.pkl,0.9285293817520142
ligand_0.pkl,ligand_2821.pkl,0.0,0.0,0.0,d:\PBCNet2.0\case\proQ\pickles\ligand_0.pkl,d:\PBCNet2.0\case\proQ\pickles\ligand_2821.pkl,0.9830372333526611
ligand_0.pkl,ligand_2822.pkl,0.0,0.0,0.0,d:\PBCNet2.0\case\proQ\pickles\ligand_0.pkl,d:\PBCNet2.0\case\proQ\pickles\ligand_2822.pkl,1.0698176622390747
ligand_0.pkl,ligand_2823.pkl,0.0,0.0,0.0,d:\PBCNet2.0\case\proQ\pickles\ligand_0.pkl,d:\PBCNet2.0\case\proQ\pickles\ligand_2823.pkl,0.9903784990310669
ligand_0.pkl,ligand_2824.pkl,0.0,0.0,0.0,d:\PBCNet2.0\case\proQ\pickles\ligand_0.pkl,d:\PBCNet2.0\case\proQ\pickles\ligand_2824.pkl,1.036152720451355
ligand_0.pkl,ligand_2825.pkl,0.0,0.0,0.0,d:\PBCNet2.0\case\proQ\pickles\ligand_0.pkl,d:\PBCNet2.0\case\proQ\pickles\ligand_2825.pkl,0.9492031335830688
ligand_0.pkl,ligand_2826.pkl,0.0,0.0,0.0,d:\PBCNet2.0\case\proQ\pickles\ligand_0.pkl,d:\PBCNet2.0\case\proQ\pickles\ligand_2826.pkl,0.8737882375717163
ligand_0.pkl,ligand_2827.pkl,0.0,0.0,0.0,d:\PBCNet2.0\case\proQ\pickles\ligand_0.pkl,d:\PBCNet2.0\case\proQ\pickles\ligand_2827.pkl,0.8814800977706909
ligand_0.pkl,ligand_2828.pkl,0.0,0.0,0.0,d:\PBCNet2.0\case\proQ\pickles\ligand_0.pkl,d:\PBCNet2.0\case\proQ\pickles\ligand_2828.pkl,0.9681881666183472
ligand_0.pkl,ligand_2829.pkl,0.0,0.0,0.0,d:\PBCNet2.0\case\proQ\pickles\ligand_0.pkl,d:\PBCNet2.0\case\proQ\pickles\ligand_2829.pkl,1.0722039937973022
ligand_0.pkl,ligand_283.pkl,0.0,0.0,0.0,d:\PBCNet2.0\case\proQ\pickles\ligand_0.pkl,d:\PBCNet2.0\case\proQ\pickles\ligand_283.pkl,0.8604384660720825
ligand_0.pkl,ligand_2830.pkl,0.0,0.0,0.0,d:\PBCNet2.0\case\proQ\pickles\ligand_0.pkl,d:\PBCNet2.0\case\proQ\pickles\ligand_2830.pkl,0.9227179288864136
ligand_0.pkl,ligand_2831.pkl,0.0,0.0,0.0,d:\PBCNet2.0\case\proQ\pickles\ligand_0.pkl,d:\PBCNet2.0\case\proQ\pickles\ligand_2831.pkl,0.8652287721633911
ligand_0.pkl,ligand_2832.pkl,0.0,0.0,0.0,d:\PBCNet2.0\case\proQ\pickles\ligand_0.pkl,d:\PBCNet2.0\case\proQ\pickles\ligand_2832.pkl,1.1134237051010132
ligand_0.pkl,ligand_2833.pkl,0.0,0.0,0.0,d:\PBCNet2.0\case\proQ\pickles\ligand_0.pkl,d:\PBCNet2.0\case\proQ\pickles\ligand_2833.pkl,0.8973643779754639
ligand_0.pkl,ligand_2834.pkl,0.0,0.0,0.0,d:\PBCNet2.0\case\proQ\pickles\ligand_0.pkl,d:\PBCNet2.0\case\proQ\pickles\ligand_2834.pkl,0.9113814830780029
ligand_0.pkl,ligand_2835.pkl,0.0,0.0,0.0,d:\PBCNet2.0\case\proQ\pickles\ligand_0.pkl,d:\PBCNet2.0\case\proQ\pickles\ligand_2835.pkl,0.9103063344955444
ligand_0.pkl,ligand_2836.pkl,0.0,0.0,0.0,d:\PBCNet2.0\case\proQ\pickles\ligand_0.pkl,d:\PBCNet2.0\case\proQ\pickles\ligand_2836.pkl,0.8947171568870544
ligand_0.pkl,ligand_2837.pkl,0.0,0.0,0.0,d:\PBCNet2.0\case\proQ\pickles\ligand_0.pkl,d:\PBCNet2.0\case\proQ\pickles\ligand_2837.pkl,0.9306813478469849
ligand_0.pkl,ligand_2838.pkl,0.0,0.0,0.0,d:\PBCNet2.0\case\proQ\pickles\ligand_0.pkl,d:\PBCNet2.0\case\proQ\pickles\ligand_2838.pkl,0.9304455518722534
ligand_0.pkl,ligand_2839.pkl,0.0,0.0,0.0,d:\PBCNet2.0\case\proQ\pickles\ligand_0.pkl,d:\PBCNet2.0\case\proQ\pickles\ligand_2839.pkl,0.8647904396057129
ligand_0.pkl,ligand_284.pkl,0.0,0.0,0.0,d:\PBCNet2.0\case\proQ\pickles\ligand_0.pkl,d:\PBCNet2.0\case\proQ\pickles\ligand_284.pkl,0.7933120131492615
ligand_0.pkl,ligand_2840.pkl,0.0,0.0,0.0,d:\PBCNet2.0\case\proQ\pickles\ligand_0.pkl,d:\PBCNet2.0\case\proQ\pickles\ligand_2840.pkl,0.9131261110305786
ligand_0.pkl,ligand_2841.pkl,0.0,0.0,0.0,d:\PBCNet2.0\case\proQ\pickles\ligand_0.pkl,d:\PBCNet2.0\case\proQ\pickles\ligand_2841.pkl,0.8818274140357971
ligand_0.pkl,ligand_2842.pkl,0.0,0.0,0.0,d:\PBCNet2.0\case\proQ\pickles\ligand_0.pkl,d:\PBCNet2.0\case\proQ\pickles\ligand_2842.pkl,1.028826355934143
ligand_0.pkl,ligand_2843.pkl,0.0,0.0,0.0,d:\PBCNet2.0\case\proQ\pickles\ligand_0.pkl,d:\PBCNet2.0\case\proQ\pickles\ligand_2843.pkl,0.9497233629226685
ligand_0.pkl,ligand_2844.pkl,0.0,0.0,0.0,d:\PBCNet2.0\case\proQ\pickles\ligand_0.pkl,d:\PBCNet2.0\case\proQ\pickles\ligand_2844.pkl,0.9552229642868042
ligand_0.pkl,ligand_2845.pkl,0.0,0.0,0.0,d:\PBCNet2.0\case\proQ\pickles\ligand_0.pkl,d:\PBCNet2.0\case\proQ\pickles\ligand_2845.pkl,0.936850905418396
ligand_0.pkl,ligand_2846.pkl,0.0,0.0,0.0,d:\PBCNet2.0\case\proQ\pickles\ligand_0.pkl,d:\PBCNet2.0\case\proQ\pickles\ligand_2846.pkl,0.9661537408828735
ligand_0.pkl,ligand_2847.pkl,0.0,0.0,0.0,d:\PBCNet2.0\case\proQ\pickles\ligand_0.pkl,d:\PBCNet2.0\case\proQ\pickles\ligand_2847.pkl,0.9366031885147095
ligand_0.pkl,ligand_2848.pkl,0.0,0.0,0.0,d:\PBCNet2.0\case\proQ\pickles\ligand_0.pkl,d:\PBCNet2.0\case\proQ\pickles\ligand_2848.pkl,0.8933220505714417
ligand_0.pkl,ligand_2849.pkl,0.0,0.0,0.0,d:\PBCNet2.0\case\proQ\pickles\ligand_0.pkl,d:\PBCNet2.0\case\proQ\pickles\ligand_2849.pkl,0.9280823469161987
ligand_0.pkl,ligand_285.pkl,0.0,0.0,0.0,d:\PBCNet2.0\case\proQ\pickles\ligand_0.pkl,d:\PBCNet2.0\case\proQ\pickles\ligand_285.pkl,0.8910866975784302
ligand_0.pkl,ligand_2850.pkl,0.0,0.0,0.0,d:\PBCNet2.0\case\proQ\pickles\ligand_0.pkl,d:\PBCNet2.0\case\proQ\pickles\ligand_2850.pkl,0.9592007398605347
ligand_0.pkl,ligand_2851.pkl,0.0,0.0,0.0,d:\PBCNet2.0\case\proQ\pickles\ligand_0.pkl,d:\PBCNet2.0\case\proQ\pickles\ligand_2851.pkl,0.02480967342853546
ligand_0.pkl,ligand_2852.pkl,0.0,0.0,0.0,d:\PBCNet2.0\case\proQ\pickles\ligand_0.pkl,d:\PBCNet2.0\case\proQ\pickles\ligand_2852.pkl,0.9983102083206177
ligand_0.pkl,ligand_2853.pkl,0.0,0.0,0.0,d:\PBCNet2.0\case\proQ\pickles\ligand_0.pkl,d:\PBCNet2.0\case\proQ\pickles\ligand_2853.pkl,0.861580491065979
ligand_0.pkl,ligand_286.pkl,0.0,0.0,0.0,d:\PBCNet2.0\case\proQ\pickles\ligand_0.pkl,d:\PBCNet2.0\case\proQ\pickles\ligand_286.pkl,0.9225143194198608
ligand_0.pkl,ligand_287.pkl,0.0,0.0,0.0,d:\PBCNet2.0\case\proQ\pickles\ligand_0.pkl,d:\PBCNet2.0\case\proQ\pickles\ligand_287.pkl,0.9482170343399048
ligand_0.pkl,ligand_288.pkl,0.0,0.0,0.0,d:\PBCNet2.0\case\proQ\pickles\ligand_0.pkl,d:\PBCNet2.0\case\proQ\pickles\ligand_288.pkl,0.9387902021408081
ligand_0.pkl,ligand_289.pkl,0.0,0.0,0.0,d:\PBCNet2.0\case\proQ\pickles\ligand_0.pkl,d:\PBCNet2.0\case\proQ\pickles\ligand_289.pkl,0.9549320936203003
ligand_0.pkl,ligand_29.pkl,0.0,0.0,0.0,d:\PBCNet2.0\case\proQ\pickles\ligand_0.pkl,d:\PBCNet2.0\case\proQ\pickles\ligand_29.pkl,0.9168685674667358
ligand_0.pkl,ligand_290.pkl,0.0,0.0,0.0,d:\PBCNet2.0\case\proQ\pickles\ligand_0.pkl,d:\PBCNet2.0\case\proQ\pickles\ligand_290.pkl,0.9975289106369019
ligand_0.pkl,ligand_291.pkl,0.0,0.0,0.0,d:\PBCNet2.0\case\proQ\pickles\ligand_0.pkl,d:\PBCNet2.0\case\proQ\pickles\ligand_291.pkl,0.9498504400253296
ligand_0.pkl,ligand_292.pkl,0.0,0.0,0.0,d:\PBCNet2.0\case\proQ\pickles\ligand_0.pkl,d:\PBCNet2.0\case\proQ\pickles\ligand_292.pkl,0.8897585868835449
ligand_0.pkl,ligand_293.pkl,0.0,0.0,0.0,d:\PBCNet2.0\case\proQ\pickles\ligand_0.pkl,d:\PBCNet2.0\case\proQ\pickles\ligand_293.pkl,1.0493625402450562
ligand_0.pkl,ligand_294.pkl,0.0,0.0,0.0,d:\PBCNet2.0\case\proQ\pickles\ligand_0.pkl,d:\PBCNet2.0\case\proQ\pickles\ligand_294.pkl,0.8566723465919495
ligand_0.pkl,ligand_295.pkl,0.0,0.0,0.0,d:\PBCNet2.0\case\proQ\pickles\ligand_0.pkl,d:\PBCNet2.0\case\proQ\pickles\ligand_295.pkl,0.8925120830535889
ligand_0.pkl,ligand_296.pkl,0.0,0.0,0.0,d:\PBCNet2.0\case\proQ\pickles\ligand_0.pkl,d:\PBCNet2.0\case\proQ\pickles\ligand_296.pkl,0.8956457376480103
ligand_0.pkl,ligand_297.pkl,0.0,0.0,0.0,d:\PBCNet2.0\case\proQ\pickles\ligand_0.pkl,d:\PBCNet2.0\case\proQ\pickles\ligand_297.pkl,0.8744106292724609
ligand_0.pkl,ligand_298.pkl,0.0,0.0,0.0,d:\PBCNet2.0\case\proQ\pickles\ligand_0.pkl,d:\PBCNet2.0\case\proQ\pickles\ligand_298.pkl,0.7929673194885254
ligand_0.pkl,ligand_299.pkl,0.0,0.0,0.0,d:\PBCNet2.0\case\proQ\pickles\ligand_0.pkl,d:\PBCNet2.0\case\proQ\pickles\ligand_299.pkl,0.8791489601135254
ligand_0.pkl,ligand_3.pkl,0.0,0.0,0.0,d:\PBCNet2.0\case\proQ\pickles\ligand_0.pkl,d:\PBCNet2.0\case\proQ\pickles\ligand_3.pkl,0.4273075461387634
ligand_0.pkl,ligand_30.pkl,0.0,0.0,0.0,d:\PBCNet2.0\case\proQ\pickles\ligand_0.pkl,d:\PBCNet2.0\case\proQ\pickles\ligand_30.pkl,0.9552841186523438
ligand_0.pkl,ligand_300.pkl,0.0,0.0,0.0,d:\PBCNet2.0\case\proQ\pickles\ligand_0.pkl,d:\PBCNet2.0\case\proQ\pickles\ligand_300.pkl,0.9936822652816772
ligand_0.pkl,ligand_301.pkl,0.0,0.0,0.0,d:\PBCNet2.0\case\proQ\pickles\ligand_0.pkl,d:\PBCNet2.0\case\proQ\pickles\ligand_301.pkl,0.9663926362991333
ligand_0.pkl,ligand_302.pkl,0.0,0.0,0.0,d:\PBCNet2.0\case\proQ\pickles\ligand_0.pkl,d:\PBCNet2.0\case\proQ\pickles\ligand_302.pkl,0.8739659786224365
ligand_0.pkl,ligand_303.pkl,0.0,0.0,0.0,d:\PBCNet2.0\case\proQ\pickles\ligand_0.pkl,d:\PBCNet2.0\case\proQ\pickles\ligand_303.pkl,1.0098077058792114
ligand_0.pkl,ligand_304.pkl,0.0,0.0,0.0,d:\PBCNet2.0\case\proQ\pickles\ligand_0.pkl,d:\PBCNet2.0\case\proQ\pickles\ligand_304.pkl,0.7755053639411926
ligand_0.pkl,ligand_305.pkl,0.0,0.0,0.0,d:\PBCNet2.0\case\proQ\pickles\ligand_0.pkl,d:\PBCNet2.0\case\proQ\pickles\ligand_305.pkl,0.8859328031539917
ligand_0.pkl,ligand_306.pkl,0.0,0.0,0.0,d:\PBCNet2.0\case\proQ\pickles\ligand_0.pkl,d:\PBCNet2.0\case\proQ\pickles\ligand_306.pkl,0.8356586694717407
ligand_0.pkl,ligand_307.pkl,0.0,0.0,0.0,d:\PBCNet2.0\case\proQ\pickles\ligand_0.pkl,d:\PBCNet2.0\case\proQ\pickles\ligand_307.pkl,0.7788906097412109
ligand_0.pkl,ligand_308.pkl,0.0,0.0,0.0,d:\PBCNet2.0\case\proQ\pickles\ligand_0.pkl,d:\PBCNet2.0\case\proQ\pickles\ligand_308.pkl,0.8803752660751343
ligand_0.pkl,ligand_309.pkl,0.0,0.0,0.0,d:\PBCNet2.0\case\proQ\pickles\ligand_0.pkl,d:\PBCNet2.0\case\proQ\pickles\ligand_309.pkl,0.9163587093353271
ligand_0.pkl,ligand_31.pkl,0.0,0.0,0.0,d:\PBCNet2.0\case\proQ\pickles\ligand_0.pkl,d:\PBCNet2.0\case\proQ\pickles\ligand_31.pkl,0.9582811594009399
ligand_0.pkl,ligand_310.pkl,0.0,0.0,0.0,d:\PBCNet2.0\case\proQ\pickles\ligand_0.pkl,d:\PBCNet2.0\case\proQ\pickles\ligand_310.pkl,0.8556201457977295
ligand_0.pkl,ligand_311.pkl,0.0,0.0,0.0,d:\PBCNet2.0\case\proQ\pickles\ligand_0.pkl,d:\PBCNet2.0\case\proQ\pickles\ligand_311.pkl,0.8154598474502563
ligand_0.pkl,ligand_312.pkl,0.0,0.0,0.0,d:\PBCNet2.0\case\proQ\pickles\ligand_0.pkl,d:\PBCNet2.0\case\proQ\pickles\ligand_312.pkl,0.9649947881698608
ligand_0.pkl,ligand_313.pkl,0.0,0.0,0.0,d:\PBCNet2.0\case\proQ\pickles\ligand_0.pkl,d:\PBCNet2.0\case\proQ\pickles\ligand_313.pkl,0.870952844619751
ligand_0.pkl,ligand_314.pkl,0.0,0.0,0.0,d:\PBCNet2.0\case\proQ\pickles\ligand_0.pkl,d:\PBCNet2.0\case\proQ\pickles\ligand_314.pkl,0.9358130693435669
ligand_0.pkl,ligand_315.pkl,0.0,0.0,0.0,d:\PBCNet2.0\case\proQ\pickles\ligand_0.pkl,d:\PBCNet2.0\case\proQ\pickles\ligand_315.pkl,0.8801413774490356
ligand_0.pkl,ligand_316.pkl,0.0,0.0,0.0,d:\PBCNet2.0\case\proQ\pickles\ligand_0.pkl,d:\PBCNet2.0\case\proQ\pickles\ligand_316.pkl,0.9114099740982056
ligand_0.pkl,ligand_317.pkl,0.0,0.0,0.0,d:\PBCNet2.0\case\proQ\pickles\ligand_0.pkl,d:\PBCNet2.0\case\proQ\pickles\ligand_317.pkl,0.958662748336792
ligand_0.pkl,ligand_318.pkl,0.0,0.0,0.0,d:\PBCNet2.0\case\proQ\pickles\ligand_0.pkl,d:\PBCNet2.0\case\proQ\pickles\ligand_318.pkl,0.8987138271331787
ligand_0.pkl,ligand_319.pkl,0.0,0.0,0.0,d:\PBCNet2.0\case\proQ\pickles\ligand_0.pkl,d:\PBCNet2.0\case\proQ\pickles\ligand_319.pkl,0.9947618246078491
ligand_0.pkl,ligand_32.pkl,0.0,0.0,0.0,d:\PBCNet2.0\case\proQ\pickles\ligand_0.pkl,d:\PBCNet2.0\case\proQ\pickles\ligand_32.pkl,0.8907145261764526
ligand_0.pkl,ligand_320.pkl,0.0,0.0,0.0,d:\PBCNet2.0\case\proQ\pickles\ligand_0.pkl,d:\PBCNet2.0\case\proQ\pickles\ligand_320.pkl,0.8679198622703552
ligand_0.pkl,ligand_321.pkl,0.0,0.0,0.0,d:\PBCNet2.0\case\proQ\pickles\ligand_0.pkl,d:\PBCNet2.0\case\proQ\pickles\ligand_321.pkl,0.9228528738021851
ligand_0.pkl,ligand_322.pkl,0.0,0.0,0.0,d:\PBCNet2.0\case\proQ\pickles\ligand_0.pkl,d:\PBCNet2.0\case\proQ\pickles\ligand_322.pkl,1.0267407894134521
ligand_0.pkl,ligand_323.pkl,0.0,0.0,0.0,d:\PBCNet2.0\case\proQ\pickles\ligand_0.pkl,d:\PBCNet2.0\case\proQ\pickles\ligand_323.pkl,0.9130949974060059
ligand_0.pkl,ligand_324.pkl,0.0,0.0,0.0,d:\PBCNet2.0\case\proQ\pickles\ligand_0.pkl,d:\PBCNet2.0\case\proQ\pickles\ligand_324.pkl,0.9304041862487793
ligand_0.pkl,ligand_325.pkl,0.0,0.0,0.0,d:\PBCNet2.0\case\proQ\pickles\ligand_0.pkl,d:\PBCNet2.0\case\proQ\pickles\ligand_325.pkl,0.9840396642684937
ligand_0.pkl,ligand_326.pkl,0.0,0.0,0.0,d:\PBCNet2.0\case\proQ\pickles\ligand_0.pkl,d:\PBCNet2.0\case\proQ\pickles\ligand_326.pkl,0.9682701826095581
ligand_0.pkl,ligand_327.pkl,0.0,0.0,0.0,d:\PBCNet2.0\case\proQ\pickles\ligand_0.pkl,d:\PBCNet2.0\case\proQ\pickles\ligand_327.pkl,0.9204118251800537
ligand_0.pkl,ligand_328.pkl,0.0,0.0,0.0,d:\PBCNet2.0\case\proQ\pickles\ligand_0.pkl,d:\PBCNet2.0\case\proQ\pickles\ligand_328.pkl,0.9650923013687134
ligand_0.pkl,ligand_329.pkl,0.0,0.0,0.0,d:\PBCNet2.0\case\proQ\pickles\ligand_0.pkl,d:\PBCNet2.0\case\proQ\pickles\ligand_329.pkl,1.0095230340957642
ligand_0.pkl,ligand_33.pkl,0.0,0.0,0.0,d:\PBCNet2.0\case\proQ\pickles\ligand_0.pkl,d:\PBCNet2.0\case\proQ\pickles\ligand_33.pkl,0.9330885410308838
ligand_0.pkl,ligand_330.pkl,0.0,0.0,0.0,d:\PBCNet2.0\case\proQ\pickles\ligand_0.pkl,d:\PBCNet2.0\case\proQ\pickles\ligand_330.pkl,0.876591682434082
ligand_0.pkl,ligand_331.pkl,0.0,0.0,0.0,d:\PBCNet2.0\case\proQ\pickles\ligand_0.pkl,d:\PBCNet2.0\case\proQ\pickles\ligand_331.pkl,0.7891683578491211
ligand_0.pkl,ligand_332.pkl,0.0,0.0,0.0,d:\PBCNet2.0\case\proQ\pickles\ligand_0.pkl,d:\PBCNet2.0\case\proQ\pickles\ligand_332.pkl,0.8632242679595947
ligand_0.pkl,ligand_333.pkl,0.0,0.0,0.0,d:\PBCNet2.0\case\proQ\pickles\ligand_0.pkl,d:\PBCNet2.0\case\proQ\pickles\ligand_333.pkl,0.9740697145462036
ligand_0.pkl,ligand_334.pkl,0.0,0.0,0.0,d:\PBCNet2.0\case\proQ\pickles\ligand_0.pkl,d:\PBCNet2.0\case\proQ\pickles\ligand_334.pkl,0.8413853645324707
ligand_0.pkl,ligand_335.pkl,0.0,0.0,0.0,d:\PBCNet2.0\case\proQ\pickles\ligand_0.pkl,d:\PBCNet2.0\case\proQ\pickles\ligand_335.pkl,0.8292640447616577
ligand_0.pkl,ligand_336.pkl,0.0,0.0,0.0,d:\PBCNet2.0\case\proQ\pickles\ligand_0.pkl,d:\PBCNet2.0\case\proQ\pickles\ligand_336.pkl,0.8806848526000977
ligand_0.pkl,ligand_337.pkl,0.0,0.0,0.0,d:\PBCNet2.0\case\proQ\pickles\ligand_0.pkl,d:\PBCNet2.0\case\proQ\pickles\ligand_337.pkl,1.0182746648788452
ligand_0.pkl,ligand_338.pkl,0.0,0.0,0.0,d:\PBCNet2.0\case\proQ\pickles\ligand_0.pkl,d:\PBCNet2.0\case\proQ\pickles\ligand_338.pkl,0.9043881893157959
ligand_0.pkl,ligand_339.pkl,0.0,0.0,0.0,d:\PBCNet2.0\case\proQ\pickles\ligand_0.pkl,d:\PBCNet2.0\case\proQ\pickles\ligand_339.pkl,0.9649696350097656
ligand_0.pkl,ligand_34.pkl,0.0,0.0,0.0,d:\PBCNet2.0\case\proQ\pickles\ligand_0.pkl,d:\PBCNet2.0\case\proQ\pickles\ligand_34.pkl,0.9008475542068481
ligand_0.pkl,ligand_340.pkl,0.0,0.0,0.0,d:\PBCNet2.0\case\proQ\pickles\ligand_0.pkl,d:\PBCNet2.0\case\proQ\pickles\ligand_340.pkl,0.9184801578521729
ligand_0.pkl,ligand_341.pkl,0.0,0.0,0.0,d:\PBCNet2.0\case\proQ\pickles\ligand_0.pkl,d:\PBCNet2.0\case\proQ\pickles\ligand_341.pkl,0.9318722486495972
ligand_0.pkl,ligand_342.pkl,0.0,0.0,0.0,d:\PBCNet2.0\case\proQ\pickles\ligand_0.pkl,d:\PBCNet2.0\case\proQ\pickles\ligand_342.pkl,0.923019528388977
ligand_0.pkl,ligand_343.pkl,0.0,0.0,0.0,d:\PBCNet2.0\case\proQ\pickles\ligand_0.pkl,d:\PBCNet2.0\case\proQ\pickles\ligand_343.pkl,0.8261526823043823
ligand_0.pkl,ligand_344.pkl,0.0,0.0,0.0,d:\PBCNet2.0\case\proQ\pickles\ligand_0.pkl,d:\PBCNet2.0\case\proQ\pickles\ligand_344.pkl,0.7739351987838745
ligand_0.pkl,ligand_345.pkl,0.0,0.0,0.0,d:\PBCNet2.0\case\proQ\pickles\ligand_0.pkl,d:\PBCNet2.0\case\proQ\pickles\ligand_345.pkl,0.8675817847251892
ligand_0.pkl,ligand_346.pkl,0.0,0.0,0.0,d:\PBCNet2.0\case\proQ\pickles\ligand_0.pkl,d:\PBCNet2.0\case\proQ\pickles\ligand_346.pkl,0.8820555210113525
ligand_0.pkl,ligand_347.pkl,0.0,0.0,0.0,d:\PBCNet2.0\case\proQ\pickles\ligand_0.pkl,d:\PBCNet2.0\case\proQ\pickles\ligand_347.pkl,1.020540475845337
ligand_0.pkl,ligand_348.pkl,0.0,0.0,0.0,d:\PBCNet2.0\case\proQ\pickles\ligand_0.pkl,d:\PBCNet2.0\case\proQ\pickles\ligand_348.pkl,0.8768287897109985
ligand_0.pkl,ligand_349.pkl,0.0,0.0,0.0,d:\PBCNet2.0\case\proQ\pickles\ligand_0.pkl,d:\PBCNet2.0\case\proQ\pickles\ligand_349.pkl,0.9483177661895752
ligand_0.pkl,ligand_35.pkl,0.0,0.0,0.0,d:\PBCNet2.0\case\proQ\pickles\ligand_0.pkl,d:\PBCNet2.0\case\proQ\pickles\ligand_35.pkl,0.8011170625686646
ligand_0.pkl,ligand_350.pkl,0.0,0.0,0.0,d:\PBCNet2.0\case\proQ\pickles\ligand_0.pkl,d:\PBCNet2.0\case\proQ\pickles\ligand_350.pkl,0.8390412926673889
ligand_0.pkl,ligand_351.pkl,0.0,0.0,0.0,d:\PBCNet2.0\case\proQ\pickles\ligand_0.pkl,d:\PBCNet2.0\case\proQ\pickles\ligand_351.pkl,0.88025963306427
ligand_0.pkl,ligand_352.pkl,0.0,0.0,0.0,d:\PBCNet2.0\case\proQ\pickles\ligand_0.pkl,d:\PBCNet2.0\case\proQ\pickles\ligand_352.pkl,0.9149657487869263
ligand_0.pkl,ligand_353.pkl,0.0,0.0,0.0,d:\PBCNet2.0\case\proQ\pickles\ligand_0.pkl,d:\PBCNet2.0\case\proQ\pickles\ligand_353.pkl,1.017252802848816
ligand_0.pkl,ligand_354.pkl,0.0,0.0,0.0,d:\PBCNet2.0\case\proQ\pickles\ligand_0.pkl,d:\PBCNet2.0\case\proQ\pickles\ligand_354.pkl,0.9567960500717163
ligand_0.pkl,ligand_355.pkl,0.0,0.0,0.0,d:\PBCNet2.0\case\proQ\pickles\ligand_0.pkl,d:\PBCNet2.0\case\proQ\pickles\ligand_355.pkl,0.9876443147659302
ligand_0.pkl,ligand_356.pkl,0.0,0.0,0.0,d:\PBCNet2.0\case\proQ\pickles\ligand_0.pkl,d:\PBCNet2.0\case\proQ\pickles\ligand_356.pkl,0.94425368309021
ligand_0.pkl,ligand_357.pkl,0.0,0.0,0.0,d:\PBCNet2.0\case\proQ\pickles\ligand_0.pkl,d:\PBCNet2.0\case\proQ\pickles\ligand_357.pkl,0.9947510957717896
ligand_0.pkl,ligand_358.pkl,0.0,0.0,0.0,d:\PBCNet2.0\case\proQ\pickles\ligand_0.pkl,d:\PBCNet2.0\case\proQ\pickles\ligand_358.pkl,0.8579388856887817
ligand_0.pkl,ligand_359.pkl,0.0,0.0,0.0,d:\PBCNet2.0\case\proQ\pickles\ligand_0.pkl,d:\PBCNet2.0\case\proQ\pickles\ligand_359.pkl,0.9109189510345459
ligand_0.pkl,ligand_36.pkl,0.0,0.0,0.0,d:\PBCNet2.0\case\proQ\pickles\ligand_0.pkl,d:\PBCNet2.0\case\proQ\pickles\ligand_36.pkl,0.936712384223938
ligand_0.pkl,ligand_360.pkl,0.0,0.0,0.0,d:\PBCNet2.0\case\proQ\pickles\ligand_0.pkl,d:\PBCNet2.0\case\proQ\pickles\ligand_360.pkl,0.8985437154769897
ligand_0.pkl,ligand_361.pkl,0.0,0.0,0.0,d:\PBCNet2.0\case\proQ\pickles\ligand_0.pkl,d:\PBCNet2.0\case\proQ\pickles\ligand_361.pkl,0.8997437953948975
ligand_0.pkl,ligand_362.pkl,0.0,0.0,0.0,d:\PBCNet2.0\case\proQ\pickles\ligand_0.pkl,d:\PBCNet2.0\case\proQ\pickles\ligand_362.pkl,0.9151138067245483
ligand_0.pkl,ligand_363.pkl,0.0,0.0,0.0,d:\PBCNet2.0\case\proQ\pickles\ligand_0.pkl,d:\PBCNet2.0\case\proQ\pickles\ligand_363.pkl,0.8937361240386963
ligand_0.pkl,ligand_364.pkl,0.0,0.0,0.0,d:\PBCNet2.0\case\proQ\pickles\ligand_0.pkl,d:\PBCNet2.0\case\proQ\pickles\ligand_364.pkl,1.0471832752227783
ligand_0.pkl,ligand_365.pkl,0.0,0.0,0.0,d:\PBCNet2.0\case\proQ\pickles\ligand_0.pkl,d:\PBCNet2.0\case\proQ\pickles\ligand_365.pkl,0.9198131561279297
ligand_0.pkl,ligand_366.pkl,0.0,0.0,0.0,d:\PBCNet2.0\case\proQ\pickles\ligand_0.pkl,d:\PBCNet2.0\case\proQ\pickles\ligand_366.pkl,0.8106686472892761
ligand_0.pkl,ligand_367.pkl,0.0,0.0,0.0,d:\PBCNet2.0\case\proQ\pickles\ligand_0.pkl,d:\PBCNet2.0\case\proQ\pickles\ligand_367.pkl,0.9943894147872925
ligand_0.pkl,ligand_368.pkl,0.0,0.0,0.0,d:\PBCNet2.0\case\proQ\pickles\ligand_0.pkl,d:\PBCNet2.0\case\proQ\pickles\ligand_368.pkl,0.9393187761306763
ligand_0.pkl,ligand_369.pkl,0.0,0.0,0.0,d:\PBCNet2.0\case\proQ\pickles\ligand_0.pkl,d:\PBCNet2.0\case\proQ\pickles\ligand_369.pkl,0.9237674474716187
ligand_0.pkl,ligand_37.pkl,0.0,0.0,0.0,d:\PBCNet2.0\case\proQ\pickles\ligand_0.pkl,d:\PBCNet2.0\case\proQ\pickles\ligand_37.pkl,0.8782905340194702
ligand_0.pkl,ligand_370.pkl,0.0,0.0,0.0,d:\PBCNet2.0\case\proQ\pickles\ligand_0.pkl,d:\PBCNet2.0\case\proQ\pickles\ligand_370.pkl,0.8674635291099548
ligand_0.pkl,ligand_371.pkl,0.0,0.0,0.0,d:\PBCNet2.0\case\proQ\pickles\ligand_0.pkl,d:\PBCNet2.0\case\proQ\pickles\ligand_371.pkl,0.9077430963516235
ligand_0.pkl,ligand_372.pkl,0.0,0.0,0.0,d:\PBCNet2.0\case\proQ\pickles\ligand_0.pkl,d:\PBCNet2.0\case\proQ\pickles\ligand_372.pkl,0.9226354360580444
ligand_0.pkl,ligand_373.pkl,0.0,0.0,0.0,d:\PBCNet2.0\case\proQ\pickles\ligand_0.pkl,d:\PBCNet2.0\case\proQ\pickles\ligand_373.pkl,0.8797845244407654
ligand_0.pkl,ligand_374.pkl,0.0,0.0,0.0,d:\PBCNet2.0\case\proQ\pickles\ligand_0.pkl,d:\PBCNet2.0\case\proQ\pickles\ligand_374.pkl,0.9377323389053345
ligand_0.pkl,ligand_375.pkl,0.0,0.0,0.0,d:\PBCNet2.0\case\proQ\pickles\ligand_0.pkl,d:\PBCNet2.0\case\proQ\pickles\ligand_375.pkl,0.9743605852127075
ligand_0.pkl,ligand_376.pkl,0.0,0.0,0.0,d:\PBCNet2.0\case\proQ\pickles\ligand_0.pkl,d:\PBCNet2.0\case\proQ\pickles\ligand_376.pkl,0.8867643475532532
ligand_0.pkl,ligand_377.pkl,0.0,0.0,0.0,d:\PBCNet2.0\case\proQ\pickles\ligand_0.pkl,d:\PBCNet2.0\case\proQ\pickles\ligand_377.pkl,0.8352089524269104
ligand_0.pkl,ligand_378.pkl,0.0,0.0,0.0,d:\PBCNet2.0\case\proQ\pickles\ligand_0.pkl,d:\PBCNet2.0\case\proQ\pickles\ligand_378.pkl,0.9110113382339478
ligand_0.pkl,ligand_379.pkl,0.0,0.0,0.0,d:\PBCNet2.0\case\proQ\pickles\ligand_0.pkl,d:\PBCNet2.0\case\proQ\pickles\ligand_379.pkl,0.9707340002059937
ligand_0.pkl,ligand_38.pkl,0.0,0.0,0.0,d:\PBCNet2.0\case\proQ\pickles\ligand_0.pkl,d:\PBCNet2.0\case\proQ\pickles\ligand_38.pkl,0.9780706167221069
ligand_0.pkl,ligand_380.pkl,0.0,0.0,0.0,d:\PBCNet2.0\case\proQ\pickles\ligand_0.pkl,d:\PBCNet2.0\case\proQ\pickles\ligand_380.pkl,0.9036692380905151
ligand_0.pkl,ligand_381.pkl,0.0,0.0,0.0,d:\PBCNet2.0\case\proQ\pickles\ligand_0.pkl,d:\PBCNet2.0\case\proQ\pickles\ligand_381.pkl,0.9025288820266724
ligand_0.pkl,ligand_382.pkl,0.0,0.0,0.0,d:\PBCNet2.0\case\proQ\pickles\ligand_0.pkl,d:\PBCNet2.0\case\proQ\pickles\ligand_382.pkl,0.9459313154220581
ligand_0.pkl,ligand_383.pkl,0.0,0.0,0.0,d:\PBCNet2.0\case\proQ\pickles\ligand_0.pkl,d:\PBCNet2.0\case\proQ\pickles\ligand_383.pkl,0.8905438184738159
ligand_0.pkl,ligand_384.pkl,0.0,0.0,0.0,d:\PBCNet2.0\case\proQ\pickles\ligand_0.pkl,d:\PBCNet2.0\case\proQ\pickles\ligand_384.pkl,0.9936857223510742
ligand_0.pkl,ligand_385.pkl,0.0,0.0,0.0,d:\PBCNet2.0\case\proQ\pickles\ligand_0.pkl,d:\PBCNet2.0\case\proQ\pickles\ligand_385.pkl,0.9461718797683716
ligand_0.pkl,ligand_386.pkl,0.0,0.0,0.0,d:\PBCNet2.0\case\proQ\pickles\ligand_0.pkl,d:\PBCNet2.0\case\proQ\pickles\ligand_386.pkl,0.8992165327072144
ligand_0.pkl,ligand_388.pkl,0.0,0.0,0.0,d:\PBCNet2.0\case\proQ\pickles\ligand_0.pkl,d:\PBCNet2.0\case\proQ\pickles\ligand_388.pkl,0.9258489608764648
ligand_0.pkl,ligand_389.pkl,0.0,0.0,0.0,d:\PBCNet2.0\case\proQ\pickles\ligand_0.pkl,d:\PBCNet2.0\case\proQ\pickles\ligand_389.pkl,0.9113062620162964
ligand_0.pkl,ligand_39.pkl,0.0,0.0,0.0,d:\PBCNet2.0\case\proQ\pickles\ligand_0.pkl,d:\PBCNet2.0\case\proQ\pickles\ligand_39.pkl,0.9374462366104126
ligand_0.pkl,ligand_390.pkl,0.0,0.0,0.0,d:\PBCNet2.0\case\proQ\pickles\ligand_0.pkl,d:\PBCNet2.0\case\proQ\pickles\ligand_390.pkl,0.870172381401062
ligand_0.pkl,ligand_391.pkl,0.0,0.0,0.0,d:\PBCNet2.0\case\proQ\pickles\ligand_0.pkl,d:\PBCNet2.0\case\proQ\pickles\ligand_391.pkl,0.7483839988708496
ligand_0.pkl,ligand_392.pkl,0.0,0.0,0.0,d:\PBCNet2.0\case\proQ\pickles\ligand_0.pkl,d:\PBCNet2.0\case\proQ\pickles\ligand_392.pkl,0.9091867208480835
ligand_0.pkl,ligand_393.pkl,0.0,0.0,0.0,d:\PBCNet2.0\case\proQ\pickles\ligand_0.pkl,d:\PBCNet2.0\case\proQ\pickles\ligand_393.pkl,0.7290232181549072
ligand_0.pkl,ligand_394.pkl,0.0,0.0,0.0,d:\PBCNet2.0\case\proQ\pickles\ligand_0.pkl,d:\PBCNet2.0\case\proQ\pickles\ligand_394.pkl,0.712761640548706
ligand_0.pkl,ligand_395.pkl,0.0,0.0,0.0,d:\PBCNet2.0\case\proQ\pickles\ligand_0.pkl,d:\PBCNet2.0\case\proQ\pickles\ligand_395.pkl,0.9311717748641968
ligand_0.pkl,ligand_396.pkl,0.0,0.0,0.0,d:\PBCNet2.0\case\proQ\pickles\ligand_0.pkl,d:\PBCNet2.0\case\proQ\pickles\ligand_396.pkl,0.8360426425933838
ligand_0.pkl,ligand_398.pkl,0.0,0.0,0.0,d:\PBCNet2.0\case\proQ\pickles\ligand_0.pkl,d:\PBCNet2.0\case\proQ\pickles\ligand_398.pkl,0.8787786960601807
ligand_0.pkl,ligand_399.pkl,0.0,0.0,0.0,d:\PBCNet2.0\case\proQ\pickles\ligand_0.pkl,d:\PBCNet2.0\case\proQ\pickles\ligand_399.pkl,0.8145092725753784
ligand_0.pkl,ligand_4.pkl,0.0,0.0,0.0,d:\PBCNet2.0\case\proQ\pickles\ligand_0.pkl,d:\PBCNet2.0\case\proQ\pickles\ligand_4.pkl,0.881352424621582
ligand_0.pkl,ligand_40.pkl,0.0,0.0,0.0,d:\PBCNet2.0\case\proQ\pickles\ligand_0.pkl,d:\PBCNet2.0\case\proQ\pickles\ligand_40.pkl,0.9493860006332397
ligand_0.pkl,ligand_400.pkl,0.0,0.0,0.0,d:\PBCNet2.0\case\proQ\pickles\ligand_0.pkl,d:\PBCNet2.0\case\proQ\pickles\ligand_400.pkl,1.0043898820877075
ligand_0.pkl,ligand_401.pkl,0.0,0.0,0.0,d:\PBCNet2.0\case\proQ\pickles\ligand_0.pkl,d:\PBCNet2.0\case\proQ\pickles\ligand_401.pkl,0.9750982522964478
ligand_0.pkl,ligand_402.pkl,0.0,0.0,0.0,d:\PBCNet2.0\case\proQ\pickles\ligand_0.pkl,d:\PBCNet2.0\case\proQ\pickles\ligand_402.pkl,1.0013059377670288
ligand_0.pkl,ligand_403.pkl,0.0,0.0,0.0,d:\PBCNet2.0\case\proQ\pickles\ligand_0.pkl,d:\PBCNet2.0\case\proQ\pickles\ligand_403.pkl,0.9206200838088989
ligand_0.pkl,ligand_404.pkl,0.0,0.0,0.0,d:\PBCNet2.0\case\proQ\pickles\ligand_0.pkl,d:\PBCNet2.0\case\proQ\pickles\ligand_404.pkl,0.8670835494995117
ligand_0.pkl,ligand_405.pkl,0.0,0.0,0.0,d:\PBCNet2.0\case\proQ\pickles\ligand_0.pkl,d:\PBCNet2.0\case\proQ\pickles\ligand_405.pkl,0.9932252168655396
ligand_0.pkl,ligand_406.pkl,0.0,0.0,0.0,d:\PBCNet2.0\case\proQ\pickles\ligand_0.pkl,d:\PBCNet2.0\case\proQ\pickles\ligand_406.pkl,0.8234630823135376
ligand_0.pkl,ligand_407.pkl,0.0,0.0,0.0,d:\PBCNet2.0\case\proQ\pickles\ligand_0.pkl,d:\PBCNet2.0\case\proQ\pickles\ligand_407.pkl,0.9364482164382935
ligand_0.pkl,ligand_408.pkl,0.0,0.0,0.0,d:\PBCNet2.0\case\proQ\pickles\ligand_0.pkl,d:\PBCNet2.0\case\proQ\pickles\ligand_408.pkl,0.9155968427658081
ligand_0.pkl,ligand_409.pkl,0.0,0.0,0.0,d:\PBCNet2.0\case\proQ\pickles\ligand_0.pkl,d:\PBCNet2.0\case\proQ\pickles\ligand_409.pkl,1.1150965690612793
ligand_0.pkl,ligand_41.pkl,0.0,0.0,0.0,d:\PBCNet2.0\case\proQ\pickles\ligand_0.pkl,d:\PBCNet2.0\case\proQ\pickles\ligand_41.pkl,0.934604287147522
ligand_0.pkl,ligand_410.pkl,0.0,0.0,0.0,d:\PBCNet2.0\case\proQ\pickles\ligand_0.pkl,d:\PBCNet2.0\case\proQ\pickles\ligand_410.pkl,0.8291341066360474
ligand_0.pkl,ligand_411.pkl,0.0,0.0,0.0,d:\PBCNet2.0\case\proQ\pickles\ligand_0.pkl,d:\PBCNet2.0\case\proQ\pickles\ligand_411.pkl,0.7957632541656494
ligand_0.pkl,ligand_412.pkl,0.0,0.0,0.0,d:\PBCNet2.0\case\proQ\pickles\ligand_0.pkl,d:\PBCNet2.0\case\proQ\pickles\ligand_412.pkl,0.7654261589050293
ligand_0.pkl,ligand_413.pkl,0.0,0.0,0.0,d:\PBCNet2.0\case\proQ\pickles\ligand_0.pkl,d:\PBCNet2.0\case\proQ\pickles\ligand_413.pkl,0.8820928335189819
ligand_0.pkl,ligand_414.pkl,0.0,0.0,0.0,d:\PBCNet2.0\case\proQ\pickles\ligand_0.pkl,d:\PBCNet2.0\case\proQ\pickles\ligand_414.pkl,0.9006695747375488
ligand_0.pkl,ligand_415.pkl,0.0,0.0,0.0,d:\PBCNet2.0\case\proQ\pickles\ligand_0.pkl,d:\PBCNet2.0\case\proQ\pickles\ligand_415.pkl,0.9315775632858276
ligand_0.pkl,ligand_416.pkl,0.0,0.0,0.0,d:\PBCNet2.0\case\proQ\pickles\ligand_0.pkl,d:\PBCNet2.0\case\proQ\pickles\ligand_416.pkl,0.9222373962402344
ligand_0.pkl,ligand_417.pkl,0.0,0.0,0.0,d:\PBCNet2.0\case\proQ\pickles\ligand_0.pkl,d:\PBCNet2.0\case\proQ\pickles\ligand_417.pkl,0.8861581683158875
ligand_0.pkl,ligand_418.pkl,0.0,0.0,0.0,d:\PBCNet2.0\case\proQ\pickles\ligand_0.pkl,d:\PBCNet2.0\case\proQ\pickles\ligand_418.pkl,0.9775382280349731
ligand_0.pkl,ligand_419.pkl,0.0,0.0,0.0,d:\PBCNet2.0\case\proQ\pickles\ligand_0.pkl,d:\PBCNet2.0\case\proQ\pickles\ligand_419.pkl,0.836000382900238
ligand_0.pkl,ligand_42.pkl,0.0,0.0,0.0,d:\PBCNet2.0\case\proQ\pickles\ligand_0.pkl,d:\PBCNet2.0\case\proQ\pickles\ligand_42.pkl,0.8799327611923218
ligand_0.pkl,ligand_420.pkl,0.0,0.0,0.0,d:\PBCNet2.0\case\proQ\pickles\ligand_0.pkl,d:\PBCNet2.0\case\proQ\pickles\ligand_420.pkl,0.8852385878562927
ligand_0.pkl,ligand_421.pkl,0.0,0.0,0.0,d:\PBCNet2.0\case\proQ\pickles\ligand_0.pkl,d:\PBCNet2.0\case\proQ\pickles\ligand_421.pkl,0.9741908311843872
ligand_0.pkl,ligand_422.pkl,0.0,0.0,0.0,d:\PBCNet2.0\case\proQ\pickles\ligand_0.pkl,d:\PBCNet2.0\case\proQ\pickles\ligand_422.pkl,0.9857468605041504
ligand_0.pkl,ligand_423.pkl,0.0,0.0,0.0,d:\PBCNet2.0\case\proQ\pickles\ligand_0.pkl,d:\PBCNet2.0\case\proQ\pickles\ligand_423.pkl,0.929856538772583
ligand_0.pkl,ligand_424.pkl,0.0,0.0,0.0,d:\PBCNet2.0\case\proQ\pickles\ligand_0.pkl,d:\PBCNet2.0\case\proQ\pickles\ligand_424.pkl,0.7734889984130859
ligand_0.pkl,ligand_425.pkl,0.0,0.0,0.0,d:\PBCNet2.0\case\proQ\pickles\ligand_0.pkl,d:\PBCNet2.0\case\proQ\pickles\ligand_425.pkl,0.9173564910888672
ligand_0.pkl,ligand_426.pkl,0.0,0.0,0.0,d:\PBCNet2.0\case\proQ\pickles\ligand_0.pkl,d:\PBCNet2.0\case\proQ\pickles\ligand_426.pkl,1.0608510971069336
ligand_0.pkl,ligand_427.pkl,0.0,0.0,0.0,d:\PBCNet2.0\case\proQ\pickles\ligand_0.pkl,d:\PBCNet2.0\case\proQ\pickles\ligand_427.pkl,0.9163565635681152
ligand_0.pkl,ligand_428.pkl,0.0,0.0,0.0,d:\PBCNet2.0\case\proQ\pickles\ligand_0.pkl,d:\PBCNet2.0\case\proQ\pickles\ligand_428.pkl,0.9443732500076294
ligand_0.pkl,ligand_429.pkl,0.0,0.0,0.0,d:\PBCNet2.0\case\proQ\pickles\ligand_0.pkl,d:\PBCNet2.0\case\proQ\pickles\ligand_429.pkl,0.841421365737915
ligand_0.pkl,ligand_43.pkl,0.0,0.0,0.0,d:\PBCNet2.0\case\proQ\pickles\ligand_0.pkl,d:\PBCNet2.0\case\proQ\pickles\ligand_43.pkl,0.8698127865791321
ligand_0.pkl,ligand_430.pkl,0.0,0.0,0.0,d:\PBCNet2.0\case\proQ\pickles\ligand_0.pkl,d:\PBCNet2.0\case\proQ\pickles\ligand_430.pkl,0.9564977884292603
ligand_0.pkl,ligand_431.pkl,0.0,0.0,0.0,d:\PBCNet2.0\case\proQ\pickles\ligand_0.pkl,d:\PBCNet2.0\case\proQ\pickles\ligand_431.pkl,0.7952250242233276
ligand_0.pkl,ligand_432.pkl,0.0,0.0,0.0,d:\PBCNet2.0\case\proQ\pickles\ligand_0.pkl,d:\PBCNet2.0\case\proQ\pickles\ligand_432.pkl,0.8717503547668457
ligand_0.pkl,ligand_433.pkl,0.0,0.0,0.0,d:\PBCNet2.0\case\proQ\pickles\ligand_0.pkl,d:\PBCNet2.0\case\proQ\pickles\ligand_433.pkl,0.9025863409042358
ligand_0.pkl,ligand_434.pkl,0.0,0.0,0.0,d:\PBCNet2.0\case\proQ\pickles\ligand_0.pkl,d:\PBCNet2.0\case\proQ\pickles\ligand_434.pkl,0.8648531436920166
ligand_0.pkl,ligand_435.pkl,0.0,0.0,0.0,d:\PBCNet2.0\case\proQ\pickles\ligand_0.pkl,d:\PBCNet2.0\case\proQ\pickles\ligand_435.pkl,0.9165656566619873
ligand_0.pkl,ligand_436.pkl,0.0,0.0,0.0,d:\PBCNet2.0\case\proQ\pickles\ligand_0.pkl,d:\PBCNet2.0\case\proQ\pickles\ligand_436.pkl,0.9134918451309204
ligand_0.pkl,ligand_437.pkl,0.0,0.0,0.0,d:\PBCNet2.0\case\proQ\pickles\ligand_0.pkl,d:\PBCNet2.0\case\proQ\pickles\ligand_437.pkl,0.8827041387557983
ligand_0.pkl,ligand_438.pkl,0.0,0.0,0.0,d:\PBCNet2.0\case\proQ\pickles\ligand_0.pkl,d:\PBCNet2.0\case\proQ\pickles\ligand_438.pkl,0.7903389930725098
ligand_0.pkl,ligand_439.pkl,0.0,0.0,0.0,d:\PBCNet2.0\case\proQ\pickles\ligand_0.pkl,d:\PBCNet2.0\case\proQ\pickles\ligand_439.pkl,1.267014980316162
ligand_0.pkl,ligand_44.pkl,0.0,0.0,0.0,d:\PBCNet2.0\case\proQ\pickles\ligand_0.pkl,d:\PBCNet2.0\case\proQ\pickles\ligand_44.pkl,0.9422341585159302
ligand_0.pkl,ligand_440.pkl,0.0,0.0,0.0,d:\PBCNet2.0\case\proQ\pickles\ligand_0.pkl,d:\PBCNet2.0\case\proQ\pickles\ligand_440.pkl,0.8279755115509033
ligand_0.pkl,ligand_441.pkl,0.0,0.0,0.0,d:\PBCNet2.0\case\proQ\pickles\ligand_0.pkl,d:\PBCNet2.0\case\proQ\pickles\ligand_441.pkl,0.9733706712722778
ligand_0.pkl,ligand_442.pkl,0.0,0.0,0.0,d:\PBCNet2.0\case\proQ\pickles\ligand_0.pkl,d:\PBCNet2.0\case\proQ\pickles\ligand_442.pkl,0.982481837272644
ligand_0.pkl,ligand_443.pkl,0.0,0.0,0.0,d:\PBCNet2.0\case\proQ\pickles\ligand_0.pkl,d:\PBCNet2.0\case\proQ\pickles\ligand_443.pkl,0.9297785758972168
ligand_0.pkl,ligand_444.pkl,0.0,0.0,0.0,d:\PBCNet2.0\case\proQ\pickles\ligand_0.pkl,d:\PBCNet2.0\case\proQ\pickles\ligand_444.pkl,0.9134938716888428
ligand_0.pkl,ligand_445.pkl,0.0,0.0,0.0,d:\PBCNet2.0\case\proQ\pickles\ligand_0.pkl,d:\PBCNet2.0\case\proQ\pickles\ligand_445.pkl,0.8927884101867676
ligand_0.pkl,ligand_446.pkl,0.0,0.0,0.0,d:\PBCNet2.0\case\proQ\pickles\ligand_0.pkl,d:\PBCNet2.0\case\proQ\pickles\ligand_446.pkl,0.908166766166687
ligand_0.pkl,ligand_447.pkl,0.0,0.0,0.0,d:\PBCNet2.0\case\proQ\pickles\ligand_0.pkl,d:\PBCNet2.0\case\proQ\pickles\ligand_447.pkl,1.0148364305496216
ligand_0.pkl,ligand_448.pkl,0.0,0.0,0.0,d:\PBCNet2.0\case\proQ\pickles\ligand_0.pkl,d:\PBCNet2.0\case\proQ\pickles\ligand_448.pkl,0.8852655291557312
ligand_0.pkl,ligand_449.pkl,0.0,0.0,0.0,d:\PBCNet2.0\case\proQ\pickles\ligand_0.pkl,d:\PBCNet2.0\case\proQ\pickles\ligand_449.pkl,0.8891192674636841
ligand_0.pkl,ligand_45.pkl,0.0,0.0,0.0,d:\PBCNet2.0\case\proQ\pickles\ligand_0.pkl,d:\PBCNet2.0\case\proQ\pickles\ligand_45.pkl,1.1310051679611206
ligand_0.pkl,ligand_450.pkl,0.0,0.0,0.0,d:\PBCNet2.0\case\proQ\pickles\ligand_0.pkl,d:\PBCNet2.0\case\proQ\pickles\ligand_450.pkl,0.8785849809646606
ligand_0.pkl,ligand_451.pkl,0.0,0.0,0.0,d:\PBCNet2.0\case\proQ\pickles\ligand_0.pkl,d:\PBCNet2.0\case\proQ\pickles\ligand_451.pkl,0.9636081457138062
ligand_0.pkl,ligand_452.pkl,0.0,0.0,0.0,d:\PBCNet2.0\case\proQ\pickles\ligand_0.pkl,d:\PBCNet2.0\case\proQ\pickles\ligand_452.pkl,0.9204734563827515
ligand_0.pkl,ligand_453.pkl,0.0,0.0,0.0,d:\PBCNet2.0\case\proQ\pickles\ligand_0.pkl,d:\PBCNet2.0\case\proQ\pickles\ligand_453.pkl,0.9223551750183105
ligand_0.pkl,ligand_454.pkl,0.0,0.0,0.0,d:\PBCNet2.0\case\proQ\pickles\ligand_0.pkl,d:\PBCNet2.0\case\proQ\pickles\ligand_454.pkl,0.951785683631897
ligand_0.pkl,ligand_455.pkl,0.0,0.0,0.0,d:\PBCNet2.0\case\proQ\pickles\ligand_0.pkl,d:\PBCNet2.0\case\proQ\pickles\ligand_455.pkl,0.9016953706741333
ligand_0.pkl,ligand_456.pkl,0.0,0.0,0.0,d:\PBCNet2.0\case\proQ\pickles\ligand_0.pkl,d:\PBCNet2.0\case\proQ\pickles\ligand_456.pkl,0.8821941018104553
ligand_0.pkl,ligand_457.pkl,0.0,0.0,0.0,d:\PBCNet2.0\case\proQ\pickles\ligand_0.pkl,d:\PBCNet2.0\case\proQ\pickles\ligand_457.pkl,0.764534056186676
ligand_0.pkl,ligand_458.pkl,0.0,0.0,0.0,d:\PBCNet2.0\case\proQ\pickles\ligand_0.pkl,d:\PBCNet2.0\case\proQ\pickles\ligand_458.pkl,0.8888903260231018
ligand_0.pkl,ligand_459.pkl,0.0,0.0,0.0,d:\PBCNet2.0\case\proQ\pickles\ligand_0.pkl,d:\PBCNet2.0\case\proQ\pickles\ligand_459.pkl,0.9283020496368408
ligand_0.pkl,ligand_46.pkl,0.0,0.0,0.0,d:\PBCNet2.0\case\proQ\pickles\ligand_0.pkl,d:\PBCNet2.0\case\proQ\pickles\ligand_46.pkl,0.9276865720748901
ligand_0.pkl,ligand_460.pkl,0.0,0.0,0.0,d:\PBCNet2.0\case\proQ\pickles\ligand_0.pkl,d:\PBCNet2.0\case\proQ\pickles\ligand_460.pkl,0.8215963244438171
ligand_0.pkl,ligand_461.pkl,0.0,0.0,0.0,d:\PBCNet2.0\case\proQ\pickles\ligand_0.pkl,d:\PBCNet2.0\case\proQ\pickles\ligand_461.pkl,0.9726418256759644
ligand_0.pkl,ligand_462.pkl,0.0,0.0,0.0,d:\PBCNet2.0\case\proQ\pickles\ligand_0.pkl,d:\PBCNet2.0\case\proQ\pickles\ligand_462.pkl,0.9284493923187256
ligand_0.pkl,ligand_463.pkl,0.0,0.0,0.0,d:\PBCNet2.0\case\proQ\pickles\ligand_0.pkl,d:\PBCNet2.0\case\proQ\pickles\ligand_463.pkl,0.9511771202087402
ligand_0.pkl,ligand_464.pkl,0.0,0.0,0.0,d:\PBCNet2.0\case\proQ\pickles\ligand_0.pkl,d:\PBCNet2.0\case\proQ\pickles\ligand_464.pkl,0.9267650842666626
ligand_0.pkl,ligand_465.pkl,0.0,0.0,0.0,d:\PBCNet2.0\case\proQ\pickles\ligand_0.pkl,d:\PBCNet2.0\case\proQ\pickles\ligand_465.pkl,0.9204074144363403
ligand_0.pkl,ligand_466.pkl,0.0,0.0,0.0,d:\PBCNet2.0\case\proQ\pickles\ligand_0.pkl,d:\PBCNet2.0\case\proQ\pickles\ligand_466.pkl,0.8443402051925659
ligand_0.pkl,ligand_467.pkl,0.0,0.0,0.0,d:\PBCNet2.0\case\proQ\pickles\ligand_0.pkl,d:\PBCNet2.0\case\proQ\pickles\ligand_467.pkl,0.8469645380973816
ligand_0.pkl,ligand_468.pkl,0.0,0.0,0.0,d:\PBCNet2.0\case\proQ\pickles\ligand_0.pkl,d:\PBCNet2.0\case\proQ\pickles\ligand_468.pkl,0.857017993927002
ligand_0.pkl,ligand_469.pkl,0.0,0.0,0.0,d:\PBCNet2.0\case\proQ\pickles\ligand_0.pkl,d:\PBCNet2.0\case\proQ\pickles\ligand_469.pkl,0.8679711222648621
ligand_0.pkl,ligand_47.pkl,0.0,0.0,0.0,d:\PBCNet2.0\case\proQ\pickles\ligand_0.pkl,d:\PBCNet2.0\case\proQ\pickles\ligand_47.pkl,0.7566314935684204
ligand_0.pkl,ligand_470.pkl,0.0,0.0,0.0,d:\PBCNet2.0\case\proQ\pickles\ligand_0.pkl,d:\PBCNet2.0\case\proQ\pickles\ligand_470.pkl,0.8855460286140442
ligand_0.pkl,ligand_471.pkl,0.0,0.0,0.0,d:\PBCNet2.0\case\proQ\pickles\ligand_0.pkl,d:\PBCNet2.0\case\proQ\pickles\ligand_471.pkl,0.7908667325973511
ligand_0.pkl,ligand_472.pkl,0.0,0.0,0.0,d:\PBCNet2.0\case\proQ\pickles\ligand_0.pkl,d:\PBCNet2.0\case\proQ\pickles\ligand_472.pkl,0.9023219347000122
ligand_0.pkl,ligand_473.pkl,0.0,0.0,0.0,d:\PBCNet2.0\case\proQ\pickles\ligand_0.pkl,d:\PBCNet2.0\case\proQ\pickles\ligand_473.pkl,0.9539117813110352
ligand_0.pkl,ligand_474.pkl,0.0,0.0,0.0,d:\PBCNet2.0\case\proQ\pickles\ligand_0.pkl,d:\PBCNet2.0\case\proQ\pickles\ligand_474.pkl,0.755202054977417
ligand_0.pkl,ligand_475.pkl,0.0,0.0,0.0,d:\PBCNet2.0\case\proQ\pickles\ligand_0.pkl,d:\PBCNet2.0\case\proQ\pickles\ligand_475.pkl,0.938001275062561
ligand_0.pkl,ligand_476.pkl,0.0,0.0,0.0,d:\PBCNet2.0\case\proQ\pickles\ligand_0.pkl,d:\PBCNet2.0\case\proQ\pickles\ligand_476.pkl,0.8912359476089478
ligand_0.pkl,ligand_477.pkl,0.0,0.0,0.0,d:\PBCNet2.0\case\proQ\pickles\ligand_0.pkl,d:\PBCNet2.0\case\proQ\pickles\ligand_477.pkl,1.017926812171936
ligand_0.pkl,ligand_478.pkl,0.0,0.0,0.0,d:\PBCNet2.0\case\proQ\pickles\ligand_0.pkl,d:\PBCNet2.0\case\proQ\pickles\ligand_478.pkl,0.8652046918869019
ligand_0.pkl,ligand_479.pkl,0.0,0.0,0.0,d:\PBCNet2.0\case\proQ\pickles\ligand_0.pkl,d:\PBCNet2.0\case\proQ\pickles\ligand_479.pkl,0.8798584342002869
ligand_0.pkl,ligand_48.pkl,0.0,0.0,0.0,d:\PBCNet2.0\case\proQ\pickles\ligand_0.pkl,d:\PBCNet2.0\case\proQ\pickles\ligand_48.pkl,0.934166431427002
ligand_0.pkl,ligand_480.pkl,0.0,0.0,0.0,d:\PBCNet2.0\case\proQ\pickles\ligand_0.pkl,d:\PBCNet2.0\case\proQ\pickles\ligand_480.pkl,0.8572850823402405
ligand_0.pkl,ligand_481.pkl,0.0,0.0,0.0,d:\PBCNet2.0\case\proQ\pickles\ligand_0.pkl,d:\PBCNet2.0\case\proQ\pickles\ligand_481.pkl,0.9599167108535767
ligand_0.pkl,ligand_482.pkl,0.0,0.0,0.0,d:\PBCNet2.0\case\proQ\pickles\ligand_0.pkl,d:\PBCNet2.0\case\proQ\pickles\ligand_482.pkl,0.8868101835250854
ligand_0.pkl,ligand_483.pkl,0.0,0.0,0.0,d:\PBCNet2.0\case\proQ\pickles\ligand_0.pkl,d:\PBCNet2.0\case\proQ\pickles\ligand_483.pkl,1.0700138807296753
ligand_0.pkl,ligand_484.pkl,0.0,0.0,0.0,d:\PBCNet2.0\case\proQ\pickles\ligand_0.pkl,d:\PBCNet2.0\case\proQ\pickles\ligand_484.pkl,0.9175237417221069
ligand_0.pkl,ligand_485.pkl,0.0,0.0,0.0,d:\PBCNet2.0\case\proQ\pickles\ligand_0.pkl,d:\PBCNet2.0\case\proQ\pickles\ligand_485.pkl,0.9441276788711548
ligand_0.pkl,ligand_486.pkl,0.0,0.0,0.0,d:\PBCNet2.0\case\proQ\pickles\ligand_0.pkl,d:\PBCNet2.0\case\proQ\pickles\ligand_486.pkl,0.8144570589065552
ligand_0.pkl,ligand_487.pkl,0.0,0.0,0.0,d:\PBCNet2.0\case\proQ\pickles\ligand_0.pkl,d:\PBCNet2.0\case\proQ\pickles\ligand_487.pkl,0.8731776475906372
ligand_0.pkl,ligand_488.pkl,0.0,0.0,0.0,d:\PBCNet2.0\case\proQ\pickles\ligand_0.pkl,d:\PBCNet2.0\case\proQ\pickles\ligand_488.pkl,0.8332661986351013
ligand_0.pkl,ligand_489.pkl,0.0,0.0,0.0,d:\PBCNet2.0\case\proQ\pickles\ligand_0.pkl,d:\PBCNet2.0\case\proQ\pickles\ligand_489.pkl,0.8528324365615845
ligand_0.pkl,ligand_49.pkl,0.0,0.0,0.0,d:\PBCNet2.0\case\proQ\pickles\ligand_0.pkl,d:\PBCNet2.0\case\proQ\pickles\ligand_49.pkl,0.9352608919143677
ligand_0.pkl,ligand_490.pkl,0.0,0.0,0.0,d:\PBCNet2.0\case\proQ\pickles\ligand_0.pkl,d:\PBCNet2.0\case\proQ\pickles\ligand_490.pkl,0.8644860982894897
ligand_0.pkl,ligand_491.pkl,0.0,0.0,0.0,d:\PBCNet2.0\case\proQ\pickles\ligand_0.pkl,d:\PBCNet2.0\case\proQ\pickles\ligand_491.pkl,0.9011062383651733
ligand_0.pkl,ligand_492.pkl,0.0,0.0,0.0,d:\PBCNet2.0\case\proQ\pickles\ligand_0.pkl,d:\PBCNet2.0\case\proQ\pickles\ligand_492.pkl,0.9353268146514893
ligand_0.pkl,ligand_493.pkl,0.0,0.0,0.0,d:\PBCNet2.0\case\proQ\pickles\ligand_0.pkl,d:\PBCNet2.0\case\proQ\pickles\ligand_493.pkl,0.7002272009849548
ligand_0.pkl,ligand_494.pkl,0.0,0.0,0.0,d:\PBCNet2.0\case\proQ\pickles\ligand_0.pkl,d:\PBCNet2.0\case\proQ\pickles\ligand_494.pkl,0.9119243621826172
ligand_0.pkl,ligand_495.pkl,0.0,0.0,0.0,d:\PBCNet2.0\case\proQ\pickles\ligand_0.pkl,d:\PBCNet2.0\case\proQ\pickles\ligand_495.pkl,0.896986722946167
ligand_0.pkl,ligand_496.pkl,0.0,0.0,0.0,d:\PBCNet2.0\case\proQ\pickles\ligand_0.pkl,d:\PBCNet2.0\case\proQ\pickles\ligand_496.pkl,0.9462032318115234
ligand_0.pkl,ligand_497.pkl,0.0,0.0,0.0,d:\PBCNet2.0\case\proQ\pickles\ligand_0.pkl,d:\PBCNet2.0\case\proQ\pickles\ligand_497.pkl,0.9601866006851196
ligand_0.pkl,ligand_498.pkl,0.0,0.0,0.0,d:\PBCNet2.0\case\proQ\pickles\ligand_0.pkl,d:\PBCNet2.0\case\proQ\pickles\ligand_498.pkl,0.9907766580581665
ligand_0.pkl,ligand_499.pkl,0.0,0.0,0.0,d:\PBCNet2.0\case\proQ\pickles\ligand_0.pkl,d:\PBCNet2.0\case\proQ\pickles\ligand_499.pkl,0.9237271547317505
ligand_0.pkl,ligand_5.pkl,0.0,0.0,0.0,d:\PBCNet2.0\case\proQ\pickles\ligand_0.pkl,d:\PBCNet2.0\case\proQ\pickles\ligand_5.pkl,0.6175448298454285
ligand_0.pkl,ligand_50.pkl,0.0,0.0,0.0,d:\PBCNet2.0\case\proQ\pickles\ligand_0.pkl,d:\PBCNet2.0\case\proQ\pickles\ligand_50.pkl,0.7180619239807129
ligand_0.pkl,ligand_500.pkl,0.0,0.0,0.0,d:\PBCNet2.0\case\proQ\pickles\ligand_0.pkl,d:\PBCNet2.0\case\proQ\pickles\ligand_500.pkl,0.9137541055679321
ligand_0.pkl,ligand_501.pkl,0.0,0.0,0.0,d:\PBCNet2.0\case\proQ\pickles\ligand_0.pkl,d:\PBCNet2.0\case\proQ\pickles\ligand_501.pkl,0.9580889940261841
ligand_0.pkl,ligand_502.pkl,0.0,0.0,0.0,d:\PBCNet2.0\case\proQ\pickles\ligand_0.pkl,d:\PBCNet2.0\case\proQ\pickles\ligand_502.pkl,0.8802737593650818
ligand_0.pkl,ligand_503.pkl,0.0,0.0,0.0,d:\PBCNet2.0\case\proQ\pickles\ligand_0.pkl,d:\PBCNet2.0\case\proQ\pickles\ligand_503.pkl,1.0028055906295776
ligand_0.pkl,ligand_504.pkl,0.0,0.0,0.0,d:\PBCNet2.0\case\proQ\pickles\ligand_0.pkl,d:\PBCNet2.0\case\proQ\pickles\ligand_504.pkl,0.7689423561096191
ligand_0.pkl,ligand_505.pkl,0.0,0.0,0.0,d:\PBCNet2.0\case\proQ\pickles\ligand_0.pkl,d:\PBCNet2.0\case\proQ\pickles\ligand_505.pkl,0.9250181913375854
ligand_0.pkl,ligand_506.pkl,0.0,0.0,0.0,d:\PBCNet2.0\case\proQ\pickles\ligand_0.pkl,d:\PBCNet2.0\case\proQ\pickles\ligand_506.pkl,0.9902782440185547
ligand_0.pkl,ligand_507.pkl,0.0,0.0,0.0,d:\PBCNet2.0\case\proQ\pickles\ligand_0.pkl,d:\PBCNet2.0\case\proQ\pickles\ligand_507.pkl,0.979394793510437
ligand_0.pkl,ligand_508.pkl,0.0,0.0,0.0,d:\PBCNet2.0\case\proQ\pickles\ligand_0.pkl,d:\PBCNet2.0\case\proQ\pickles\ligand_508.pkl,1.042427897453308
ligand_0.pkl,ligand_509.pkl,0.0,0.0,0.0,d:\PBCNet2.0\case\proQ\pickles\ligand_0.pkl,d:\PBCNet2.0\case\proQ\pickles\ligand_509.pkl,0.9734243154525757
ligand_0.pkl,ligand_51.pkl,0.0,0.0,0.0,d:\PBCNet2.0\case\proQ\pickles\ligand_0.pkl,d:\PBCNet2.0\case\proQ\pickles\ligand_51.pkl,0.9753623008728027
ligand_0.pkl,ligand_510.pkl,0.0,0.0,0.0,d:\PBCNet2.0\case\proQ\pickles\ligand_0.pkl,d:\PBCNet2.0\case\proQ\pickles\ligand_510.pkl,0.9736305475234985
ligand_0.pkl,ligand_511.pkl,0.0,0.0,0.0,d:\PBCNet2.0\case\proQ\pickles\ligand_0.pkl,d:\PBCNet2.0\case\proQ\pickles\ligand_511.pkl,0.8147027492523193
ligand_0.pkl,ligand_512.pkl,0.0,0.0,0.0,d:\PBCNet2.0\case\proQ\pickles\ligand_0.pkl,d:\PBCNet2.0\case\proQ\pickles\ligand_512.pkl,0.8392618894577026
ligand_0.pkl,ligand_513.pkl,0.0,0.0,0.0,d:\PBCNet2.0\case\proQ\pickles\ligand_0.pkl,d:\PBCNet2.0\case\proQ\pickles\ligand_513.pkl,0.9007660150527954
ligand_0.pkl,ligand_514.pkl,0.0,0.0,0.0,d:\PBCNet2.0\case\proQ\pickles\ligand_0.pkl,d:\PBCNet2.0\case\proQ\pickles\ligand_514.pkl,0.9389145374298096
ligand_0.pkl,ligand_515.pkl,0.0,0.0,0.0,d:\PBCNet2.0\case\proQ\pickles\ligand_0.pkl,d:\PBCNet2.0\case\proQ\pickles\ligand_515.pkl,1.0119189023971558
ligand_0.pkl,ligand_516.pkl,0.0,0.0,0.0,d:\PBCNet2.0\case\proQ\pickles\ligand_0.pkl,d:\PBCNet2.0\case\proQ\pickles\ligand_516.pkl,0.9679845571517944
ligand_0.pkl,ligand_517.pkl,0.0,0.0,0.0,d:\PBCNet2.0\case\proQ\pickles\ligand_0.pkl,d:\PBCNet2.0\case\proQ\pickles\ligand_517.pkl,0.8162664175033569
ligand_0.pkl,ligand_518.pkl,0.0,0.0,0.0,d:\PBCNet2.0\case\proQ\pickles\ligand_0.pkl,d:\PBCNet2.0\case\proQ\pickles\ligand_518.pkl,0.9958339929580688
ligand_0.pkl,ligand_519.pkl,0.0,0.0,0.0,d:\PBCNet2.0\case\proQ\pickles\ligand_0.pkl,d:\PBCNet2.0\case\proQ\pickles\ligand_519.pkl,0.946233868598938
ligand_0.pkl,ligand_52.pkl,0.0,0.0,0.0,d:\PBCNet2.0\case\proQ\pickles\ligand_0.pkl,d:\PBCNet2.0\case\proQ\pickles\ligand_52.pkl,0.8970425128936768
ligand_0.pkl,ligand_520.pkl,0.0,0.0,0.0,d:\PBCNet2.0\case\proQ\pickles\ligand_0.pkl,d:\PBCNet2.0\case\proQ\pickles\ligand_520.pkl,0.959945797920227
ligand_0.pkl,ligand_521.pkl,0.0,0.0,0.0,d:\PBCNet2.0\case\proQ\pickles\ligand_0.pkl,d:\PBCNet2.0\case\proQ\pickles\ligand_521.pkl,0.8967961072921753
ligand_0.pkl,ligand_522.pkl,0.0,0.0,0.0,d:\PBCNet2.0\case\proQ\pickles\ligand_0.pkl,d:\PBCNet2.0\case\proQ\pickles\ligand_522.pkl,0.8892825841903687
ligand_0.pkl,ligand_523.pkl,0.0,0.0,0.0,d:\PBCNet2.0\case\proQ\pickles\ligand_0.pkl,d:\PBCNet2.0\case\proQ\pickles\ligand_523.pkl,0.940484881401062
ligand_0.pkl,ligand_524.pkl,0.0,0.0,0.0,d:\PBCNet2.0\case\proQ\pickles\ligand_0.pkl,d:\PBCNet2.0\case\proQ\pickles\ligand_524.pkl,0.974751353263855
ligand_0.pkl,ligand_525.pkl,0.0,0.0,0.0,d:\PBCNet2.0\case\proQ\pickles\ligand_0.pkl,d:\PBCNet2.0\case\proQ\pickles\ligand_525.pkl,0.9385639429092407
ligand_0.pkl,ligand_526.pkl,0.0,0.0,0.0,d:\PBCNet2.0\case\proQ\pickles\ligand_0.pkl,d:\PBCNet2.0\case\proQ\pickles\ligand_526.pkl,1.1504641771316528
ligand_0.pkl,ligand_527.pkl,0.0,0.0,0.0,d:\PBCNet2.0\case\proQ\pickles\ligand_0.pkl,d:\PBCNet2.0\case\proQ\pickles\ligand_527.pkl,0.9735120534896851
ligand_0.pkl,ligand_528.pkl,0.0,0.0,0.0,d:\PBCNet2.0\case\proQ\pickles\ligand_0.pkl,d:\PBCNet2.0\case\proQ\pickles\ligand_528.pkl,0.8649626970291138
ligand_0.pkl,ligand_529.pkl,0.0,0.0,0.0,d:\PBCNet2.0\case\proQ\pickles\ligand_0.pkl,d:\PBCNet2.0\case\proQ\pickles\ligand_529.pkl,0.9282501935958862
ligand_0.pkl,ligand_53.pkl,0.0,0.0,0.0,d:\PBCNet2.0\case\proQ\pickles\ligand_0.pkl,d:\PBCNet2.0\case\proQ\pickles\ligand_53.pkl,0.9385339021682739
ligand_0.pkl,ligand_530.pkl,0.0,0.0,0.0,d:\PBCNet2.0\case\proQ\pickles\ligand_0.pkl,d:\PBCNet2.0\case\proQ\pickles\ligand_530.pkl,0.8717183470726013
ligand_0.pkl,ligand_531.pkl,0.0,0.0,0.0,d:\PBCNet2.0\case\proQ\pickles\ligand_0.pkl,d:\PBCNet2.0\case\proQ\pickles\ligand_531.pkl,0.7174678444862366
ligand_0.pkl,ligand_532.pkl,0.0,0.0,0.0,d:\PBCNet2.0\case\proQ\pickles\ligand_0.pkl,d:\PBCNet2.0\case\proQ\pickles\ligand_532.pkl,0.9159103631973267
ligand_0.pkl,ligand_533.pkl,0.0,0.0,0.0,d:\PBCNet2.0\case\proQ\pickles\ligand_0.pkl,d:\PBCNet2.0\case\proQ\pickles\ligand_533.pkl,0.908160924911499
ligand_0.pkl,ligand_534.pkl,0.0,0.0,0.0,d:\PBCNet2.0\case\proQ\pickles\ligand_0.pkl,d:\PBCNet2.0\case\proQ\pickles\ligand_534.pkl,0.8621551394462585
ligand_0.pkl,ligand_535.pkl,0.0,0.0,0.0,d:\PBCNet2.0\case\proQ\pickles\ligand_0.pkl,d:\PBCNet2.0\case\proQ\pickles\ligand_535.pkl,0.8732091784477234
ligand_0.pkl,ligand_536.pkl,0.0,0.0,0.0,d:\PBCNet2.0\case\proQ\pickles\ligand_0.pkl,d:\PBCNet2.0\case\proQ\pickles\ligand_536.pkl,0.9093234539031982
ligand_0.pkl,ligand_537.pkl,0.0,0.0,0.0,d:\PBCNet2.0\case\proQ\pickles\ligand_0.pkl,d:\PBCNet2.0\case\proQ\pickles\ligand_537.pkl,1.078356385231018
ligand_0.pkl,ligand_538.pkl,0.0,0.0,0.0,d:\PBCNet2.0\case\proQ\pickles\ligand_0.pkl,d:\PBCNet2.0\case\proQ\pickles\ligand_538.pkl,0.9788304567337036
ligand_0.pkl,ligand_539.pkl,0.0,0.0,0.0,d:\PBCNet2.0\case\proQ\pickles\ligand_0.pkl,d:\PBCNet2.0\case\proQ\pickles\ligand_539.pkl,0.8170492053031921
ligand_0.pkl,ligand_54.pkl,0.0,0.0,0.0,d:\PBCNet2.0\case\proQ\pickles\ligand_0.pkl,d:\PBCNet2.0\case\proQ\pickles\ligand_54.pkl,0.9546302556991577
ligand_0.pkl,ligand_540.pkl,0.0,0.0,0.0,d:\PBCNet2.0\case\proQ\pickles\ligand_0.pkl,d:\PBCNet2.0\case\proQ\pickles\ligand_540.pkl,0.8804966807365417
ligand_0.pkl,ligand_541.pkl,0.0,0.0,0.0,d:\PBCNet2.0\case\proQ\pickles\ligand_0.pkl,d:\PBCNet2.0\case\proQ\pickles\ligand_541.pkl,0.9785484075546265
ligand_0.pkl,ligand_542.pkl,0.0,0.0,0.0,d:\PBCNet2.0\case\proQ\pickles\ligand_0.pkl,d:\PBCNet2.0\case\proQ\pickles\ligand_542.pkl,0.9952768087387085
ligand_0.pkl,ligand_543.pkl,0.0,0.0,0.0,d:\PBCNet2.0\case\proQ\pickles\ligand_0.pkl,d:\PBCNet2.0\case\proQ\pickles\ligand_543.pkl,0.8632640838623047
ligand_0.pkl,ligand_544.pkl,0.0,0.0,0.0,d:\PBCNet2.0\case\proQ\pickles\ligand_0.pkl,d:\PBCNet2.0\case\proQ\pickles\ligand_544.pkl,0.9030011892318726
ligand_0.pkl,ligand_545.pkl,0.0,0.0,0.0,d:\PBCNet2.0\case\proQ\pickles\ligand_0.pkl,d:\PBCNet2.0\case\proQ\pickles\ligand_545.pkl,0.8404203057289124
ligand_0.pkl,ligand_546.pkl,0.0,0.0,0.0,d:\PBCNet2.0\case\proQ\pickles\ligand_0.pkl,d:\PBCNet2.0\case\proQ\pickles\ligand_546.pkl,0.9220973253250122
ligand_0.pkl,ligand_547.pkl,0.0,0.0,0.0,d:\PBCNet2.0\case\proQ\pickles\ligand_0.pkl,d:\PBCNet2.0\case\proQ\pickles\ligand_547.pkl,0.8182178735733032
ligand_0.pkl,ligand_548.pkl,0.0,0.0,0.0,d:\PBCNet2.0\case\proQ\pickles\ligand_0.pkl,d:\PBCNet2.0\case\proQ\pickles\ligand_548.pkl,1.1424280405044556
ligand_0.pkl,ligand_549.pkl,0.0,0.0,0.0,d:\PBCNet2.0\case\proQ\pickles\ligand_0.pkl,d:\PBCNet2.0\case\proQ\pickles\ligand_549.pkl,0.9314934015274048
ligand_0.pkl,ligand_55.pkl,0.0,0.0,0.0,d:\PBCNet2.0\case\proQ\pickles\ligand_0.pkl,d:\PBCNet2.0\case\proQ\pickles\ligand_55.pkl,0.8605918884277344
ligand_0.pkl,ligand_550.pkl,0.0,0.0,0.0,d:\PBCNet2.0\case\proQ\pickles\ligand_0.pkl,d:\PBCNet2.0\case\proQ\pickles\ligand_550.pkl,1.0602407455444336
ligand_0.pkl,ligand_551.pkl,0.0,0.0,0.0,d:\PBCNet2.0\case\proQ\pickles\ligand_0.pkl,d:\PBCNet2.0\case\proQ\pickles\ligand_551.pkl,0.8536962270736694
ligand_0.pkl,ligand_552.pkl,0.0,0.0,0.0,d:\PBCNet2.0\case\proQ\pickles\ligand_0.pkl,d:\PBCNet2.0\case\proQ\pickles\ligand_552.pkl,1.0485270023345947
ligand_0.pkl,ligand_553.pkl,0.0,0.0,0.0,d:\PBCNet2.0\case\proQ\pickles\ligand_0.pkl,d:\PBCNet2.0\case\proQ\pickles\ligand_553.pkl,0.8997255563735962
ligand_0.pkl,ligand_554.pkl,0.0,0.0,0.0,d:\PBCNet2.0\case\proQ\pickles\ligand_0.pkl,d:\PBCNet2.0\case\proQ\pickles\ligand_554.pkl,0.8628143072128296
ligand_0.pkl,ligand_555.pkl,0.0,0.0,0.0,d:\PBCNet2.0\case\proQ\pickles\ligand_0.pkl,d:\PBCNet2.0\case\proQ\pickles\ligand_555.pkl,0.8622575998306274
ligand_0.pkl,ligand_556.pkl,0.0,0.0,0.0,d:\PBCNet2.0\case\proQ\pickles\ligand_0.pkl,d:\PBCNet2.0\case\proQ\pickles\ligand_556.pkl,0.8255149126052856
ligand_0.pkl,ligand_557.pkl,0.0,0.0,0.0,d:\PBCNet2.0\case\proQ\pickles\ligand_0.pkl,d:\PBCNet2.0\case\proQ\pickles\ligand_557.pkl,1.0261839628219604
ligand_0.pkl,ligand_558.pkl,0.0,0.0,0.0,d:\PBCNet2.0\case\proQ\pickles\ligand_0.pkl,d:\PBCNet2.0\case\proQ\pickles\ligand_558.pkl,1.0104533433914185
ligand_0.pkl,ligand_559.pkl,0.0,0.0,0.0,d:\PBCNet2.0\case\proQ\pickles\ligand_0.pkl,d:\PBCNet2.0\case\proQ\pickles\ligand_559.pkl,0.8886916041374207
ligand_0.pkl,ligand_56.pkl,0.0,0.0,0.0,d:\PBCNet2.0\case\proQ\pickles\ligand_0.pkl,d:\PBCNet2.0\case\proQ\pickles\ligand_56.pkl,0.897397518157959
ligand_0.pkl,ligand_560.pkl,0.0,0.0,0.0,d:\PBCNet2.0\case\proQ\pickles\ligand_0.pkl,d:\PBCNet2.0\case\proQ\pickles\ligand_560.pkl,0.8961068391799927
ligand_0.pkl,ligand_561.pkl,0.0,0.0,0.0,d:\PBCNet2.0\case\proQ\pickles\ligand_0.pkl,d:\PBCNet2.0\case\proQ\pickles\ligand_561.pkl,0.8998876810073853
ligand_0.pkl,ligand_562.pkl,0.0,0.0,0.0,d:\PBCNet2.0\case\proQ\pickles\ligand_0.pkl,d:\PBCNet2.0\case\proQ\pickles\ligand_562.pkl,0.9121860265731812
ligand_0.pkl,ligand_563.pkl,0.0,0.0,0.0,d:\PBCNet2.0\case\proQ\pickles\ligand_0.pkl,d:\PBCNet2.0\case\proQ\pickles\ligand_563.pkl,1.0197926759719849
ligand_0.pkl,ligand_564.pkl,0.0,0.0,0.0,d:\PBCNet2.0\case\proQ\pickles\ligand_0.pkl,d:\PBCNet2.0\case\proQ\pickles\ligand_564.pkl,0.7967126369476318
ligand_0.pkl,ligand_565.pkl,0.0,0.0,0.0,d:\PBCNet2.0\case\proQ\pickles\ligand_0.pkl,d:\PBCNet2.0\case\proQ\pickles\ligand_565.pkl,0.9853386878967285
ligand_0.pkl,ligand_566.pkl,0.0,0.0,0.0,d:\PBCNet2.0\case\proQ\pickles\ligand_0.pkl,d:\PBCNet2.0\case\proQ\pickles\ligand_566.pkl,0.9237195253372192
ligand_0.pkl,ligand_567.pkl,0.0,0.0,0.0,d:\PBCNet2.0\case\proQ\pickles\ligand_0.pkl,d:\PBCNet2.0\case\proQ\pickles\ligand_567.pkl,0.7927297353744507
ligand_0.pkl,ligand_568.pkl,0.0,0.0,0.0,d:\PBCNet2.0\case\proQ\pickles\ligand_0.pkl,d:\PBCNet2.0\case\proQ\pickles\ligand_568.pkl,0.846818745136261
ligand_0.pkl,ligand_569.pkl,0.0,0.0,0.0,d:\PBCNet2.0\case\proQ\pickles\ligand_0.pkl,d:\PBCNet2.0\case\proQ\pickles\ligand_569.pkl,0.9144591093063354
ligand_0.pkl,ligand_57.pkl,0.0,0.0,0.0,d:\PBCNet2.0\case\proQ\pickles\ligand_0.pkl,d:\PBCNet2.0\case\proQ\pickles\ligand_57.pkl,0.9915908575057983
ligand_0.pkl,ligand_570.pkl,0.0,0.0,0.0,d:\PBCNet2.0\case\proQ\pickles\ligand_0.pkl,d:\PBCNet2.0\case\proQ\pickles\ligand_570.pkl,0.8924463391304016
ligand_0.pkl,ligand_571.pkl,0.0,0.0,0.0,d:\PBCNet2.0\case\proQ\pickles\ligand_0.pkl,d:\PBCNet2.0\case\proQ\pickles\ligand_571.pkl,0.9160491228103638
ligand_0.pkl,ligand_572.pkl,0.0,0.0,0.0,d:\PBCNet2.0\case\proQ\pickles\ligand_0.pkl,d:\PBCNet2.0\case\proQ\pickles\ligand_572.pkl,0.9581365585327148
ligand_0.pkl,ligand_573.pkl,0.0,0.0,0.0,d:\PBCNet2.0\case\proQ\pickles\ligand_0.pkl,d:\PBCNet2.0\case\proQ\pickles\ligand_573.pkl,1.0069036483764648
ligand_0.pkl,ligand_574.pkl,0.0,0.0,0.0,d:\PBCNet2.0\case\proQ\pickles\ligand_0.pkl,d:\PBCNet2.0\case\proQ\pickles\ligand_574.pkl,0.8632790446281433
ligand_0.pkl,ligand_575.pkl,0.0,0.0,0.0,d:\PBCNet2.0\case\proQ\pickles\ligand_0.pkl,d:\PBCNet2.0\case\proQ\pickles\ligand_575.pkl,0.8535979986190796
ligand_0.pkl,ligand_576.pkl,0.0,0.0,0.0,d:\PBCNet2.0\case\proQ\pickles\ligand_0.pkl,d:\PBCNet2.0\case\proQ\pickles\ligand_576.pkl,0.8662885427474976
ligand_0.pkl,ligand_577.pkl,0.0,0.0,0.0,d:\PBCNet2.0\case\proQ\pickles\ligand_0.pkl,d:\PBCNet2.0\case\proQ\pickles\ligand_577.pkl,0.9168612957000732
ligand_0.pkl,ligand_578.pkl,0.0,0.0,0.0,d:\PBCNet2.0\case\proQ\pickles\ligand_0.pkl,d:\PBCNet2.0\case\proQ\pickles\ligand_578.pkl,0.9464198350906372
ligand_0.pkl,ligand_579.pkl,0.0,0.0,0.0,d:\PBCNet2.0\case\proQ\pickles\ligand_0.pkl,d:\PBCNet2.0\case\proQ\pickles\ligand_579.pkl,0.8157811164855957
ligand_0.pkl,ligand_58.pkl,0.0,0.0,0.0,d:\PBCNet2.0\case\proQ\pickles\ligand_0.pkl,d:\PBCNet2.0\case\proQ\pickles\ligand_58.pkl,0.9024139642715454
ligand_0.pkl,ligand_580.pkl,0.0,0.0,0.0,d:\PBCNet2.0\case\proQ\pickles\ligand_0.pkl,d:\PBCNet2.0\case\proQ\pickles\ligand_580.pkl,1.0220450162887573
ligand_0.pkl,ligand_581.pkl,0.0,0.0,0.0,d:\PBCNet2.0\case\proQ\pickles\ligand_0.pkl,d:\PBCNet2.0\case\proQ\pickles\ligand_581.pkl,0.8196502923965454
ligand_0.pkl,ligand_582.pkl,0.0,0.0,0.0,d:\PBCNet2.0\case\proQ\pickles\ligand_0.pkl,d:\PBCNet2.0\case\proQ\pickles\ligand_582.pkl,1.0390058755874634
ligand_0.pkl,ligand_583.pkl,0.0,0.0,0.0,d:\PBCNet2.0\case\proQ\pickles\ligand_0.pkl,d:\PBCNet2.0\case\proQ\pickles\ligand_583.pkl,0.9674659967422485
ligand_0.pkl,ligand_584.pkl,0.0,0.0,0.0,d:\PBCNet2.0\case\proQ\pickles\ligand_0.pkl,d:\PBCNet2.0\case\proQ\pickles\ligand_584.pkl,1.0700706243515015
ligand_0.pkl,ligand_585.pkl,0.0,0.0,0.0,d:\PBCNet2.0\case\proQ\pickles\ligand_0.pkl,d:\PBCNet2.0\case\proQ\pickles\ligand_585.pkl,0.8887590169906616
ligand_0.pkl,ligand_586.pkl,0.0,0.0,0.0,d:\PBCNet2.0\case\proQ\pickles\ligand_0.pkl,d:\PBCNet2.0\case\proQ\pickles\ligand_586.pkl,0.9717515707015991
ligand_0.pkl,ligand_587.pkl,0.0,0.0,0.0,d:\PBCNet2.0\case\proQ\pickles\ligand_0.pkl,d:\PBCNet2.0\case\proQ\pickles\ligand_587.pkl,1.0253281593322754
ligand_0.pkl,ligand_588.pkl,0.0,0.0,0.0,d:\PBCNet2.0\case\proQ\pickles\ligand_0.pkl,d:\PBCNet2.0\case\proQ\pickles\ligand_588.pkl,0.8227505683898926
ligand_0.pkl,ligand_589.pkl,0.0,0.0,0.0,d:\PBCNet2.0\case\proQ\pickles\ligand_0.pkl,d:\PBCNet2.0\case\proQ\pickles\ligand_589.pkl,0.9360107183456421
ligand_0.pkl,ligand_59.pkl,0.0,0.0,0.0,d:\PBCNet2.0\case\proQ\pickles\ligand_0.pkl,d:\PBCNet2.0\case\proQ\pickles\ligand_59.pkl,0.9204005002975464
ligand_0.pkl,ligand_590.pkl,0.0,0.0,0.0,d:\PBCNet2.0\case\proQ\pickles\ligand_0.pkl,d:\PBCNet2.0\case\proQ\pickles\ligand_590.pkl,0.7561026215553284
ligand_0.pkl,ligand_591.pkl,0.0,0.0,0.0,d:\PBCNet2.0\case\proQ\pickles\ligand_0.pkl,d:\PBCNet2.0\case\proQ\pickles\ligand_591.pkl,0.8597621321678162
ligand_0.pkl,ligand_592.pkl,0.0,0.0,0.0,d:\PBCNet2.0\case\proQ\pickles\ligand_0.pkl,d:\PBCNet2.0\case\proQ\pickles\ligand_592.pkl,0.8742203116416931
ligand_0.pkl,ligand_593.pkl,0.0,0.0,0.0,d:\PBCNet2.0\case\proQ\pickles\ligand_0.pkl,d:\PBCNet2.0\case\proQ\pickles\ligand_593.pkl,0.9738861322402954
ligand_0.pkl,ligand_594.pkl,0.0,0.0,0.0,d:\PBCNet2.0\case\proQ\pickles\ligand_0.pkl,d:\PBCNet2.0\case\proQ\pickles\ligand_594.pkl,0.8989185094833374
ligand_0.pkl,ligand_595.pkl,0.0,0.0,0.0,d:\PBCNet2.0\case\proQ\pickles\ligand_0.pkl,d:\PBCNet2.0\case\proQ\pickles\ligand_595.pkl,1.0054363012313843
ligand_0.pkl,ligand_596.pkl,0.0,0.0,0.0,d:\PBCNet2.0\case\proQ\pickles\ligand_0.pkl,d:\PBCNet2.0\case\proQ\pickles\ligand_596.pkl,0.874691367149353
ligand_0.pkl,ligand_597.pkl,0.0,0.0,0.0,d:\PBCNet2.0\case\proQ\pickles\ligand_0.pkl,d:\PBCNet2.0\case\proQ\pickles\ligand_597.pkl,0.9799561500549316
ligand_0.pkl,ligand_598.pkl,0.0,0.0,0.0,d:\PBCNet2.0\case\proQ\pickles\ligand_0.pkl,d:\PBCNet2.0\case\proQ\pickles\ligand_598.pkl,0.8001527190208435
ligand_0.pkl,ligand_599.pkl,0.0,0.0,0.0,d:\PBCNet2.0\case\proQ\pickles\ligand_0.pkl,d:\PBCNet2.0\case\proQ\pickles\ligand_599.pkl,0.891991376876831
ligand_0.pkl,ligand_6.pkl,0.0,0.0,0.0,d:\PBCNet2.0\case\proQ\pickles\ligand_0.pkl,d:\PBCNet2.0\case\proQ\pickles\ligand_6.pkl,0.7067142724990845
ligand_0.pkl,ligand_60.pkl,0.0,0.0,0.0,d:\PBCNet2.0\case\proQ\pickles\ligand_0.pkl,d:\PBCNet2.0\case\proQ\pickles\ligand_60.pkl,0.886768639087677
ligand_0.pkl,ligand_600.pkl,0.0,0.0,0.0,d:\PBCNet2.0\case\proQ\pickles\ligand_0.pkl,d:\PBCNet2.0\case\proQ\pickles\ligand_600.pkl,0.8560599088668823
ligand_0.pkl,ligand_601.pkl,0.0,0.0,0.0,d:\PBCNet2.0\case\proQ\pickles\ligand_0.pkl,d:\PBCNet2.0\case\proQ\pickles\ligand_601.pkl,0.9508777856826782
ligand_0.pkl,ligand_602.pkl,0.0,0.0,0.0,d:\PBCNet2.0\case\proQ\pickles\ligand_0.pkl,d:\PBCNet2.0\case\proQ\pickles\ligand_602.pkl,0.9088559150695801
ligand_0.pkl,ligand_603.pkl,0.0,0.0,0.0,d:\PBCNet2.0\case\proQ\pickles\ligand_0.pkl,d:\PBCNet2.0\case\proQ\pickles\ligand_603.pkl,0.9352778196334839
ligand_0.pkl,ligand_604.pkl,0.0,0.0,0.0,d:\PBCNet2.0\case\proQ\pickles\ligand_0.pkl,d:\PBCNet2.0\case\proQ\pickles\ligand_604.pkl,0.9279588460922241
ligand_0.pkl,ligand_605.pkl,0.0,0.0,0.0,d:\PBCNet2.0\case\proQ\pickles\ligand_0.pkl,d:\PBCNet2.0\case\proQ\pickles\ligand_605.pkl,0.9141675233840942
ligand_0.pkl,ligand_606.pkl,0.0,0.0,0.0,d:\PBCNet2.0\case\proQ\pickles\ligand_0.pkl,d:\PBCNet2.0\case\proQ\pickles\ligand_606.pkl,0.9090067148208618
ligand_0.pkl,ligand_607.pkl,0.0,0.0,0.0,d:\PBCNet2.0\case\proQ\pickles\ligand_0.pkl,d:\PBCNet2.0\case\proQ\pickles\ligand_607.pkl,0.906131386756897
ligand_0.pkl,ligand_608.pkl,0.0,0.0,0.0,d:\PBCNet2.0\case\proQ\pickles\ligand_0.pkl,d:\PBCNet2.0\case\proQ\pickles\ligand_608.pkl,0.9361735582351685
ligand_0.pkl,ligand_609.pkl,0.0,0.0,0.0,d:\PBCNet2.0\case\proQ\pickles\ligand_0.pkl,d:\PBCNet2.0\case\proQ\pickles\ligand_609.pkl,0.8845247030258179
ligand_0.pkl,ligand_61.pkl,0.0,0.0,0.0,d:\PBCNet2.0\case\proQ\pickles\ligand_0.pkl,d:\PBCNet2.0\case\proQ\pickles\ligand_61.pkl,1.0178929567337036
ligand_0.pkl,ligand_610.pkl,0.0,0.0,0.0,d:\PBCNet2.0\case\proQ\pickles\ligand_0.pkl,d:\PBCNet2.0\case\proQ\pickles\ligand_610.pkl,0.9676041603088379
ligand_0.pkl,ligand_611.pkl,0.0,0.0,0.0,d:\PBCNet2.0\case\proQ\pickles\ligand_0.pkl,d:\PBCNet2.0\case\proQ\pickles\ligand_611.pkl,0.9068381786346436
ligand_0.pkl,ligand_612.pkl,0.0,0.0,0.0,d:\PBCNet2.0\case\proQ\pickles\ligand_0.pkl,d:\PBCNet2.0\case\proQ\pickles\ligand_612.pkl,0.8310878872871399
ligand_0.pkl,ligand_613.pkl,0.0,0.0,0.0,d:\PBCNet2.0\case\proQ\pickles\ligand_0.pkl,d:\PBCNet2.0\case\proQ\pickles\ligand_613.pkl,0.8951617479324341
ligand_0.pkl,ligand_614.pkl,0.0,0.0,0.0,d:\PBCNet2.0\case\proQ\pickles\ligand_0.pkl,d:\PBCNet2.0\case\proQ\pickles\ligand_614.pkl,0.9463213682174683
ligand_0.pkl,ligand_615.pkl,0.0,0.0,0.0,d:\PBCNet2.0\case\proQ\pickles\ligand_0.pkl,d:\PBCNet2.0\case\proQ\pickles\ligand_615.pkl,0.9271682500839233
ligand_0.pkl,ligand_616.pkl,0.0,0.0,0.0,d:\PBCNet2.0\case\proQ\pickles\ligand_0.pkl,d:\PBCNet2.0\case\proQ\pickles\ligand_616.pkl,0.8743694424629211
ligand_0.pkl,ligand_617.pkl,0.0,0.0,0.0,d:\PBCNet2.0\case\proQ\pickles\ligand_0.pkl,d:\PBCNet2.0\case\proQ\pickles\ligand_617.pkl,0.9109114408493042
ligand_0.pkl,ligand_618.pkl,0.0,0.0,0.0,d:\PBCNet2.0\case\proQ\pickles\ligand_0.pkl,d:\PBCNet2.0\case\proQ\pickles\ligand_618.pkl,0.982775092124939
ligand_0.pkl,ligand_619.pkl,0.0,0.0,0.0,d:\PBCNet2.0\case\proQ\pickles\ligand_0.pkl,d:\PBCNet2.0\case\proQ\pickles\ligand_619.pkl,0.8881734609603882
ligand_0.pkl,ligand_62.pkl,0.0,0.0,0.0,d:\PBCNet2.0\case\proQ\pickles\ligand_0.pkl,d:\PBCNet2.0\case\proQ\pickles\ligand_62.pkl,1.0093246698379517
ligand_0.pkl,ligand_620.pkl,0.0,0.0,0.0,d:\PBCNet2.0\case\proQ\pickles\ligand_0.pkl,d:\PBCNet2.0\case\proQ\pickles\ligand_620.pkl,0.9320224523544312
ligand_0.pkl,ligand_621.pkl,0.0,0.0,0.0,d:\PBCNet2.0\case\proQ\pickles\ligand_0.pkl,d:\PBCNet2.0\case\proQ\pickles\ligand_621.pkl,0.8892209529876709
ligand_0.pkl,ligand_622.pkl,0.0,0.0,0.0,d:\PBCNet2.0\case\proQ\pickles\ligand_0.pkl,d:\PBCNet2.0\case\proQ\pickles\ligand_622.pkl,0.9586869478225708
ligand_0.pkl,ligand_623.pkl,0.0,0.0,0.0,d:\PBCNet2.0\case\proQ\pickles\ligand_0.pkl,d:\PBCNet2.0\case\proQ\pickles\ligand_623.pkl,0.8266929388046265
ligand_0.pkl,ligand_624.pkl,0.0,0.0,0.0,d:\PBCNet2.0\case\proQ\pickles\ligand_0.pkl,d:\PBCNet2.0\case\proQ\pickles\ligand_624.pkl,0.883611798286438
ligand_0.pkl,ligand_625.pkl,0.0,0.0,0.0,d:\PBCNet2.0\case\proQ\pickles\ligand_0.pkl,d:\PBCNet2.0\case\proQ\pickles\ligand_625.pkl,0.9177279472351074
ligand_0.pkl,ligand_626.pkl,0.0,0.0,0.0,d:\PBCNet2.0\case\proQ\pickles\ligand_0.pkl,d:\PBCNet2.0\case\proQ\pickles\ligand_626.pkl,0.9071036577224731
ligand_0.pkl,ligand_627.pkl,0.0,0.0,0.0,d:\PBCNet2.0\case\proQ\pickles\ligand_0.pkl,d:\PBCNet2.0\case\proQ\pickles\ligand_627.pkl,0.9331856966018677
ligand_0.pkl,ligand_628.pkl,0.0,0.0,0.0,d:\PBCNet2.0\case\proQ\pickles\ligand_0.pkl,d:\PBCNet2.0\case\proQ\pickles\ligand_628.pkl,0.9380583763122559
ligand_0.pkl,ligand_629.pkl,0.0,0.0,0.0,d:\PBCNet2.0\case\proQ\pickles\ligand_0.pkl,d:\PBCNet2.0\case\proQ\pickles\ligand_629.pkl,0.8159394264221191
ligand_0.pkl,ligand_63.pkl,0.0,0.0,0.0,d:\PBCNet2.0\case\proQ\pickles\ligand_0.pkl,d:\PBCNet2.0\case\proQ\pickles\ligand_63.pkl,0.9344757795333862
ligand_0.pkl,ligand_630.pkl,0.0,0.0,0.0,d:\PBCNet2.0\case\proQ\pickles\ligand_0.pkl,d:\PBCNet2.0\case\proQ\pickles\ligand_630.pkl,0.7895138263702393
ligand_0.pkl,ligand_631.pkl,0.0,0.0,0.0,d:\PBCNet2.0\case\proQ\pickles\ligand_0.pkl,d:\PBCNet2.0\case\proQ\pickles\ligand_631.pkl,0.9464547634124756
ligand_0.pkl,ligand_632.pkl,0.0,0.0,0.0,d:\PBCNet2.0\case\proQ\pickles\ligand_0.pkl,d:\PBCNet2.0\case\proQ\pickles\ligand_632.pkl,0.8793066740036011
ligand_0.pkl,ligand_633.pkl,0.0,0.0,0.0,d:\PBCNet2.0\case\proQ\pickles\ligand_0.pkl,d:\PBCNet2.0\case\proQ\pickles\ligand_633.pkl,0.9747539758682251
ligand_0.pkl,ligand_634.pkl,0.0,0.0,0.0,d:\PBCNet2.0\case\proQ\pickles\ligand_0.pkl,d:\PBCNet2.0\case\proQ\pickles\ligand_634.pkl,0.9483789205551147
ligand_0.pkl,ligand_635.pkl,0.0,0.0,0.0,d:\PBCNet2.0\case\proQ\pickles\ligand_0.pkl,d:\PBCNet2.0\case\proQ\pickles\ligand_635.pkl,0.9230526685714722
ligand_0.pkl,ligand_636.pkl,0.0,0.0,0.0,d:\PBCNet2.0\case\proQ\pickles\ligand_0.pkl,d:\PBCNet2.0\case\proQ\pickles\ligand_636.pkl,1.1427594423294067
ligand_0.pkl,ligand_637.pkl,0.0,0.0,0.0,d:\PBCNet2.0\case\proQ\pickles\ligand_0.pkl,d:\PBCNet2.0\case\proQ\pickles\ligand_637.pkl,0.9692758321762085
ligand_0.pkl,ligand_638.pkl,0.0,0.0,0.0,d:\PBCNet2.0\case\proQ\pickles\ligand_0.pkl,d:\PBCNet2.0\case\proQ\pickles\ligand_638.pkl,0.8861153721809387
ligand_0.pkl,ligand_639.pkl,0.0,0.0,0.0,d:\PBCNet2.0\case\proQ\pickles\ligand_0.pkl,d:\PBCNet2.0\case\proQ\pickles\ligand_639.pkl,0.9362950325012207
ligand_0.pkl,ligand_64.pkl,0.0,0.0,0.0,d:\PBCNet2.0\case\proQ\pickles\ligand_0.pkl,d:\PBCNet2.0\case\proQ\pickles\ligand_64.pkl,0.8424208164215088
ligand_0.pkl,ligand_640.pkl,0.0,0.0,0.0,d:\PBCNet2.0\case\proQ\pickles\ligand_0.pkl,d:\PBCNet2.0\case\proQ\pickles\ligand_640.pkl,0.9019390344619751
ligand_0.pkl,ligand_641.pkl,0.0,0.0,0.0,d:\PBCNet2.0\case\proQ\pickles\ligand_0.pkl,d:\PBCNet2.0\case\proQ\pickles\ligand_641.pkl,0.8925296068191528
ligand_0.pkl,ligand_642.pkl,0.0,0.0,0.0,d:\PBCNet2.0\case\proQ\pickles\ligand_0.pkl,d:\PBCNet2.0\case\proQ\pickles\ligand_642.pkl,0.933677077293396
ligand_0.pkl,ligand_643.pkl,0.0,0.0,0.0,d:\PBCNet2.0\case\proQ\pickles\ligand_0.pkl,d:\PBCNet2.0\case\proQ\pickles\ligand_643.pkl,0.9272177219390869
ligand_0.pkl,ligand_644.pkl,0.0,0.0,0.0,d:\PBCNet2.0\case\proQ\pickles\ligand_0.pkl,d:\PBCNet2.0\case\proQ\pickles\ligand_644.pkl,0.8527238368988037
ligand_0.pkl,ligand_645.pkl,0.0,0.0,0.0,d:\PBCNet2.0\case\proQ\pickles\ligand_0.pkl,d:\PBCNet2.0\case\proQ\pickles\ligand_645.pkl,0.952367901802063
ligand_0.pkl,ligand_646.pkl,0.0,0.0,0.0,d:\PBCNet2.0\case\proQ\pickles\ligand_0.pkl,d:\PBCNet2.0\case\proQ\pickles\ligand_646.pkl,0.9532438516616821
ligand_0.pkl,ligand_647.pkl,0.0,0.0,0.0,d:\PBCNet2.0\case\proQ\pickles\ligand_0.pkl,d:\PBCNet2.0\case\proQ\pickles\ligand_647.pkl,0.9073776006698608
ligand_0.pkl,ligand_648.pkl,0.0,0.0,0.0,d:\PBCNet2.0\case\proQ\pickles\ligand_0.pkl,d:\PBCNet2.0\case\proQ\pickles\ligand_648.pkl,0.9384235143661499
ligand_0.pkl,ligand_649.pkl,0.0,0.0,0.0,d:\PBCNet2.0\case\proQ\pickles\ligand_0.pkl,d:\PBCNet2.0\case\proQ\pickles\ligand_649.pkl,0.9354314804077148
ligand_0.pkl,ligand_65.pkl,0.0,0.0,0.0,d:\PBCNet2.0\case\proQ\pickles\ligand_0.pkl,d:\PBCNet2.0\case\proQ\pickles\ligand_65.pkl,0.9449113607406616
ligand_0.pkl,ligand_650.pkl,0.0,0.0,0.0,d:\PBCNet2.0\case\proQ\pickles\ligand_0.pkl,d:\PBCNet2.0\case\proQ\pickles\ligand_650.pkl,0.8879387378692627
ligand_0.pkl,ligand_651.pkl,0.0,0.0,0.0,d:\PBCNet2.0\case\proQ\pickles\ligand_0.pkl,d:\PBCNet2.0\case\proQ\pickles\ligand_651.pkl,0.9505070447921753
ligand_0.pkl,ligand_652.pkl,0.0,0.0,0.0,d:\PBCNet2.0\case\proQ\pickles\ligand_0.pkl,d:\PBCNet2.0\case\proQ\pickles\ligand_652.pkl,0.8574181795120239
ligand_0.pkl,ligand_653.pkl,0.0,0.0,0.0,d:\PBCNet2.0\case\proQ\pickles\ligand_0.pkl,d:\PBCNet2.0\case\proQ\pickles\ligand_653.pkl,1.0119611024856567
ligand_0.pkl,ligand_654.pkl,0.0,0.0,0.0,d:\PBCNet2.0\case\proQ\pickles\ligand_0.pkl,d:\PBCNet2.0\case\proQ\pickles\ligand_654.pkl,0.9204415082931519
ligand_0.pkl,ligand_655.pkl,0.0,0.0,0.0,d:\PBCNet2.0\case\proQ\pickles\ligand_0.pkl,d:\PBCNet2.0\case\proQ\pickles\ligand_655.pkl,0.8907473087310791
ligand_0.pkl,ligand_656.pkl,0.0,0.0,0.0,d:\PBCNet2.0\case\proQ\pickles\ligand_0.pkl,d:\PBCNet2.0\case\proQ\pickles\ligand_656.pkl,0.7563570737838745
ligand_0.pkl,ligand_657.pkl,0.0,0.0,0.0,d:\PBCNet2.0\case\proQ\pickles\ligand_0.pkl,d:\PBCNet2.0\case\proQ\pickles\ligand_657.pkl,0.8814824223518372
ligand_0.pkl,ligand_658.pkl,0.0,0.0,0.0,d:\PBCNet2.0\case\proQ\pickles\ligand_0.pkl,d:\PBCNet2.0\case\proQ\pickles\ligand_658.pkl,0.8791042566299438
ligand_0.pkl,ligand_659.pkl,0.0,0.0,0.0,d:\PBCNet2.0\case\proQ\pickles\ligand_0.pkl,d:\PBCNet2.0\case\proQ\pickles\ligand_659.pkl,0.941419243812561
ligand_0.pkl,ligand_66.pkl,0.0,0.0,0.0,d:\PBCNet2.0\case\proQ\pickles\ligand_0.pkl,d:\PBCNet2.0\case\proQ\pickles\ligand_66.pkl,0.892440140247345
ligand_0.pkl,ligand_660.pkl,0.0,0.0,0.0,d:\PBCNet2.0\case\proQ\pickles\ligand_0.pkl,d:\PBCNet2.0\case\proQ\pickles\ligand_660.pkl,0.9586187601089478
ligand_0.pkl,ligand_661.pkl,0.0,0.0,0.0,d:\PBCNet2.0\case\proQ\pickles\ligand_0.pkl,d:\PBCNet2.0\case\proQ\pickles\ligand_661.pkl,0.9139271974563599
ligand_0.pkl,ligand_662.pkl,0.0,0.0,0.0,d:\PBCNet2.0\case\proQ\pickles\ligand_0.pkl,d:\PBCNet2.0\case\proQ\pickles\ligand_662.pkl,0.9061340093612671
ligand_0.pkl,ligand_663.pkl,0.0,0.0,0.0,d:\PBCNet2.0\case\proQ\pickles\ligand_0.pkl,d:\PBCNet2.0\case\proQ\pickles\ligand_663.pkl,0.9432958364486694
ligand_0.pkl,ligand_664.pkl,0.0,0.0,0.0,d:\PBCNet2.0\case\proQ\pickles\ligand_0.pkl,d:\PBCNet2.0\case\proQ\pickles\ligand_664.pkl,0.9179027080535889
ligand_0.pkl,ligand_665.pkl,0.0,0.0,0.0,d:\PBCNet2.0\case\proQ\pickles\ligand_0.pkl,d:\PBCNet2.0\case\proQ\pickles\ligand_665.pkl,0.9221593141555786
ligand_0.pkl,ligand_666.pkl,0.0,0.0,0.0,d:\PBCNet2.0\case\proQ\pickles\ligand_0.pkl,d:\PBCNet2.0\case\proQ\pickles\ligand_666.pkl,0.9155203104019165
ligand_0.pkl,ligand_667.pkl,0.0,0.0,0.0,d:\PBCNet2.0\case\proQ\pickles\ligand_0.pkl,d:\PBCNet2.0\case\proQ\pickles\ligand_667.pkl,0.9028902053833008
ligand_0.pkl,ligand_668.pkl,0.0,0.0,0.0,d:\PBCNet2.0\case\proQ\pickles\ligand_0.pkl,d:\PBCNet2.0\case\proQ\pickles\ligand_668.pkl,0.9978985786437988
ligand_0.pkl,ligand_669.pkl,0.0,0.0,0.0,d:\PBCNet2.0\case\proQ\pickles\ligand_0.pkl,d:\PBCNet2.0\case\proQ\pickles\ligand_669.pkl,0.8670642971992493
ligand_0.pkl,ligand_67.pkl,0.0,0.0,0.0,d:\PBCNet2.0\case\proQ\pickles\ligand_0.pkl,d:\PBCNet2.0\case\proQ\pickles\ligand_67.pkl,0.8042412400245667
ligand_0.pkl,ligand_670.pkl,0.0,0.0,0.0,d:\PBCNet2.0\case\proQ\pickles\ligand_0.pkl,d:\PBCNet2.0\case\proQ\pickles\ligand_670.pkl,0.8452231884002686
ligand_0.pkl,ligand_671.pkl,0.0,0.0,0.0,d:\PBCNet2.0\case\proQ\pickles\ligand_0.pkl,d:\PBCNet2.0\case\proQ\pickles\ligand_671.pkl,0.9033048152923584
ligand_0.pkl,ligand_672.pkl,0.0,0.0,0.0,d:\PBCNet2.0\case\proQ\pickles\ligand_0.pkl,d:\PBCNet2.0\case\proQ\pickles\ligand_672.pkl,1.021525263786316
ligand_0.pkl,ligand_673.pkl,0.0,0.0,0.0,d:\PBCNet2.0\case\proQ\pickles\ligand_0.pkl,d:\PBCNet2.0\case\proQ\pickles\ligand_673.pkl,0.9076030254364014
ligand_0.pkl,ligand_674.pkl,0.0,0.0,0.0,d:\PBCNet2.0\case\proQ\pickles\ligand_0.pkl,d:\PBCNet2.0\case\proQ\pickles\ligand_674.pkl,0.9296705722808838
ligand_0.pkl,ligand_675.pkl,0.0,0.0,0.0,d:\PBCNet2.0\case\proQ\pickles\ligand_0.pkl,d:\PBCNet2.0\case\proQ\pickles\ligand_675.pkl,0.8978457450866699
ligand_0.pkl,ligand_676.pkl,0.0,0.0,0.0,d:\PBCNet2.0\case\proQ\pickles\ligand_0.pkl,d:\PBCNet2.0\case\proQ\pickles\ligand_676.pkl,0.9429872035980225
ligand_0.pkl,ligand_677.pkl,0.0,0.0,0.0,d:\PBCNet2.0\case\proQ\pickles\ligand_0.pkl,d:\PBCNet2.0\case\proQ\pickles\ligand_677.pkl,0.9863697290420532
ligand_0.pkl,ligand_678.pkl,0.0,0.0,0.0,d:\PBCNet2.0\case\proQ\pickles\ligand_0.pkl,d:\PBCNet2.0\case\proQ\pickles\ligand_678.pkl,0.9354146718978882
ligand_0.pkl,ligand_679.pkl,0.0,0.0,0.0,d:\PBCNet2.0\case\proQ\pickles\ligand_0.pkl,d:\PBCNet2.0\case\proQ\pickles\ligand_679.pkl,0.8871221542358398
ligand_0.pkl,ligand_68.pkl,0.0,0.0,0.0,d:\PBCNet2.0\case\proQ\pickles\ligand_0.pkl,d:\PBCNet2.0\case\proQ\pickles\ligand_68.pkl,0.8944659233093262
ligand_0.pkl,ligand_680.pkl,0.0,0.0,0.0,d:\PBCNet2.0\case\proQ\pickles\ligand_0.pkl,d:\PBCNet2.0\case\proQ\pickles\ligand_680.pkl,0.8780865669250488
ligand_0.pkl,ligand_681.pkl,0.0,0.0,0.0,d:\PBCNet2.0\case\proQ\pickles\ligand_0.pkl,d:\PBCNet2.0\case\proQ\pickles\ligand_681.pkl,0.9441686868667603
ligand_0.pkl,ligand_682.pkl,0.0,0.0,0.0,d:\PBCNet2.0\case\proQ\pickles\ligand_0.pkl,d:\PBCNet2.0\case\proQ\pickles\ligand_682.pkl,0.9541007280349731
ligand_0.pkl,ligand_683.pkl,0.0,0.0,0.0,d:\PBCNet2.0\case\proQ\pickles\ligand_0.pkl,d:\PBCNet2.0\case\proQ\pickles\ligand_683.pkl,0.9399231672286987
ligand_0.pkl,ligand_684.pkl,0.0,0.0,0.0,d:\PBCNet2.0\case\proQ\pickles\ligand_0.pkl,d:\PBCNet2.0\case\proQ\pickles\ligand_684.pkl,0.9188323020935059
ligand_0.pkl,ligand_685.pkl,0.0,0.0,0.0,d:\PBCNet2.0\case\proQ\pickles\ligand_0.pkl,d:\PBCNet2.0\case\proQ\pickles\ligand_685.pkl,0.9910180568695068
ligand_0.pkl,ligand_686.pkl,0.0,0.0,0.0,d:\PBCNet2.0\case\proQ\pickles\ligand_0.pkl,d:\PBCNet2.0\case\proQ\pickles\ligand_686.pkl,0.8920980095863342
ligand_0.pkl,ligand_687.pkl,0.0,0.0,0.0,d:\PBCNet2.0\case\proQ\pickles\ligand_0.pkl,d:\PBCNet2.0\case\proQ\pickles\ligand_687.pkl,0.881759762763977
ligand_0.pkl,ligand_688.pkl,0.0,0.0,0.0,d:\PBCNet2.0\case\proQ\pickles\ligand_0.pkl,d:\PBCNet2.0\case\proQ\pickles\ligand_688.pkl,0.8627339005470276
ligand_0.pkl,ligand_689.pkl,0.0,0.0,0.0,d:\PBCNet2.0\case\proQ\pickles\ligand_0.pkl,d:\PBCNet2.0\case\proQ\pickles\ligand_689.pkl,0.9135897159576416
ligand_0.pkl,ligand_69.pkl,0.0,0.0,0.0,d:\PBCNet2.0\case\proQ\pickles\ligand_0.pkl,d:\PBCNet2.0\case\proQ\pickles\ligand_69.pkl,0.8973644971847534
ligand_0.pkl,ligand_690.pkl,0.0,0.0,0.0,d:\PBCNet2.0\case\proQ\pickles\ligand_0.pkl,d:\PBCNet2.0\case\proQ\pickles\ligand_690.pkl,0.8373507857322693
ligand_0.pkl,ligand_691.pkl,0.0,0.0,0.0,d:\PBCNet2.0\case\proQ\pickles\ligand_0.pkl,d:\PBCNet2.0\case\proQ\pickles\ligand_691.pkl,0.8426824808120728
ligand_0.pkl,ligand_692.pkl,0.0,0.0,0.0,d:\PBCNet2.0\case\proQ\pickles\ligand_0.pkl,d:\PBCNet2.0\case\proQ\pickles\ligand_692.pkl,0.8440883159637451
ligand_0.pkl,ligand_693.pkl,0.0,0.0,0.0,d:\PBCNet2.0\case\proQ\pickles\ligand_0.pkl,d:\PBCNet2.0\case\proQ\pickles\ligand_693.pkl,0.8401325345039368
ligand_0.pkl,ligand_694.pkl,0.0,0.0,0.0,d:\PBCNet2.0\case\proQ\pickles\ligand_0.pkl,d:\PBCNet2.0\case\proQ\pickles\ligand_694.pkl,0.7646982073783875
ligand_0.pkl,ligand_695.pkl,0.0,0.0,0.0,d:\PBCNet2.0\case\proQ\pickles\ligand_0.pkl,d:\PBCNet2.0\case\proQ\pickles\ligand_695.pkl,0.910895586013794
ligand_0.pkl,ligand_696.pkl,0.0,0.0,0.0,d:\PBCNet2.0\case\proQ\pickles\ligand_0.pkl,d:\PBCNet2.0\case\proQ\pickles\ligand_696.pkl,0.8579279184341431
ligand_0.pkl,ligand_697.pkl,0.0,0.0,0.0,d:\PBCNet2.0\case\proQ\pickles\ligand_0.pkl,d:\PBCNet2.0\case\proQ\pickles\ligand_697.pkl,0.883500337600708
ligand_0.pkl,ligand_698.pkl,0.0,0.0,0.0,d:\PBCNet2.0\case\proQ\pickles\ligand_0.pkl,d:\PBCNet2.0\case\proQ\pickles\ligand_698.pkl,0.8464697599411011
ligand_0.pkl,ligand_699.pkl,0.0,0.0,0.0,d:\PBCNet2.0\case\proQ\pickles\ligand_0.pkl,d:\PBCNet2.0\case\proQ\pickles\ligand_699.pkl,0.86406409740448
ligand_0.pkl,ligand_7.pkl,0.0,0.0,0.0,d:\PBCNet2.0\case\proQ\pickles\ligand_0.pkl,d:\PBCNet2.0\case\proQ\pickles\ligand_7.pkl,0.9044610261917114
ligand_0.pkl,ligand_70.pkl,0.0,0.0,0.0,d:\PBCNet2.0\case\proQ\pickles\ligand_0.pkl,d:\PBCNet2.0\case\proQ\pickles\ligand_70.pkl,0.8826546669006348
ligand_0.pkl,ligand_700.pkl,0.0,0.0,0.0,d:\PBCNet2.0\case\proQ\pickles\ligand_0.pkl,d:\PBCNet2.0\case\proQ\pickles\ligand_700.pkl,0.8750670552253723
ligand_0.pkl,ligand_701.pkl,0.0,0.0,0.0,d:\PBCNet2.0\case\proQ\pickles\ligand_0.pkl,d:\PBCNet2.0\case\proQ\pickles\ligand_701.pkl,0.8198498487472534
ligand_0.pkl,ligand_702.pkl,0.0,0.0,0.0,d:\PBCNet2.0\case\proQ\pickles\ligand_0.pkl,d:\PBCNet2.0\case\proQ\pickles\ligand_702.pkl,0.9367316961288452
ligand_0.pkl,ligand_703.pkl,0.0,0.0,0.0,d:\PBCNet2.0\case\proQ\pickles\ligand_0.pkl,d:\PBCNet2.0\case\proQ\pickles\ligand_703.pkl,0.8850190043449402
ligand_0.pkl,ligand_704.pkl,0.0,0.0,0.0,d:\PBCNet2.0\case\proQ\pickles\ligand_0.pkl,d:\PBCNet2.0\case\proQ\pickles\ligand_704.pkl,0.8311154246330261
ligand_0.pkl,ligand_705.pkl,0.0,0.0,0.0,d:\PBCNet2.0\case\proQ\pickles\ligand_0.pkl,d:\PBCNet2.0\case\proQ\pickles\ligand_705.pkl,0.872901439666748
ligand_0.pkl,ligand_706.pkl,0.0,0.0,0.0,d:\PBCNet2.0\case\proQ\pickles\ligand_0.pkl,d:\PBCNet2.0\case\proQ\pickles\ligand_706.pkl,0.9588348865509033
ligand_0.pkl,ligand_707.pkl,0.0,0.0,0.0,d:\PBCNet2.0\case\proQ\pickles\ligand_0.pkl,d:\PBCNet2.0\case\proQ\pickles\ligand_707.pkl,0.8937477469444275
ligand_0.pkl,ligand_708.pkl,0.0,0.0,0.0,d:\PBCNet2.0\case\proQ\pickles\ligand_0.pkl,d:\PBCNet2.0\case\proQ\pickles\ligand_708.pkl,0.9568082094192505
ligand_0.pkl,ligand_709.pkl,0.0,0.0,0.0,d:\PBCNet2.0\case\proQ\pickles\ligand_0.pkl,d:\PBCNet2.0\case\proQ\pickles\ligand_709.pkl,0.8981099128723145
ligand_0.pkl,ligand_71.pkl,0.0,0.0,0.0,d:\PBCNet2.0\case\proQ\pickles\ligand_0.pkl,d:\PBCNet2.0\case\proQ\pickles\ligand_71.pkl,0.9785157442092896
ligand_0.pkl,ligand_710.pkl,0.0,0.0,0.0,d:\PBCNet2.0\case\proQ\pickles\ligand_0.pkl,d:\PBCNet2.0\case\proQ\pickles\ligand_710.pkl,0.9752577543258667
ligand_0.pkl,ligand_711.pkl,0.0,0.0,0.0,d:\PBCNet2.0\case\proQ\pickles\ligand_0.pkl,d:\PBCNet2.0\case\proQ\pickles\ligand_711.pkl,0.9355075359344482
ligand_0.pkl,ligand_712.pkl,0.0,0.0,0.0,d:\PBCNet2.0\case\proQ\pickles\ligand_0.pkl,d:\PBCNet2.0\case\proQ\pickles\ligand_712.pkl,0.9758179187774658
ligand_0.pkl,ligand_713.pkl,0.0,0.0,0.0,d:\PBCNet2.0\case\proQ\pickles\ligand_0.pkl,d:\PBCNet2.0\case\proQ\pickles\ligand_713.pkl,0.9197870492935181
ligand_0.pkl,ligand_714.pkl,0.0,0.0,0.0,d:\PBCNet2.0\case\proQ\pickles\ligand_0.pkl,d:\PBCNet2.0\case\proQ\pickles\ligand_714.pkl,0.8944535255432129
ligand_0.pkl,ligand_715.pkl,0.0,0.0,0.0,d:\PBCNet2.0\case\proQ\pickles\ligand_0.pkl,d:\PBCNet2.0\case\proQ\pickles\ligand_715.pkl,0.8710319995880127
ligand_0.pkl,ligand_716.pkl,0.0,0.0,0.0,d:\PBCNet2.0\case\proQ\pickles\ligand_0.pkl,d:\PBCNet2.0\case\proQ\pickles\ligand_716.pkl,0.9065715074539185
ligand_0.pkl,ligand_717.pkl,0.0,0.0,0.0,d:\PBCNet2.0\case\proQ\pickles\ligand_0.pkl,d:\PBCNet2.0\case\proQ\pickles\ligand_717.pkl,0.9690245389938354
ligand_0.pkl,ligand_718.pkl,0.0,0.0,0.0,d:\PBCNet2.0\case\proQ\pickles\ligand_0.pkl,d:\PBCNet2.0\case\proQ\pickles\ligand_718.pkl,0.726537823677063
ligand_0.pkl,ligand_719.pkl,0.0,0.0,0.0,d:\PBCNet2.0\case\proQ\pickles\ligand_0.pkl,d:\PBCNet2.0\case\proQ\pickles\ligand_719.pkl,0.8787236213684082
ligand_0.pkl,ligand_72.pkl,0.0,0.0,0.0,d:\PBCNet2.0\case\proQ\pickles\ligand_0.pkl,d:\PBCNet2.0\case\proQ\pickles\ligand_72.pkl,0.8913012742996216
ligand_0.pkl,ligand_720.pkl,0.0,0.0,0.0,d:\PBCNet2.0\case\proQ\pickles\ligand_0.pkl,d:\PBCNet2.0\case\proQ\pickles\ligand_720.pkl,0.9185787439346313
ligand_0.pkl,ligand_721.pkl,0.0,0.0,0.0,d:\PBCNet2.0\case\proQ\pickles\ligand_0.pkl,d:\PBCNet2.0\case\proQ\pickles\ligand_721.pkl,0.8979604244232178
ligand_0.pkl,ligand_722.pkl,0.0,0.0,0.0,d:\PBCNet2.0\case\proQ\pickles\ligand_0.pkl,d:\PBCNet2.0\case\proQ\pickles\ligand_722.pkl,1.0504740476608276
ligand_0.pkl,ligand_723.pkl,0.0,0.0,0.0,d:\PBCNet2.0\case\proQ\pickles\ligand_0.pkl,d:\PBCNet2.0\case\proQ\pickles\ligand_723.pkl,0.8817309737205505
ligand_0.pkl,ligand_724.pkl,0.0,0.0,0.0,d:\PBCNet2.0\case\proQ\pickles\ligand_0.pkl,d:\PBCNet2.0\case\proQ\pickles\ligand_724.pkl,0.857071578502655
ligand_0.pkl,ligand_725.pkl,0.0,0.0,0.0,d:\PBCNet2.0\case\proQ\pickles\ligand_0.pkl,d:\PBCNet2.0\case\proQ\pickles\ligand_725.pkl,0.9305710792541504
ligand_0.pkl,ligand_726.pkl,0.0,0.0,0.0,d:\PBCNet2.0\case\proQ\pickles\ligand_0.pkl,d:\PBCNet2.0\case\proQ\pickles\ligand_726.pkl,0.9861165285110474
ligand_0.pkl,ligand_727.pkl,0.0,0.0,0.0,d:\PBCNet2.0\case\proQ\pickles\ligand_0.pkl,d:\PBCNet2.0\case\proQ\pickles\ligand_727.pkl,0.9794888496398926
ligand_0.pkl,ligand_728.pkl,0.0,0.0,0.0,d:\PBCNet2.0\case\proQ\pickles\ligand_0.pkl,d:\PBCNet2.0\case\proQ\pickles\ligand_728.pkl,0.9350436925888062
ligand_0.pkl,ligand_729.pkl,0.0,0.0,0.0,d:\PBCNet2.0\case\proQ\pickles\ligand_0.pkl,d:\PBCNet2.0\case\proQ\pickles\ligand_729.pkl,0.8888408541679382
ligand_0.pkl,ligand_73.pkl,0.0,0.0,0.0,d:\PBCNet2.0\case\proQ\pickles\ligand_0.pkl,d:\PBCNet2.0\case\proQ\pickles\ligand_73.pkl,0.8724573850631714
ligand_0.pkl,ligand_730.pkl,0.0,0.0,0.0,d:\PBCNet2.0\case\proQ\pickles\ligand_0.pkl,d:\PBCNet2.0\case\proQ\pickles\ligand_730.pkl,0.8467254638671875
ligand_0.pkl,ligand_731.pkl,0.0,0.0,0.0,d:\PBCNet2.0\case\proQ\pickles\ligand_0.pkl,d:\PBCNet2.0\case\proQ\pickles\ligand_731.pkl,0.8351842761039734
ligand_0.pkl,ligand_732.pkl,0.0,0.0,0.0,d:\PBCNet2.0\case\proQ\pickles\ligand_0.pkl,d:\PBCNet2.0\case\proQ\pickles\ligand_732.pkl,0.7823852896690369
ligand_0.pkl,ligand_733.pkl,0.0,0.0,0.0,d:\PBCNet2.0\case\proQ\pickles\ligand_0.pkl,d:\PBCNet2.0\case\proQ\pickles\ligand_733.pkl,0.9303704500198364
ligand_0.pkl,ligand_734.pkl,0.0,0.0,0.0,d:\PBCNet2.0\case\proQ\pickles\ligand_0.pkl,d:\PBCNet2.0\case\proQ\pickles\ligand_734.pkl,0.8898361921310425
ligand_0.pkl,ligand_735.pkl,0.0,0.0,0.0,d:\PBCNet2.0\case\proQ\pickles\ligand_0.pkl,d:\PBCNet2.0\case\proQ\pickles\ligand_735.pkl,0.8047831058502197
ligand_0.pkl,ligand_736.pkl,0.0,0.0,0.0,d:\PBCNet2.0\case\proQ\pickles\ligand_0.pkl,d:\PBCNet2.0\case\proQ\pickles\ligand_736.pkl,0.9360586404800415
ligand_0.pkl,ligand_737.pkl,0.0,0.0,0.0,d:\PBCNet2.0\case\proQ\pickles\ligand_0.pkl,d:\PBCNet2.0\case\proQ\pickles\ligand_737.pkl,0.9804450273513794
ligand_0.pkl,ligand_738.pkl,0.0,0.0,0.0,d:\PBCNet2.0\case\proQ\pickles\ligand_0.pkl,d:\PBCNet2.0\case\proQ\pickles\ligand_738.pkl,0.9605201482772827
ligand_0.pkl,ligand_739.pkl,0.0,0.0,0.0,d:\PBCNet2.0\case\proQ\pickles\ligand_0.pkl,d:\PBCNet2.0\case\proQ\pickles\ligand_739.pkl,0.9594835042953491
ligand_0.pkl,ligand_74.pkl,0.0,0.0,0.0,d:\PBCNet2.0\case\proQ\pickles\ligand_0.pkl,d:\PBCNet2.0\case\proQ\pickles\ligand_74.pkl,0.9430404901504517
ligand_0.pkl,ligand_740.pkl,0.0,0.0,0.0,d:\PBCNet2.0\case\proQ\pickles\ligand_0.pkl,d:\PBCNet2.0\case\proQ\pickles\ligand_740.pkl,0.7899724841117859
ligand_0.pkl,ligand_741.pkl,0.0,0.0,0.0,d:\PBCNet2.0\case\proQ\pickles\ligand_0.pkl,d:\PBCNet2.0\case\proQ\pickles\ligand_741.pkl,0.9701336622238159
ligand_0.pkl,ligand_742.pkl,0.0,0.0,0.0,d:\PBCNet2.0\case\proQ\pickles\ligand_0.pkl,d:\PBCNet2.0\case\proQ\pickles\ligand_742.pkl,0.9063347578048706
ligand_0.pkl,ligand_743.pkl,0.0,0.0,0.0,d:\PBCNet2.0\case\proQ\pickles\ligand_0.pkl,d:\PBCNet2.0\case\proQ\pickles\ligand_743.pkl,0.852539598941803
ligand_0.pkl,ligand_744.pkl,0.0,0.0,0.0,d:\PBCNet2.0\case\proQ\pickles\ligand_0.pkl,d:\PBCNet2.0\case\proQ\pickles\ligand_744.pkl,0.8841670751571655
ligand_0.pkl,ligand_745.pkl,0.0,0.0,0.0,d:\PBCNet2.0\case\proQ\pickles\ligand_0.pkl,d:\PBCNet2.0\case\proQ\pickles\ligand_745.pkl,0.926071286201477
ligand_0.pkl,ligand_746.pkl,0.0,0.0,0.0,d:\PBCNet2.0\case\proQ\pickles\ligand_0.pkl,d:\PBCNet2.0\case\proQ\pickles\ligand_746.pkl,0.8881198167800903
ligand_0.pkl,ligand_747.pkl,0.0,0.0,0.0,d:\PBCNet2.0\case\proQ\pickles\ligand_0.pkl,d:\PBCNet2.0\case\proQ\pickles\ligand_747.pkl,0.7976627945899963
ligand_0.pkl,ligand_748.pkl,0.0,0.0,0.0,d:\PBCNet2.0\case\proQ\pickles\ligand_0.pkl,d:\PBCNet2.0\case\proQ\pickles\ligand_748.pkl,0.8836117386817932
ligand_0.pkl,ligand_749.pkl,0.0,0.0,0.0,d:\PBCNet2.0\case\proQ\pickles\ligand_0.pkl,d:\PBCNet2.0\case\proQ\pickles\ligand_749.pkl,0.8414638042449951
ligand_0.pkl,ligand_75.pkl,0.0,0.0,0.0,d:\PBCNet2.0\case\proQ\pickles\ligand_0.pkl,d:\PBCNet2.0\case\proQ\pickles\ligand_75.pkl,0.9207016229629517
ligand_0.pkl,ligand_750.pkl,0.0,0.0,0.0,d:\PBCNet2.0\case\proQ\pickles\ligand_0.pkl,d:\PBCNet2.0\case\proQ\pickles\ligand_750.pkl,0.9295437335968018
ligand_0.pkl,ligand_751.pkl,0.0,0.0,0.0,d:\PBCNet2.0\case\proQ\pickles\ligand_0.pkl,d:\PBCNet2.0\case\proQ\pickles\ligand_751.pkl,0.8709489107131958
ligand_0.pkl,ligand_752.pkl,0.0,0.0,0.0,d:\PBCNet2.0\case\proQ\pickles\ligand_0.pkl,d:\PBCNet2.0\case\proQ\pickles\ligand_752.pkl,0.9592407941818237
ligand_0.pkl,ligand_753.pkl,0.0,0.0,0.0,d:\PBCNet2.0\case\proQ\pickles\ligand_0.pkl,d:\PBCNet2.0\case\proQ\pickles\ligand_753.pkl,0.924538254737854
ligand_0.pkl,ligand_754.pkl,0.0,0.0,0.0,d:\PBCNet2.0\case\proQ\pickles\ligand_0.pkl,d:\PBCNet2.0\case\proQ\pickles\ligand_754.pkl,0.8646643161773682
ligand_0.pkl,ligand_755.pkl,0.0,0.0,0.0,d:\PBCNet2.0\case\proQ\pickles\ligand_0.pkl,d:\PBCNet2.0\case\proQ\pickles\ligand_755.pkl,0.91986083984375
ligand_0.pkl,ligand_756.pkl,0.0,0.0,0.0,d:\PBCNet2.0\case\proQ\pickles\ligand_0.pkl,d:\PBCNet2.0\case\proQ\pickles\ligand_756.pkl,0.9162793159484863
ligand_0.pkl,ligand_757.pkl,0.0,0.0,0.0,d:\PBCNet2.0\case\proQ\pickles\ligand_0.pkl,d:\PBCNet2.0\case\proQ\pickles\ligand_757.pkl,0.949522852897644
ligand_0.pkl,ligand_758.pkl,0.0,0.0,0.0,d:\PBCNet2.0\case\proQ\pickles\ligand_0.pkl,d:\PBCNet2.0\case\proQ\pickles\ligand_758.pkl,0.8285480737686157
ligand_0.pkl,ligand_759.pkl,0.0,0.0,0.0,d:\PBCNet2.0\case\proQ\pickles\ligand_0.pkl,d:\PBCNet2.0\case\proQ\pickles\ligand_759.pkl,0.9947836399078369
ligand_0.pkl,ligand_76.pkl,0.0,0.0,0.0,d:\PBCNet2.0\case\proQ\pickles\ligand_0.pkl,d:\PBCNet2.0\case\proQ\pickles\ligand_76.pkl,0.8963278532028198
ligand_0.pkl,ligand_760.pkl,0.0,0.0,0.0,d:\PBCNet2.0\case\proQ\pickles\ligand_0.pkl,d:\PBCNet2.0\case\proQ\pickles\ligand_760.pkl,0.898970365524292
ligand_0.pkl,ligand_761.pkl,0.0,0.0,0.0,d:\PBCNet2.0\case\proQ\pickles\ligand_0.pkl,d:\PBCNet2.0\case\proQ\pickles\ligand_761.pkl,0.9453121423721313
ligand_0.pkl,ligand_762.pkl,0.0,0.0,0.0,d:\PBCNet2.0\case\proQ\pickles\ligand_0.pkl,d:\PBCNet2.0\case\proQ\pickles\ligand_762.pkl,0.8782025575637817
ligand_0.pkl,ligand_763.pkl,0.0,0.0,0.0,d:\PBCNet2.0\case\proQ\pickles\ligand_0.pkl,d:\PBCNet2.0\case\proQ\pickles\ligand_763.pkl,0.8775259256362915
ligand_0.pkl,ligand_764.pkl,0.0,0.0,0.0,d:\PBCNet2.0\case\proQ\pickles\ligand_0.pkl,d:\PBCNet2.0\case\proQ\pickles\ligand_764.pkl,0.7994434237480164
ligand_0.pkl,ligand_765.pkl,0.0,0.0,0.0,d:\PBCNet2.0\case\proQ\pickles\ligand_0.pkl,d:\PBCNet2.0\case\proQ\pickles\ligand_765.pkl,0.9520535469055176
ligand_0.pkl,ligand_766.pkl,0.0,0.0,0.0,d:\PBCNet2.0\case\proQ\pickles\ligand_0.pkl,d:\PBCNet2.0\case\proQ\pickles\ligand_766.pkl,0.9111765623092651
ligand_0.pkl,ligand_767.pkl,0.0,0.0,0.0,d:\PBCNet2.0\case\proQ\pickles\ligand_0.pkl,d:\PBCNet2.0\case\proQ\pickles\ligand_767.pkl,0.9103231430053711
ligand_0.pkl,ligand_768.pkl,0.0,0.0,0.0,d:\PBCNet2.0\case\proQ\pickles\ligand_0.pkl,d:\PBCNet2.0\case\proQ\pickles\ligand_768.pkl,0.902815580368042
ligand_0.pkl,ligand_769.pkl,0.0,0.0,0.0,d:\PBCNet2.0\case\proQ\pickles\ligand_0.pkl,d:\PBCNet2.0\case\proQ\pickles\ligand_769.pkl,0.9111703634262085
ligand_0.pkl,ligand_77.pkl,0.0,0.0,0.0,d:\PBCNet2.0\case\proQ\pickles\ligand_0.pkl,d:\PBCNet2.0\case\proQ\pickles\ligand_77.pkl,0.9235303401947021
ligand_0.pkl,ligand_770.pkl,0.0,0.0,0.0,d:\PBCNet2.0\case\proQ\pickles\ligand_0.pkl,d:\PBCNet2.0\case\proQ\pickles\ligand_770.pkl,0.9029896259307861
ligand_0.pkl,ligand_771.pkl,0.0,0.0,0.0,d:\PBCNet2.0\case\proQ\pickles\ligand_0.pkl,d:\PBCNet2.0\case\proQ\pickles\ligand_771.pkl,0.9917144775390625
ligand_0.pkl,ligand_772.pkl,0.0,0.0,0.0,d:\PBCNet2.0\case\proQ\pickles\ligand_0.pkl,d:\PBCNet2.0\case\proQ\pickles\ligand_772.pkl,0.8286583423614502
ligand_0.pkl,ligand_773.pkl,0.0,0.0,0.0,d:\PBCNet2.0\case\proQ\pickles\ligand_0.pkl,d:\PBCNet2.0\case\proQ\pickles\ligand_773.pkl,0.9244202375411987
ligand_0.pkl,ligand_774.pkl,0.0,0.0,0.0,d:\PBCNet2.0\case\proQ\pickles\ligand_0.pkl,d:\PBCNet2.0\case\proQ\pickles\ligand_774.pkl,0.9439030885696411
ligand_0.pkl,ligand_775.pkl,0.0,0.0,0.0,d:\PBCNet2.0\case\proQ\pickles\ligand_0.pkl,d:\PBCNet2.0\case\proQ\pickles\ligand_775.pkl,0.8707178831100464
ligand_0.pkl,ligand_776.pkl,0.0,0.0,0.0,d:\PBCNet2.0\case\proQ\pickles\ligand_0.pkl,d:\PBCNet2.0\case\proQ\pickles\ligand_776.pkl,0.8251091241836548
ligand_0.pkl,ligand_777.pkl,0.0,0.0,0.0,d:\PBCNet2.0\case\proQ\pickles\ligand_0.pkl,d:\PBCNet2.0\case\proQ\pickles\ligand_777.pkl,0.9721635580062866
ligand_0.pkl,ligand_778.pkl,0.0,0.0,0.0,d:\PBCNet2.0\case\proQ\pickles\ligand_0.pkl,d:\PBCNet2.0\case\proQ\pickles\ligand_778.pkl,0.8904129266738892
ligand_0.pkl,ligand_779.pkl,0.0,0.0,0.0,d:\PBCNet2.0\case\proQ\pickles\ligand_0.pkl,d:\PBCNet2.0\case\proQ\pickles\ligand_779.pkl,0.9971187114715576
ligand_0.pkl,ligand_78.pkl,0.0,0.0,0.0,d:\PBCNet2.0\case\proQ\pickles\ligand_0.pkl,d:\PBCNet2.0\case\proQ\pickles\ligand_78.pkl,0.984592080116272
ligand_0.pkl,ligand_780.pkl,0.0,0.0,0.0,d:\PBCNet2.0\case\proQ\pickles\ligand_0.pkl,d:\PBCNet2.0\case\proQ\pickles\ligand_780.pkl,0.9974547624588013
ligand_0.pkl,ligand_781.pkl,0.0,0.0,0.0,d:\PBCNet2.0\case\proQ\pickles\ligand_0.pkl,d:\PBCNet2.0\case\proQ\pickles\ligand_781.pkl,0.9907965660095215
ligand_0.pkl,ligand_782.pkl,0.0,0.0,0.0,d:\PBCNet2.0\case\proQ\pickles\ligand_0.pkl,d:\PBCNet2.0\case\proQ\pickles\ligand_782.pkl,0.9231860637664795
ligand_0.pkl,ligand_783.pkl,0.0,0.0,0.0,d:\PBCNet2.0\case\proQ\pickles\ligand_0.pkl,d:\PBCNet2.0\case\proQ\pickles\ligand_783.pkl,0.865097165107727
ligand_0.pkl,ligand_784.pkl,0.0,0.0,0.0,d:\PBCNet2.0\case\proQ\pickles\ligand_0.pkl,d:\PBCNet2.0\case\proQ\pickles\ligand_784.pkl,0.9261122941970825
ligand_0.pkl,ligand_785.pkl,0.0,0.0,0.0,d:\PBCNet2.0\case\proQ\pickles\ligand_0.pkl,d:\PBCNet2.0\case\proQ\pickles\ligand_785.pkl,0.9134186506271362
ligand_0.pkl,ligand_786.pkl,0.0,0.0,0.0,d:\PBCNet2.0\case\proQ\pickles\ligand_0.pkl,d:\PBCNet2.0\case\proQ\pickles\ligand_786.pkl,0.8888022899627686
ligand_0.pkl,ligand_787.pkl,0.0,0.0,0.0,d:\PBCNet2.0\case\proQ\pickles\ligand_0.pkl,d:\PBCNet2.0\case\proQ\pickles\ligand_787.pkl,0.9302033185958862
ligand_0.pkl,ligand_788.pkl,0.0,0.0,0.0,d:\PBCNet2.0\case\proQ\pickles\ligand_0.pkl,d:\PBCNet2.0\case\proQ\pickles\ligand_788.pkl,0.9517804384231567
ligand_0.pkl,ligand_789.pkl,0.0,0.0,0.0,d:\PBCNet2.0\case\proQ\pickles\ligand_0.pkl,d:\PBCNet2.0\case\proQ\pickles\ligand_789.pkl,1.0218547582626343
ligand_0.pkl,ligand_79.pkl,0.0,0.0,0.0,d:\PBCNet2.0\case\proQ\pickles\ligand_0.pkl,d:\PBCNet2.0\case\proQ\pickles\ligand_79.pkl,0.9345384836196899
ligand_0.pkl,ligand_790.pkl,0.0,0.0,0.0,d:\PBCNet2.0\case\proQ\pickles\ligand_0.pkl,d:\PBCNet2.0\case\proQ\pickles\ligand_790.pkl,0.8611467480659485
ligand_0.pkl,ligand_791.pkl,0.0,0.0,0.0,d:\PBCNet2.0\case\proQ\pickles\ligand_0.pkl,d:\PBCNet2.0\case\proQ\pickles\ligand_791.pkl,0.9324033260345459
ligand_0.pkl,ligand_792.pkl,0.0,0.0,0.0,d:\PBCNet2.0\case\proQ\pickles\ligand_0.pkl,d:\PBCNet2.0\case\proQ\pickles\ligand_792.pkl,1.0754082202911377
ligand_0.pkl,ligand_793.pkl,0.0,0.0,0.0,d:\PBCNet2.0\case\proQ\pickles\ligand_0.pkl,d:\PBCNet2.0\case\proQ\pickles\ligand_793.pkl,0.9285461902618408
ligand_0.pkl,ligand_794.pkl,0.0,0.0,0.0,d:\PBCNet2.0\case\proQ\pickles\ligand_0.pkl,d:\PBCNet2.0\case\proQ\pickles\ligand_794.pkl,0.936159610748291
ligand_0.pkl,ligand_795.pkl,0.0,0.0,0.0,d:\PBCNet2.0\case\proQ\pickles\ligand_0.pkl,d:\PBCNet2.0\case\proQ\pickles\ligand_795.pkl,1.0383135080337524
ligand_0.pkl,ligand_796.pkl,0.0,0.0,0.0,d:\PBCNet2.0\case\proQ\pickles\ligand_0.pkl,d:\PBCNet2.0\case\proQ\pickles\ligand_796.pkl,0.9898289442062378
ligand_0.pkl,ligand_797.pkl,0.0,0.0,0.0,d:\PBCNet2.0\case\proQ\pickles\ligand_0.pkl,d:\PBCNet2.0\case\proQ\pickles\ligand_797.pkl,0.9502002000808716
ligand_0.pkl,ligand_798.pkl,0.0,0.0,0.0,d:\PBCNet2.0\case\proQ\pickles\ligand_0.pkl,d:\PBCNet2.0\case\proQ\pickles\ligand_798.pkl,0.8360270261764526
ligand_0.pkl,ligand_799.pkl,0.0,0.0,0.0,d:\PBCNet2.0\case\proQ\pickles\ligand_0.pkl,d:\PBCNet2.0\case\proQ\pickles\ligand_799.pkl,0.8555122017860413
ligand_0.pkl,ligand_8.pkl,0.0,0.0,0.0,d:\PBCNet2.0\case\proQ\pickles\ligand_0.pkl,d:\PBCNet2.0\case\proQ\pickles\ligand_8.pkl,0.9514443874359131
ligand_0.pkl,ligand_80.pkl,0.0,0.0,0.0,d:\PBCNet2.0\case\proQ\pickles\ligand_0.pkl,d:\PBCNet2.0\case\proQ\pickles\ligand_80.pkl,0.8998223543167114
ligand_0.pkl,ligand_800.pkl,0.0,0.0,0.0,d:\PBCNet2.0\case\proQ\pickles\ligand_0.pkl,d:\PBCNet2.0\case\proQ\pickles\ligand_800.pkl,0.9827049970626831
ligand_0.pkl,ligand_801.pkl,0.0,0.0,0.0,d:\PBCNet2.0\case\proQ\pickles\ligand_0.pkl,d:\PBCNet2.0\case\proQ\pickles\ligand_801.pkl,0.9528704881668091
ligand_0.pkl,ligand_802.pkl,0.0,0.0,0.0,d:\PBCNet2.0\case\proQ\pickles\ligand_0.pkl,d:\PBCNet2.0\case\proQ\pickles\ligand_802.pkl,0.909450888633728
ligand_0.pkl,ligand_803.pkl,0.0,0.0,0.0,d:\PBCNet2.0\case\proQ\pickles\ligand_0.pkl,d:\PBCNet2.0\case\proQ\pickles\ligand_803.pkl,0.8477091789245605
ligand_0.pkl,ligand_804.pkl,0.0,0.0,0.0,d:\PBCNet2.0\case\proQ\pickles\ligand_0.pkl,d:\PBCNet2.0\case\proQ\pickles\ligand_804.pkl,0.9415372610092163
ligand_0.pkl,ligand_805.pkl,0.0,0.0,0.0,d:\PBCNet2.0\case\proQ\pickles\ligand_0.pkl,d:\PBCNet2.0\case\proQ\pickles\ligand_805.pkl,0.9912464618682861
ligand_0.pkl,ligand_806.pkl,0.0,0.0,0.0,d:\PBCNet2.0\case\proQ\pickles\ligand_0.pkl,d:\PBCNet2.0\case\proQ\pickles\ligand_806.pkl,0.8952920436859131
ligand_0.pkl,ligand_807.pkl,0.0,0.0,0.0,d:\PBCNet2.0\case\proQ\pickles\ligand_0.pkl,d:\PBCNet2.0\case\proQ\pickles\ligand_807.pkl,0.8490985631942749
ligand_0.pkl,ligand_809.pkl,0.0,0.0,0.0,d:\PBCNet2.0\case\proQ\pickles\ligand_0.pkl,d:\PBCNet2.0\case\proQ\pickles\ligand_809.pkl,0.8902465105056763
ligand_0.pkl,ligand_81.pkl,0.0,0.0,0.0,d:\PBCNet2.0\case\proQ\pickles\ligand_0.pkl,d:\PBCNet2.0\case\proQ\pickles\ligand_81.pkl,0.9048342704772949
ligand_0.pkl,ligand_810.pkl,0.0,0.0,0.0,d:\PBCNet2.0\case\proQ\pickles\ligand_0.pkl,d:\PBCNet2.0\case\proQ\pickles\ligand_810.pkl,0.8929524421691895
ligand_0.pkl,ligand_811.pkl,0.0,0.0,0.0,d:\PBCNet2.0\case\proQ\pickles\ligand_0.pkl,d:\PBCNet2.0\case\proQ\pickles\ligand_811.pkl,0.9725637435913086
ligand_0.pkl,ligand_812.pkl,0.0,0.0,0.0,d:\PBCNet2.0\case\proQ\pickles\ligand_0.pkl,d:\PBCNet2.0\case\proQ\pickles\ligand_812.pkl,0.9333757162094116
ligand_0.pkl,ligand_813.pkl,0.0,0.0,0.0,d:\PBCNet2.0\case\proQ\pickles\ligand_0.pkl,d:\PBCNet2.0\case\proQ\pickles\ligand_813.pkl,0.9173407554626465
ligand_0.pkl,ligand_814.pkl,0.0,0.0,0.0,d:\PBCNet2.0\case\proQ\pickles\ligand_0.pkl,d:\PBCNet2.0\case\proQ\pickles\ligand_814.pkl,0.9070857763290405
ligand_0.pkl,ligand_815.pkl,0.0,0.0,0.0,d:\PBCNet2.0\case\proQ\pickles\ligand_0.pkl,d:\PBCNet2.0\case\proQ\pickles\ligand_815.pkl,0.9757765531539917
ligand_0.pkl,ligand_816.pkl,0.0,0.0,0.0,d:\PBCNet2.0\case\proQ\pickles\ligand_0.pkl,d:\PBCNet2.0\case\proQ\pickles\ligand_816.pkl,0.8389630913734436
ligand_0.pkl,ligand_817.pkl,0.0,0.0,0.0,d:\PBCNet2.0\case\proQ\pickles\ligand_0.pkl,d:\PBCNet2.0\case\proQ\pickles\ligand_817.pkl,0.8612760305404663
ligand_0.pkl,ligand_818.pkl,0.0,0.0,0.0,d:\PBCNet2.0\case\proQ\pickles\ligand_0.pkl,d:\PBCNet2.0\case\proQ\pickles\ligand_818.pkl,0.946811318397522
ligand_0.pkl,ligand_819.pkl,0.0,0.0,0.0,d:\PBCNet2.0\case\proQ\pickles\ligand_0.pkl,d:\PBCNet2.0\case\proQ\pickles\ligand_819.pkl,0.5506786108016968
ligand_0.pkl,ligand_82.pkl,0.0,0.0,0.0,d:\PBCNet2.0\case\proQ\pickles\ligand_0.pkl,d:\PBCNet2.0\case\proQ\pickles\ligand_82.pkl,0.9234979152679443
ligand_0.pkl,ligand_820.pkl,0.0,0.0,0.0,d:\PBCNet2.0\case\proQ\pickles\ligand_0.pkl,d:\PBCNet2.0\case\proQ\pickles\ligand_820.pkl,0.90221107006073
ligand_0.pkl,ligand_821.pkl,0.0,0.0,0.0,d:\PBCNet2.0\case\proQ\pickles\ligand_0.pkl,d:\PBCNet2.0\case\proQ\pickles\ligand_821.pkl,0.9159530401229858
ligand_0.pkl,ligand_822.pkl,0.0,0.0,0.0,d:\PBCNet2.0\case\proQ\pickles\ligand_0.pkl,d:\PBCNet2.0\case\proQ\pickles\ligand_822.pkl,0.916023850440979
ligand_0.pkl,ligand_823.pkl,0.0,0.0,0.0,d:\PBCNet2.0\case\proQ\pickles\ligand_0.pkl,d:\PBCNet2.0\case\proQ\pickles\ligand_823.pkl,0.9237031936645508
ligand_0.pkl,ligand_824.pkl,0.0,0.0,0.0,d:\PBCNet2.0\case\proQ\pickles\ligand_0.pkl,d:\PBCNet2.0\case\proQ\pickles\ligand_824.pkl,0.7827228307723999
ligand_0.pkl,ligand_825.pkl,0.0,0.0,0.0,d:\PBCNet2.0\case\proQ\pickles\ligand_0.pkl,d:\PBCNet2.0\case\proQ\pickles\ligand_825.pkl,0.8637754917144775
ligand_0.pkl,ligand_826.pkl,0.0,0.0,0.0,d:\PBCNet2.0\case\proQ\pickles\ligand_0.pkl,d:\PBCNet2.0\case\proQ\pickles\ligand_826.pkl,0.9247885942459106
ligand_0.pkl,ligand_827.pkl,0.0,0.0,0.0,d:\PBCNet2.0\case\proQ\pickles\ligand_0.pkl,d:\PBCNet2.0\case\proQ\pickles\ligand_827.pkl,0.9314991235733032
ligand_0.pkl,ligand_828.pkl,0.0,0.0,0.0,d:\PBCNet2.0\case\proQ\pickles\ligand_0.pkl,d:\PBCNet2.0\case\proQ\pickles\ligand_828.pkl,0.8598111271858215
ligand_0.pkl,ligand_829.pkl,0.0,0.0,0.0,d:\PBCNet2.0\case\proQ\pickles\ligand_0.pkl,d:\PBCNet2.0\case\proQ\pickles\ligand_829.pkl,0.8982183933258057
ligand_0.pkl,ligand_83.pkl,0.0,0.0,0.0,d:\PBCNet2.0\case\proQ\pickles\ligand_0.pkl,d:\PBCNet2.0\case\proQ\pickles\ligand_83.pkl,0.9369975328445435
ligand_0.pkl,ligand_830.pkl,0.0,0.0,0.0,d:\PBCNet2.0\case\proQ\pickles\ligand_0.pkl,d:\PBCNet2.0\case\proQ\pickles\ligand_830.pkl,0.9240081310272217
ligand_0.pkl,ligand_831.pkl,0.0,0.0,0.0,d:\PBCNet2.0\case\proQ\pickles\ligand_0.pkl,d:\PBCNet2.0\case\proQ\pickles\ligand_831.pkl,0.8644241094589233
ligand_0.pkl,ligand_832.pkl,0.0,0.0,0.0,d:\PBCNet2.0\case\proQ\pickles\ligand_0.pkl,d:\PBCNet2.0\case\proQ\pickles\ligand_832.pkl,0.8652859926223755
ligand_0.pkl,ligand_833.pkl,0.0,0.0,0.0,d:\PBCNet2.0\case\proQ\pickles\ligand_0.pkl,d:\PBCNet2.0\case\proQ\pickles\ligand_833.pkl,0.8706262707710266
ligand_0.pkl,ligand_834.pkl,0.0,0.0,0.0,d:\PBCNet2.0\case\proQ\pickles\ligand_0.pkl,d:\PBCNet2.0\case\proQ\pickles\ligand_834.pkl,0.993028998374939
ligand_0.pkl,ligand_835.pkl,0.0,0.0,0.0,d:\PBCNet2.0\case\proQ\pickles\ligand_0.pkl,d:\PBCNet2.0\case\proQ\pickles\ligand_835.pkl,0.9882990121841431
ligand_0.pkl,ligand_836.pkl,0.0,0.0,0.0,d:\PBCNet2.0\case\proQ\pickles\ligand_0.pkl,d:\PBCNet2.0\case\proQ\pickles\ligand_836.pkl,0.9900034666061401
ligand_0.pkl,ligand_837.pkl,0.0,0.0,0.0,d:\PBCNet2.0\case\proQ\pickles\ligand_0.pkl,d:\PBCNet2.0\case\proQ\pickles\ligand_837.pkl,0.8823421597480774
ligand_0.pkl,ligand_838.pkl,0.0,0.0,0.0,d:\PBCNet2.0\case\proQ\pickles\ligand_0.pkl,d:\PBCNet2.0\case\proQ\pickles\ligand_838.pkl,0.8942265510559082
ligand_0.pkl,ligand_839.pkl,0.0,0.0,0.0,d:\PBCNet2.0\case\proQ\pickles\ligand_0.pkl,d:\PBCNet2.0\case\proQ\pickles\ligand_839.pkl,0.9219323396682739
ligand_0.pkl,ligand_84.pkl,0.0,0.0,0.0,d:\PBCNet2.0\case\proQ\pickles\ligand_0.pkl,d:\PBCNet2.0\case\proQ\pickles\ligand_84.pkl,0.6995131969451904
ligand_0.pkl,ligand_840.pkl,0.0,0.0,0.0,d:\PBCNet2.0\case\proQ\pickles\ligand_0.pkl,d:\PBCNet2.0\case\proQ\pickles\ligand_840.pkl,0.9159172773361206
ligand_0.pkl,ligand_841.pkl,0.0,0.0,0.0,d:\PBCNet2.0\case\proQ\pickles\ligand_0.pkl,d:\PBCNet2.0\case\proQ\pickles\ligand_841.pkl,0.9926531314849854
ligand_0.pkl,ligand_842.pkl,0.0,0.0,0.0,d:\PBCNet2.0\case\proQ\pickles\ligand_0.pkl,d:\PBCNet2.0\case\proQ\pickles\ligand_842.pkl,0.9179404973983765
ligand_0.pkl,ligand_843.pkl,0.0,0.0,0.0,d:\PBCNet2.0\case\proQ\pickles\ligand_0.pkl,d:\PBCNet2.0\case\proQ\pickles\ligand_843.pkl,1.0490778684616089
ligand_0.pkl,ligand_844.pkl,0.0,0.0,0.0,d:\PBCNet2.0\case\proQ\pickles\ligand_0.pkl,d:\PBCNet2.0\case\proQ\pickles\ligand_844.pkl,1.0076831579208374
ligand_0.pkl,ligand_845.pkl,0.0,0.0,0.0,d:\PBCNet2.0\case\proQ\pickles\ligand_0.pkl,d:\PBCNet2.0\case\proQ\pickles\ligand_845.pkl,1.0085912942886353
ligand_0.pkl,ligand_846.pkl,0.0,0.0,0.0,d:\PBCNet2.0\case\proQ\pickles\ligand_0.pkl,d:\PBCNet2.0\case\proQ\pickles\ligand_846.pkl,0.9222850799560547
ligand_0.pkl,ligand_847.pkl,0.0,0.0,0.0,d:\PBCNet2.0\case\proQ\pickles\ligand_0.pkl,d:\PBCNet2.0\case\proQ\pickles\ligand_847.pkl,0.9070348739624023
ligand_0.pkl,ligand_848.pkl,0.0,0.0,0.0,d:\PBCNet2.0\case\proQ\pickles\ligand_0.pkl,d:\PBCNet2.0\case\proQ\pickles\ligand_848.pkl,0.8346514105796814
ligand_0.pkl,ligand_849.pkl,0.0,0.0,0.0,d:\PBCNet2.0\case\proQ\pickles\ligand_0.pkl,d:\PBCNet2.0\case\proQ\pickles\ligand_849.pkl,0.9477590322494507
ligand_0.pkl,ligand_85.pkl,0.0,0.0,0.0,d:\PBCNet2.0\case\proQ\pickles\ligand_0.pkl,d:\PBCNet2.0\case\proQ\pickles\ligand_85.pkl,0.964790940284729
ligand_0.pkl,ligand_850.pkl,0.0,0.0,0.0,d:\PBCNet2.0\case\proQ\pickles\ligand_0.pkl,d:\PBCNet2.0\case\proQ\pickles\ligand_850.pkl,0.9366416931152344
ligand_0.pkl,ligand_851.pkl,0.0,0.0,0.0,d:\PBCNet2.0\case\proQ\pickles\ligand_0.pkl,d:\PBCNet2.0\case\proQ\pickles\ligand_851.pkl,1.0533801317214966
ligand_0.pkl,ligand_852.pkl,0.0,0.0,0.0,d:\PBCNet2.0\case\proQ\pickles\ligand_0.pkl,d:\PBCNet2.0\case\proQ\pickles\ligand_852.pkl,0.9154289960861206
ligand_0.pkl,ligand_853.pkl,0.0,0.0,0.0,d:\PBCNet2.0\case\proQ\pickles\ligand_0.pkl,d:\PBCNet2.0\case\proQ\pickles\ligand_853.pkl,0.9688767194747925
ligand_0.pkl,ligand_854.pkl,0.0,0.0,0.0,d:\PBCNet2.0\case\proQ\pickles\ligand_0.pkl,d:\PBCNet2.0\case\proQ\pickles\ligand_854.pkl,0.8964226245880127
ligand_0.pkl,ligand_855.pkl,0.0,0.0,0.0,d:\PBCNet2.0\case\proQ\pickles\ligand_0.pkl,d:\PBCNet2.0\case\proQ\pickles\ligand_855.pkl,0.9074646234512329
ligand_0.pkl,ligand_856.pkl,0.0,0.0,0.0,d:\PBCNet2.0\case\proQ\pickles\ligand_0.pkl,d:\PBCNet2.0\case\proQ\pickles\ligand_856.pkl,1.0287625789642334
ligand_0.pkl,ligand_857.pkl,0.0,0.0,0.0,d:\PBCNet2.0\case\proQ\pickles\ligand_0.pkl,d:\PBCNet2.0\case\proQ\pickles\ligand_857.pkl,0.8925550580024719
ligand_0.pkl,ligand_858.pkl,0.0,0.0,0.0,d:\PBCNet2.0\case\proQ\pickles\ligand_0.pkl,d:\PBCNet2.0\case\proQ\pickles\ligand_858.pkl,0.8964254856109619
ligand_0.pkl,ligand_859.pkl,0.0,0.0,0.0,d:\PBCNet2.0\case\proQ\pickles\ligand_0.pkl,d:\PBCNet2.0\case\proQ\pickles\ligand_859.pkl,0.9129897356033325
ligand_0.pkl,ligand_86.pkl,0.0,0.0,0.0,d:\PBCNet2.0\case\proQ\pickles\ligand_0.pkl,d:\PBCNet2.0\case\proQ\pickles\ligand_86.pkl,0.9849013090133667
ligand_0.pkl,ligand_860.pkl,0.0,0.0,0.0,d:\PBCNet2.0\case\proQ\pickles\ligand_0.pkl,d:\PBCNet2.0\case\proQ\pickles\ligand_860.pkl,0.9338513612747192
ligand_0.pkl,ligand_861.pkl,0.0,0.0,0.0,d:\PBCNet2.0\case\proQ\pickles\ligand_0.pkl,d:\PBCNet2.0\case\proQ\pickles\ligand_861.pkl,0.7647892236709595
ligand_0.pkl,ligand_862.pkl,0.0,0.0,0.0,d:\PBCNet2.0\case\proQ\pickles\ligand_0.pkl,d:\PBCNet2.0\case\proQ\pickles\ligand_862.pkl,0.9508569240570068
ligand_0.pkl,ligand_863.pkl,0.0,0.0,0.0,d:\PBCNet2.0\case\proQ\pickles\ligand_0.pkl,d:\PBCNet2.0\case\proQ\pickles\ligand_863.pkl,1.003881573677063
ligand_0.pkl,ligand_864.pkl,0.0,0.0,0.0,d:\PBCNet2.0\case\proQ\pickles\ligand_0.pkl,d:\PBCNet2.0\case\proQ\pickles\ligand_864.pkl,0.9788774251937866
ligand_0.pkl,ligand_865.pkl,0.0,0.0,0.0,d:\PBCNet2.0\case\proQ\pickles\ligand_0.pkl,d:\PBCNet2.0\case\proQ\pickles\ligand_865.pkl,0.8801397085189819
ligand_0.pkl,ligand_866.pkl,0.0,0.0,0.0,d:\PBCNet2.0\case\proQ\pickles\ligand_0.pkl,d:\PBCNet2.0\case\proQ\pickles\ligand_866.pkl,0.9526211023330688
ligand_0.pkl,ligand_867.pkl,0.0,0.0,0.0,d:\PBCNet2.0\case\proQ\pickles\ligand_0.pkl,d:\PBCNet2.0\case\proQ\pickles\ligand_867.pkl,0.9875456094741821
ligand_0.pkl,ligand_868.pkl,0.0,0.0,0.0,d:\PBCNet2.0\case\proQ\pickles\ligand_0.pkl,d:\PBCNet2.0\case\proQ\pickles\ligand_868.pkl,0.9448045492172241
ligand_0.pkl,ligand_869.pkl,0.0,0.0,0.0,d:\PBCNet2.0\case\proQ\pickles\ligand_0.pkl,d:\PBCNet2.0\case\proQ\pickles\ligand_869.pkl,0.9117928743362427
ligand_0.pkl,ligand_87.pkl,0.0,0.0,0.0,d:\PBCNet2.0\case\proQ\pickles\ligand_0.pkl,d:\PBCNet2.0\case\proQ\pickles\ligand_87.pkl,0.9544583559036255
ligand_0.pkl,ligand_870.pkl,0.0,0.0,0.0,d:\PBCNet2.0\case\proQ\pickles\ligand_0.pkl,d:\PBCNet2.0\case\proQ\pickles\ligand_870.pkl,0.9704197645187378
ligand_0.pkl,ligand_871.pkl,0.0,0.0,0.0,d:\PBCNet2.0\case\proQ\pickles\ligand_0.pkl,d:\PBCNet2.0\case\proQ\pickles\ligand_871.pkl,0.8143988847732544
ligand_0.pkl,ligand_872.pkl,0.0,0.0,0.0,d:\PBCNet2.0\case\proQ\pickles\ligand_0.pkl,d:\PBCNet2.0\case\proQ\pickles\ligand_872.pkl,0.9186819791793823
ligand_0.pkl,ligand_873.pkl,0.0,0.0,0.0,d:\PBCNet2.0\case\proQ\pickles\ligand_0.pkl,d:\PBCNet2.0\case\proQ\pickles\ligand_873.pkl,0.8997961282730103
ligand_0.pkl,ligand_874.pkl,0.0,0.0,0.0,d:\PBCNet2.0\case\proQ\pickles\ligand_0.pkl,d:\PBCNet2.0\case\proQ\pickles\ligand_874.pkl,0.9917201995849609
ligand_0.pkl,ligand_875.pkl,0.0,0.0,0.0,d:\PBCNet2.0\case\proQ\pickles\ligand_0.pkl,d:\PBCNet2.0\case\proQ\pickles\ligand_875.pkl,0.9330664873123169
ligand_0.pkl,ligand_876.pkl,0.0,0.0,0.0,d:\PBCNet2.0\case\proQ\pickles\ligand_0.pkl,d:\PBCNet2.0\case\proQ\pickles\ligand_876.pkl,0.7878623008728027
ligand_0.pkl,ligand_877.pkl,0.0,0.0,0.0,d:\PBCNet2.0\case\proQ\pickles\ligand_0.pkl,d:\PBCNet2.0\case\proQ\pickles\ligand_877.pkl,1.0249029397964478
ligand_0.pkl,ligand_878.pkl,0.0,0.0,0.0,d:\PBCNet2.0\case\proQ\pickles\ligand_0.pkl,d:\PBCNet2.0\case\proQ\pickles\ligand_878.pkl,1.0073134899139404
ligand_0.pkl,ligand_879.pkl,0.0,0.0,0.0,d:\PBCNet2.0\case\proQ\pickles\ligand_0.pkl,d:\PBCNet2.0\case\proQ\pickles\ligand_879.pkl,0.9257477521896362
ligand_0.pkl,ligand_88.pkl,0.0,0.0,0.0,d:\PBCNet2.0\case\proQ\pickles\ligand_0.pkl,d:\PBCNet2.0\case\proQ\pickles\ligand_88.pkl,0.98273766040802
ligand_0.pkl,ligand_880.pkl,0.0,0.0,0.0,d:\PBCNet2.0\case\proQ\pickles\ligand_0.pkl,d:\PBCNet2.0\case\proQ\pickles\ligand_880.pkl,0.8829210996627808
ligand_0.pkl,ligand_881.pkl,0.0,0.0,0.0,d:\PBCNet2.0\case\proQ\pickles\ligand_0.pkl,d:\PBCNet2.0\case\proQ\pickles\ligand_881.pkl,0.9608607292175293
ligand_0.pkl,ligand_882.pkl,0.0,0.0,0.0,d:\PBCNet2.0\case\proQ\pickles\ligand_0.pkl,d:\PBCNet2.0\case\proQ\pickles\ligand_882.pkl,0.8841102123260498
ligand_0.pkl,ligand_883.pkl,0.0,0.0,0.0,d:\PBCNet2.0\case\proQ\pickles\ligand_0.pkl,d:\PBCNet2.0\case\proQ\pickles\ligand_883.pkl,0.9280972480773926
ligand_0.pkl,ligand_884.pkl,0.0,0.0,0.0,d:\PBCNet2.0\case\proQ\pickles\ligand_0.pkl,d:\PBCNet2.0\case\proQ\pickles\ligand_884.pkl,0.8148365616798401
ligand_0.pkl,ligand_885.pkl,0.0,0.0,0.0,d:\PBCNet2.0\case\proQ\pickles\ligand_0.pkl,d:\PBCNet2.0\case\proQ\pickles\ligand_885.pkl,0.9831064939498901
ligand_0.pkl,ligand_886.pkl,0.0,0.0,0.0,d:\PBCNet2.0\case\proQ\pickles\ligand_0.pkl,d:\PBCNet2.0\case\proQ\pickles\ligand_886.pkl,0.9309350252151489
ligand_0.pkl,ligand_887.pkl,0.0,0.0,0.0,d:\PBCNet2.0\case\proQ\pickles\ligand_0.pkl,d:\PBCNet2.0\case\proQ\pickles\ligand_887.pkl,0.9783037900924683
ligand_0.pkl,ligand_888.pkl,0.0,0.0,0.0,d:\PBCNet2.0\case\proQ\pickles\ligand_0.pkl,d:\PBCNet2.0\case\proQ\pickles\ligand_888.pkl,0.9446910619735718
ligand_0.pkl,ligand_889.pkl,0.0,0.0,0.0,d:\PBCNet2.0\case\proQ\pickles\ligand_0.pkl,d:\PBCNet2.0\case\proQ\pickles\ligand_889.pkl,0.9333978891372681
ligand_0.pkl,ligand_89.pkl,0.0,0.0,0.0,d:\PBCNet2.0\case\proQ\pickles\ligand_0.pkl,d:\PBCNet2.0\case\proQ\pickles\ligand_89.pkl,0.8713032603263855
ligand_0.pkl,ligand_890.pkl,0.0,0.0,0.0,d:\PBCNet2.0\case\proQ\pickles\ligand_0.pkl,d:\PBCNet2.0\case\proQ\pickles\ligand_890.pkl,0.8780842423439026
ligand_0.pkl,ligand_891.pkl,0.0,0.0,0.0,d:\PBCNet2.0\case\proQ\pickles\ligand_0.pkl,d:\PBCNet2.0\case\proQ\pickles\ligand_891.pkl,0.9299392700195312
ligand_0.pkl,ligand_892.pkl,0.0,0.0,0.0,d:\PBCNet2.0\case\proQ\pickles\ligand_0.pkl,d:\PBCNet2.0\case\proQ\pickles\ligand_892.pkl,0.878380537033081
ligand_0.pkl,ligand_893.pkl,0.0,0.0,0.0,d:\PBCNet2.0\case\proQ\pickles\ligand_0.pkl,d:\PBCNet2.0\case\proQ\pickles\ligand_893.pkl,0.9682129621505737
ligand_0.pkl,ligand_894.pkl,0.0,0.0,0.0,d:\PBCNet2.0\case\proQ\pickles\ligand_0.pkl,d:\PBCNet2.0\case\proQ\pickles\ligand_894.pkl,0.8962212800979614
ligand_0.pkl,ligand_895.pkl,0.0,0.0,0.0,d:\PBCNet2.0\case\proQ\pickles\ligand_0.pkl,d:\PBCNet2.0\case\proQ\pickles\ligand_895.pkl,1.0799561738967896
ligand_0.pkl,ligand_896.pkl,0.0,0.0,0.0,d:\PBCNet2.0\case\proQ\pickles\ligand_0.pkl,d:\PBCNet2.0\case\proQ\pickles\ligand_896.pkl,0.8823292851448059
ligand_0.pkl,ligand_897.pkl,0.0,0.0,0.0,d:\PBCNet2.0\case\proQ\pickles\ligand_0.pkl,d:\PBCNet2.0\case\proQ\pickles\ligand_897.pkl,0.8162532448768616
ligand_0.pkl,ligand_898.pkl,0.0,0.0,0.0,d:\PBCNet2.0\case\proQ\pickles\ligand_0.pkl,d:\PBCNet2.0\case\proQ\pickles\ligand_898.pkl,0.8937976360321045
ligand_0.pkl,ligand_899.pkl,0.0,0.0,0.0,d:\PBCNet2.0\case\proQ\pickles\ligand_0.pkl,d:\PBCNet2.0\case\proQ\pickles\ligand_899.pkl,0.9890447854995728
ligand_0.pkl,ligand_9.pkl,0.0,0.0,0.0,d:\PBCNet2.0\case\proQ\pickles\ligand_0.pkl,d:\PBCNet2.0\case\proQ\pickles\ligand_9.pkl,0.5281589031219482
ligand_0.pkl,ligand_90.pkl,0.0,0.0,0.0,d:\PBCNet2.0\case\proQ\pickles\ligand_0.pkl,d:\PBCNet2.0\case\proQ\pickles\ligand_90.pkl,1.0043566226959229
ligand_0.pkl,ligand_900.pkl,0.0,0.0,0.0,d:\PBCNet2.0\case\proQ\pickles\ligand_0.pkl,d:\PBCNet2.0\case\proQ\pickles\ligand_900.pkl,0.8265459537506104
ligand_0.pkl,ligand_901.pkl,0.0,0.0,0.0,d:\PBCNet2.0\case\proQ\pickles\ligand_0.pkl,d:\PBCNet2.0\case\proQ\pickles\ligand_901.pkl,0.921094536781311
ligand_0.pkl,ligand_902.pkl,0.0,0.0,0.0,d:\PBCNet2.0\case\proQ\pickles\ligand_0.pkl,d:\PBCNet2.0\case\proQ\pickles\ligand_902.pkl,0.9076625108718872
ligand_0.pkl,ligand_903.pkl,0.0,0.0,0.0,d:\PBCNet2.0\case\proQ\pickles\ligand_0.pkl,d:\PBCNet2.0\case\proQ\pickles\ligand_903.pkl,0.8232957124710083
ligand_0.pkl,ligand_904.pkl,0.0,0.0,0.0,d:\PBCNet2.0\case\proQ\pickles\ligand_0.pkl,d:\PBCNet2.0\case\proQ\pickles\ligand_904.pkl,1.0168839693069458
ligand_0.pkl,ligand_905.pkl,0.0,0.0,0.0,d:\PBCNet2.0\case\proQ\pickles\ligand_0.pkl,d:\PBCNet2.0\case\proQ\pickles\ligand_905.pkl,0.9796301126480103
ligand_0.pkl,ligand_906.pkl,0.0,0.0,0.0,d:\PBCNet2.0\case\proQ\pickles\ligand_0.pkl,d:\PBCNet2.0\case\proQ\pickles\ligand_906.pkl,0.9128389358520508
ligand_0.pkl,ligand_907.pkl,0.0,0.0,0.0,d:\PBCNet2.0\case\proQ\pickles\ligand_0.pkl,d:\PBCNet2.0\case\proQ\pickles\ligand_907.pkl,0.9288231134414673
ligand_0.pkl,ligand_908.pkl,0.0,0.0,0.0,d:\PBCNet2.0\case\proQ\pickles\ligand_0.pkl,d:\PBCNet2.0\case\proQ\pickles\ligand_908.pkl,0.8271348476409912
ligand_0.pkl,ligand_909.pkl,0.0,0.0,0.0,d:\PBCNet2.0\case\proQ\pickles\ligand_0.pkl,d:\PBCNet2.0\case\proQ\pickles\ligand_909.pkl,0.8343349099159241
ligand_0.pkl,ligand_91.pkl,0.0,0.0,0.0,d:\PBCNet2.0\case\proQ\pickles\ligand_0.pkl,d:\PBCNet2.0\case\proQ\pickles\ligand_91.pkl,0.9062254428863525
ligand_0.pkl,ligand_910.pkl,0.0,0.0,0.0,d:\PBCNet2.0\case\proQ\pickles\ligand_0.pkl,d:\PBCNet2.0\case\proQ\pickles\ligand_910.pkl,0.9005609750747681
ligand_0.pkl,ligand_911.pkl,0.0,0.0,0.0,d:\PBCNet2.0\case\proQ\pickles\ligand_0.pkl,d:\PBCNet2.0\case\proQ\pickles\ligand_911.pkl,0.8590958714485168
ligand_0.pkl,ligand_912.pkl,0.0,0.0,0.0,d:\PBCNet2.0\case\proQ\pickles\ligand_0.pkl,d:\PBCNet2.0\case\proQ\pickles\ligand_912.pkl,0.7928922176361084
ligand_0.pkl,ligand_913.pkl,0.0,0.0,0.0,d:\PBCNet2.0\case\proQ\pickles\ligand_0.pkl,d:\PBCNet2.0\case\proQ\pickles\ligand_913.pkl,0.9401482343673706
ligand_0.pkl,ligand_914.pkl,0.0,0.0,0.0,d:\PBCNet2.0\case\proQ\pickles\ligand_0.pkl,d:\PBCNet2.0\case\proQ\pickles\ligand_914.pkl,0.9842191934585571
ligand_0.pkl,ligand_915.pkl,0.0,0.0,0.0,d:\PBCNet2.0\case\proQ\pickles\ligand_0.pkl,d:\PBCNet2.0\case\proQ\pickles\ligand_915.pkl,0.8616671562194824
ligand_0.pkl,ligand_916.pkl,0.0,0.0,0.0,d:\PBCNet2.0\case\proQ\pickles\ligand_0.pkl,d:\PBCNet2.0\case\proQ\pickles\ligand_916.pkl,0.8617361783981323
ligand_0.pkl,ligand_917.pkl,0.0,0.0,0.0,d:\PBCNet2.0\case\proQ\pickles\ligand_0.pkl,d:\PBCNet2.0\case\proQ\pickles\ligand_917.pkl,0.8843240737915039
ligand_0.pkl,ligand_918.pkl,0.0,0.0,0.0,d:\PBCNet2.0\case\proQ\pickles\ligand_0.pkl,d:\PBCNet2.0\case\proQ\pickles\ligand_918.pkl,0.9839788675308228
ligand_0.pkl,ligand_919.pkl,0.0,0.0,0.0,d:\PBCNet2.0\case\proQ\pickles\ligand_0.pkl,d:\PBCNet2.0\case\proQ\pickles\ligand_919.pkl,0.5637258291244507
ligand_0.pkl,ligand_92.pkl,0.0,0.0,0.0,d:\PBCNet2.0\case\proQ\pickles\ligand_0.pkl,d:\PBCNet2.0\case\proQ\pickles\ligand_92.pkl,0.8960304260253906
ligand_0.pkl,ligand_920.pkl,0.0,0.0,0.0,d:\PBCNet2.0\case\proQ\pickles\ligand_0.pkl,d:\PBCNet2.0\case\proQ\pickles\ligand_920.pkl,0.9423836469650269
ligand_0.pkl,ligand_921.pkl,0.0,0.0,0.0,d:\PBCNet2.0\case\proQ\pickles\ligand_0.pkl,d:\PBCNet2.0\case\proQ\pickles\ligand_921.pkl,0.9427354335784912
ligand_0.pkl,ligand_922.pkl,0.0,0.0,0.0,d:\PBCNet2.0\case\proQ\pickles\ligand_0.pkl,d:\PBCNet2.0\case\proQ\pickles\ligand_922.pkl,0.8486721515655518
ligand_0.pkl,ligand_923.pkl,0.0,0.0,0.0,d:\PBCNet2.0\case\proQ\pickles\ligand_0.pkl,d:\PBCNet2.0\case\proQ\pickles\ligand_923.pkl,0.9859036207199097
ligand_0.pkl,ligand_924.pkl,0.0,0.0,0.0,d:\PBCNet2.0\case\proQ\pickles\ligand_0.pkl,d:\PBCNet2.0\case\proQ\pickles\ligand_924.pkl,0.949959397315979
ligand_0.pkl,ligand_925.pkl,0.0,0.0,0.0,d:\PBCNet2.0\case\proQ\pickles\ligand_0.pkl,d:\PBCNet2.0\case\proQ\pickles\ligand_925.pkl,0.9499768018722534
ligand_0.pkl,ligand_926.pkl,0.0,0.0,0.0,d:\PBCNet2.0\case\proQ\pickles\ligand_0.pkl,d:\PBCNet2.0\case\proQ\pickles\ligand_926.pkl,0.9280058145523071
ligand_0.pkl,ligand_927.pkl,0.0,0.0,0.0,d:\PBCNet2.0\case\proQ\pickles\ligand_0.pkl,d:\PBCNet2.0\case\proQ\pickles\ligand_927.pkl,0.9408849477767944
ligand_0.pkl,ligand_928.pkl,0.0,0.0,0.0,d:\PBCNet2.0\case\proQ\pickles\ligand_0.pkl,d:\PBCNet2.0\case\proQ\pickles\ligand_928.pkl,0.8493125438690186
ligand_0.pkl,ligand_929.pkl,0.0,0.0,0.0,d:\PBCNet2.0\case\proQ\pickles\ligand_0.pkl,d:\PBCNet2.0\case\proQ\pickles\ligand_929.pkl,0.9434542655944824
ligand_0.pkl,ligand_93.pkl,0.0,0.0,0.0,d:\PBCNet2.0\case\proQ\pickles\ligand_0.pkl,d:\PBCNet2.0\case\proQ\pickles\ligand_93.pkl,0.9827269315719604
ligand_0.pkl,ligand_930.pkl,0.0,0.0,0.0,d:\PBCNet2.0\case\proQ\pickles\ligand_0.pkl,d:\PBCNet2.0\case\proQ\pickles\ligand_930.pkl,0.979667067527771
ligand_0.pkl,ligand_931.pkl,0.0,0.0,0.0,d:\PBCNet2.0\case\proQ\pickles\ligand_0.pkl,d:\PBCNet2.0\case\proQ\pickles\ligand_931.pkl,1.0261213779449463
ligand_0.pkl,ligand_932.pkl,0.0,0.0,0.0,d:\PBCNet2.0\case\proQ\pickles\ligand_0.pkl,d:\PBCNet2.0\case\proQ\pickles\ligand_932.pkl,0.8751804828643799
ligand_0.pkl,ligand_933.pkl,0.0,0.0,0.0,d:\PBCNet2.0\case\proQ\pickles\ligand_0.pkl,d:\PBCNet2.0\case\proQ\pickles\ligand_933.pkl,0.6950098276138306
ligand_0.pkl,ligand_934.pkl,0.0,0.0,0.0,d:\PBCNet2.0\case\proQ\pickles\ligand_0.pkl,d:\PBCNet2.0\case\proQ\pickles\ligand_934.pkl,0.942388653755188
ligand_0.pkl,ligand_935.pkl,0.0,0.0,0.0,d:\PBCNet2.0\case\proQ\pickles\ligand_0.pkl,d:\PBCNet2.0\case\proQ\pickles\ligand_935.pkl,0.9558850526809692
ligand_0.pkl,ligand_936.pkl,0.0,0.0,0.0,d:\PBCNet2.0\case\proQ\pickles\ligand_0.pkl,d:\PBCNet2.0\case\proQ\pickles\ligand_936.pkl,0.896161675453186
ligand_0.pkl,ligand_937.pkl,0.0,0.0,0.0,d:\PBCNet2.0\case\proQ\pickles\ligand_0.pkl,d:\PBCNet2.0\case\proQ\pickles\ligand_937.pkl,0.9251693487167358
ligand_0.pkl,ligand_938.pkl,0.0,0.0,0.0,d:\PBCNet2.0\case\proQ\pickles\ligand_0.pkl,d:\PBCNet2.0\case\proQ\pickles\ligand_938.pkl,0.8789085149765015
ligand_0.pkl,ligand_939.pkl,0.0,0.0,0.0,d:\PBCNet2.0\case\proQ\pickles\ligand_0.pkl,d:\PBCNet2.0\case\proQ\pickles\ligand_939.pkl,0.9302443265914917
ligand_0.pkl,ligand_94.pkl,0.0,0.0,0.0,d:\PBCNet2.0\case\proQ\pickles\ligand_0.pkl,d:\PBCNet2.0\case\proQ\pickles\ligand_94.pkl,0.9094065427780151
ligand_0.pkl,ligand_940.pkl,0.0,0.0,0.0,d:\PBCNet2.0\case\proQ\pickles\ligand_0.pkl,d:\PBCNet2.0\case\proQ\pickles\ligand_940.pkl,0.8126493096351624
ligand_0.pkl,ligand_941.pkl,0.0,0.0,0.0,d:\PBCNet2.0\case\proQ\pickles\ligand_0.pkl,d:\PBCNet2.0\case\proQ\pickles\ligand_941.pkl,0.9039486646652222
ligand_0.pkl,ligand_942.pkl,0.0,0.0,0.0,d:\PBCNet2.0\case\proQ\pickles\ligand_0.pkl,d:\PBCNet2.0\case\proQ\pickles\ligand_942.pkl,0.9180022478103638
ligand_0.pkl,ligand_943.pkl,0.0,0.0,0.0,d:\PBCNet2.0\case\proQ\pickles\ligand_0.pkl,d:\PBCNet2.0\case\proQ\pickles\ligand_943.pkl,0.907485842704773
ligand_0.pkl,ligand_944.pkl,0.0,0.0,0.0,d:\PBCNet2.0\case\proQ\pickles\ligand_0.pkl,d:\PBCNet2.0\case\proQ\pickles\ligand_944.pkl,0.9112107753753662
ligand_0.pkl,ligand_945.pkl,0.0,0.0,0.0,d:\PBCNet2.0\case\proQ\pickles\ligand_0.pkl,d:\PBCNet2.0\case\proQ\pickles\ligand_945.pkl,0.8294587135314941
ligand_0.pkl,ligand_946.pkl,0.0,0.0,0.0,d:\PBCNet2.0\case\proQ\pickles\ligand_0.pkl,d:\PBCNet2.0\case\proQ\pickles\ligand_946.pkl,0.9304952621459961
ligand_0.pkl,ligand_947.pkl,0.0,0.0,0.0,d:\PBCNet2.0\case\proQ\pickles\ligand_0.pkl,d:\PBCNet2.0\case\proQ\pickles\ligand_947.pkl,0.8356226682662964
ligand_0.pkl,ligand_948.pkl,0.0,0.0,0.0,d:\PBCNet2.0\case\proQ\pickles\ligand_0.pkl,d:\PBCNet2.0\case\proQ\pickles\ligand_948.pkl,0.935179591178894
ligand_0.pkl,ligand_949.pkl,0.0,0.0,0.0,d:\PBCNet2.0\case\proQ\pickles\ligand_0.pkl,d:\PBCNet2.0\case\proQ\pickles\ligand_949.pkl,0.6981590986251831
ligand_0.pkl,ligand_95.pkl,0.0,0.0,0.0,d:\PBCNet2.0\case\proQ\pickles\ligand_0.pkl,d:\PBCNet2.0\case\proQ\pickles\ligand_95.pkl,0.9564110040664673
ligand_0.pkl,ligand_950.pkl,0.0,0.0,0.0,d:\PBCNet2.0\case\proQ\pickles\ligand_0.pkl,d:\PBCNet2.0\case\proQ\pickles\ligand_950.pkl,0.8185482025146484
ligand_0.pkl,ligand_951.pkl,0.0,0.0,0.0,d:\PBCNet2.0\case\proQ\pickles\ligand_0.pkl,d:\PBCNet2.0\case\proQ\pickles\ligand_951.pkl,0.8905036449432373
ligand_0.pkl,ligand_952.pkl,0.0,0.0,0.0,d:\PBCNet2.0\case\proQ\pickles\ligand_0.pkl,d:\PBCNet2.0\case\proQ\pickles\ligand_952.pkl,0.8631842732429504
ligand_0.pkl,ligand_953.pkl,0.0,0.0,0.0,d:\PBCNet2.0\case\proQ\pickles\ligand_0.pkl,d:\PBCNet2.0\case\proQ\pickles\ligand_953.pkl,0.8048371076583862
ligand_0.pkl,ligand_954.pkl,0.0,0.0,0.0,d:\PBCNet2.0\case\proQ\pickles\ligand_0.pkl,d:\PBCNet2.0\case\proQ\pickles\ligand_954.pkl,0.7572067975997925
ligand_0.pkl,ligand_955.pkl,0.0,0.0,0.0,d:\PBCNet2.0\case\proQ\pickles\ligand_0.pkl,d:\PBCNet2.0\case\proQ\pickles\ligand_955.pkl,0.8692158460617065
ligand_0.pkl,ligand_956.pkl,0.0,0.0,0.0,d:\PBCNet2.0\case\proQ\pickles\ligand_0.pkl,d:\PBCNet2.0\case\proQ\pickles\ligand_956.pkl,0.8743407726287842
ligand_0.pkl,ligand_957.pkl,0.0,0.0,0.0,d:\PBCNet2.0\case\proQ\pickles\ligand_0.pkl,d:\PBCNet2.0\case\proQ\pickles\ligand_957.pkl,0.882402777671814
ligand_0.pkl,ligand_958.pkl,0.0,0.0,0.0,d:\PBCNet2.0\case\proQ\pickles\ligand_0.pkl,d:\PBCNet2.0\case\proQ\pickles\ligand_958.pkl,0.9592424631118774
ligand_0.pkl,ligand_959.pkl,0.0,0.0,0.0,d:\PBCNet2.0\case\proQ\pickles\ligand_0.pkl,d:\PBCNet2.0\case\proQ\pickles\ligand_959.pkl,0.9405511617660522
ligand_0.pkl,ligand_96.pkl,0.0,0.0,0.0,d:\PBCNet2.0\case\proQ\pickles\ligand_0.pkl,d:\PBCNet2.0\case\proQ\pickles\ligand_96.pkl,1.0359680652618408
ligand_0.pkl,ligand_960.pkl,0.0,0.0,0.0,d:\PBCNet2.0\case\proQ\pickles\ligand_0.pkl,d:\PBCNet2.0\case\proQ\pickles\ligand_960.pkl,1.1346982717514038
ligand_0.pkl,ligand_961.pkl,0.0,0.0,0.0,d:\PBCNet2.0\case\proQ\pickles\ligand_0.pkl,d:\PBCNet2.0\case\proQ\pickles\ligand_961.pkl,0.8501582145690918
ligand_0.pkl,ligand_962.pkl,0.0,0.0,0.0,d:\PBCNet2.0\case\proQ\pickles\ligand_0.pkl,d:\PBCNet2.0\case\proQ\pickles\ligand_962.pkl,0.9011636972427368
ligand_0.pkl,ligand_963.pkl,0.0,0.0,0.0,d:\PBCNet2.0\case\proQ\pickles\ligand_0.pkl,d:\PBCNet2.0\case\proQ\pickles\ligand_963.pkl,0.9319720268249512
ligand_0.pkl,ligand_964.pkl,0.0,0.0,0.0,d:\PBCNet2.0\case\proQ\pickles\ligand_0.pkl,d:\PBCNet2.0\case\proQ\pickles\ligand_964.pkl,0.8028348088264465
ligand_0.pkl,ligand_965.pkl,0.0,0.0,0.0,d:\PBCNet2.0\case\proQ\pickles\ligand_0.pkl,d:\PBCNet2.0\case\proQ\pickles\ligand_965.pkl,0.8958673477172852
ligand_0.pkl,ligand_966.pkl,0.0,0.0,0.0,d:\PBCNet2.0\case\proQ\pickles\ligand_0.pkl,d:\PBCNet2.0\case\proQ\pickles\ligand_966.pkl,0.9815183877944946
ligand_0.pkl,ligand_967.pkl,0.0,0.0,0.0,d:\PBCNet2.0\case\proQ\pickles\ligand_0.pkl,d:\PBCNet2.0\case\proQ\pickles\ligand_967.pkl,0.9880024194717407
ligand_0.pkl,ligand_968.pkl,0.0,0.0,0.0,d:\PBCNet2.0\case\proQ\pickles\ligand_0.pkl,d:\PBCNet2.0\case\proQ\pickles\ligand_968.pkl,1.020908236503601
ligand_0.pkl,ligand_969.pkl,0.0,0.0,0.0,d:\PBCNet2.0\case\proQ\pickles\ligand_0.pkl,d:\PBCNet2.0\case\proQ\pickles\ligand_969.pkl,0.8988872766494751
ligand_0.pkl,ligand_97.pkl,0.0,0.0,0.0,d:\PBCNet2.0\case\proQ\pickles\ligand_0.pkl,d:\PBCNet2.0\case\proQ\pickles\ligand_97.pkl,0.8703598976135254
ligand_0.pkl,ligand_970.pkl,0.0,0.0,0.0,d:\PBCNet2.0\case\proQ\pickles\ligand_0.pkl,d:\PBCNet2.0\case\proQ\pickles\ligand_970.pkl,0.9449013471603394
ligand_0.pkl,ligand_971.pkl,0.0,0.0,0.0,d:\PBCNet2.0\case\proQ\pickles\ligand_0.pkl,d:\PBCNet2.0\case\proQ\pickles\ligand_971.pkl,0.9921083450317383
ligand_0.pkl,ligand_972.pkl,0.0,0.0,0.0,d:\PBCNet2.0\case\proQ\pickles\ligand_0.pkl,d:\PBCNet2.0\case\proQ\pickles\ligand_972.pkl,1.2333883047103882
ligand_0.pkl,ligand_973.pkl,0.0,0.0,0.0,d:\PBCNet2.0\case\proQ\pickles\ligand_0.pkl,d:\PBCNet2.0\case\proQ\pickles\ligand_973.pkl,0.9679563045501709
ligand_0.pkl,ligand_974.pkl,0.0,0.0,0.0,d:\PBCNet2.0\case\proQ\pickles\ligand_0.pkl,d:\PBCNet2.0\case\proQ\pickles\ligand_974.pkl,0.910598874092102
ligand_0.pkl,ligand_975.pkl,0.0,0.0,0.0,d:\PBCNet2.0\case\proQ\pickles\ligand_0.pkl,d:\PBCNet2.0\case\proQ\pickles\ligand_975.pkl,0.8169932961463928
ligand_0.pkl,ligand_976.pkl,0.0,0.0,0.0,d:\PBCNet2.0\case\proQ\pickles\ligand_0.pkl,d:\PBCNet2.0\case\proQ\pickles\ligand_976.pkl,0.8771467804908752
ligand_0.pkl,ligand_977.pkl,0.0,0.0,0.0,d:\PBCNet2.0\case\proQ\pickles\ligand_0.pkl,d:\PBCNet2.0\case\proQ\pickles\ligand_977.pkl,0.9299510717391968
ligand_0.pkl,ligand_978.pkl,0.0,0.0,0.0,d:\PBCNet2.0\case\proQ\pickles\ligand_0.pkl,d:\PBCNet2.0\case\proQ\pickles\ligand_978.pkl,0.6867960691452026
ligand_0.pkl,ligand_979.pkl,0.0,0.0,0.0,d:\PBCNet2.0\case\proQ\pickles\ligand_0.pkl,d:\PBCNet2.0\case\proQ\pickles\ligand_979.pkl,0.8672863245010376
ligand_0.pkl,ligand_98.pkl,0.0,0.0,0.0,d:\PBCNet2.0\case\proQ\pickles\ligand_0.pkl,d:\PBCNet2.0\case\proQ\pickles\ligand_98.pkl,0.8822612166404724
ligand_0.pkl,ligand_980.pkl,0.0,0.0,0.0,d:\PBCNet2.0\case\proQ\pickles\ligand_0.pkl,d:\PBCNet2.0\case\proQ\pickles\ligand_980.pkl,1.0045820474624634
ligand_0.pkl,ligand_981.pkl,0.0,0.0,0.0,d:\PBCNet2.0\case\proQ\pickles\ligand_0.pkl,d:\PBCNet2.0\case\proQ\pickles\ligand_981.pkl,0.8896223306655884
ligand_0.pkl,ligand_982.pkl,0.0,0.0,0.0,d:\PBCNet2.0\case\proQ\pickles\ligand_0.pkl,d:\PBCNet2.0\case\proQ\pickles\ligand_982.pkl,0.991803765296936
ligand_0.pkl,ligand_983.pkl,0.0,0.0,0.0,d:\PBCNet2.0\case\proQ\pickles\ligand_0.pkl,d:\PBCNet2.0\case\proQ\pickles\ligand_983.pkl,0.7975828647613525
ligand_0.pkl,ligand_984.pkl,0.0,0.0,0.0,d:\PBCNet2.0\case\proQ\pickles\ligand_0.pkl,d:\PBCNet2.0\case\proQ\pickles\ligand_984.pkl,0.8683031797409058
ligand_0.pkl,ligand_985.pkl,0.0,0.0,0.0,d:\PBCNet2.0\case\proQ\pickles\ligand_0.pkl,d:\PBCNet2.0\case\proQ\pickles\ligand_985.pkl,0.9041039943695068
ligand_0.pkl,ligand_986.pkl,0.0,0.0,0.0,d:\PBCNet2.0\case\proQ\pickles\ligand_0.pkl,d:\PBCNet2.0\case\proQ\pickles\ligand_986.pkl,0.9950171709060669
ligand_0.pkl,ligand_987.pkl,0.0,0.0,0.0,d:\PBCNet2.0\case\proQ\pickles\ligand_0.pkl,d:\PBCNet2.0\case\proQ\pickles\ligand_987.pkl,0.8156046867370605
ligand_0.pkl,ligand_988.pkl,0.0,0.0,0.0,d:\PBCNet2.0\case\proQ\pickles\ligand_0.pkl,d:\PBCNet2.0\case\proQ\pickles\ligand_988.pkl,0.8224278688430786
ligand_0.pkl,ligand_989.pkl,0.0,0.0,0.0,d:\PBCNet2.0\case\proQ\pickles\ligand_0.pkl,d:\PBCNet2.0\case\proQ\pickles\ligand_989.pkl,1.0315475463867188
ligand_0.pkl,ligand_99.pkl,0.0,0.0,0.0,d:\PBCNet2.0\case\proQ\pickles\ligand_0.pkl,d:\PBCNet2.0\case\proQ\pickles\ligand_99.pkl,0.9925359487533569
ligand_0.pkl,ligand_990.pkl,0.0,0.0,0.0,d:\PBCNet2.0\case\proQ\pickles\ligand_0.pkl,d:\PBCNet2.0\case\proQ\pickles\ligand_990.pkl,0.9255019426345825
ligand_0.pkl,ligand_991.pkl,0.0,0.0,0.0,d:\PBCNet2.0\case\proQ\pickles\ligand_0.pkl,d:\PBCNet2.0\case\proQ\pickles\ligand_991.pkl,0.8330804109573364
ligand_0.pkl,ligand_992.pkl,0.0,0.0,0.0,d:\PBCNet2.0\case\proQ\pickles\ligand_0.pkl,d:\PBCNet2.0\case\proQ\pickles\ligand_992.pkl,0.9630409479141235
ligand_0.pkl,ligand_993.pkl,0.0,0.0,0.0,d:\PBCNet2.0\case\proQ\pickles\ligand_0.pkl,d:\PBCNet2.0\case\proQ\pickles\ligand_993.pkl,0.9727777242660522
ligand_0.pkl,ligand_994.pkl,0.0,0.0,0.0,d:\PBCNet2.0\case\proQ\pickles\ligand_0.pkl,d:\PBCNet2.0\case\proQ\pickles\ligand_994.pkl,0.9461802244186401
ligand_0.pkl,ligand_995.pkl,0.0,0.0,0.0,d:\PBCNet2.0\case\proQ\pickles\ligand_0.pkl,d:\PBCNet2.0\case\proQ\pickles\ligand_995.pkl,0.9038174152374268
ligand_0.pkl,ligand_996.pkl,0.0,0.0,0.0,d:\PBCNet2.0\case\proQ\pickles\ligand_0.pkl,d:\PBCNet2.0\case\proQ\pickles\ligand_996.pkl,0.9485315084457397
ligand_0.pkl,ligand_997.pkl,0.0,0.0,0.0,d:\PBCNet2.0\case\proQ\pickles\ligand_0.pkl,d:\PBCNet2.0\case\proQ\pickles\ligand_997.pkl,0.8183958530426025
ligand_0.pkl,ligand_998.pkl,0.0,0.0,0.0,d:\PBCNet2.0\case\proQ\pickles\ligand_0.pkl,d:\PBCNet2.0\case\proQ\pickles\ligand_998.pkl,0.9762047529220581
ligand_0.pkl,ligand_999.pkl,0.0,0.0,0.0,d:\PBCNet2.0\case\proQ\pickles\ligand_0.pkl,d:\PBCNet2.0\case\proQ\pickles\ligand_999.pkl,0.9353580474853516
